ph,Hardness,Solids,Chloramines,Sulfate,Conductivity,Organic_carbon,Trihalomethanes,Turbidity,Potability,Тип_воды_Нейтральный,Тип_воды_Щелочной
0.5026251502738249,0.5711390082822001,0.3360964634654397,0.5438913403667129,0.6803852067559714,0.6694394775245862,0.3134016505013297,0.6997531312286738,0.28609101543422966,0,True,False
0.26543429109907074,0.29740043423437834,0.3006114187901571,0.4918392081300978,0.5816987273307171,0.7194110818538586,0.4973185102052591,0.45099930460740234,0.576792640374817,0,False,False
0.5785088706641713,0.6413108084150347,0.3216188491108815,0.6985427477647036,0.5816987273307171,0.41465206426707074,0.5620167405958227,0.532865704854405,0.3036365569416086,0,True,False
0.5940547060153343,0.6055358664220307,0.3562437946769182,0.6033136890362849,0.6473474415473474,0.3178804651334762,0.6220890611300116,0.8080647268832248,0.6010154163049884,0,True,False
0.6494445325922119,0.48485088154942924,0.28992168690324754,0.48490019367576825,0.5145453712144609,0.3793367078068793,0.35855476794813795,0.2536060807663735,0.49632736347703416,0,False,True
0.3988633313182921,0.5110098362288946,0.4667459175782172,0.5630425666363718,0.5615373753170178,0.1730919426231725,0.23753772567635112,0.43955040354687136,0.20981437465617725,0,False,False
0.7302758688949124,0.7277677091469463,0.46676280918498575,0.5605799190474601,0.7518191989805303,0.17865925610910732,0.44404962902375056,0.6803845156984598,0.23123250840135734,0,False,True
0.6168463370357667,0.5655932075815421,0.2192081832012367,0.3296288599295266,0.49515510927530304,0.5125808282494884,0.3894182643182089,0.5034828979160256,0.5580307648790851,0,False,True
0.5026251502738249,0.2595526133883169,0.22928091064893688,0.5833403955438821,0.39668973084688175,0.3635369221350641,0.4025306118259737,0.43152671356551275,0.40556195518200316,0,True,False
0.7985917479086853,0.6521751419626777,0.4131524182898638,0.6829902165882106,0.7813002665972875,0.6686994825422143,0.6025979467925294,0.5779445492708145,0.5521954881178855,0,False,True
0.5257600075598756,0.4283359591846285,0.5275594870156438,0.5634990925013005,0.5613839527180128,0.42650325140240203,0.5129046144840278,0.6328147820439777,0.41828167571421,0,True,False
0.5696086892088479,0.6212051872693674,0.3028706092044403,0.6073099413795596,0.5816987273307171,0.31933486996633903,0.47225079301123407,0.6145276823323615,0.4843482904783109,0,True,False
0.5085588845903252,0.3963589561553913,0.302265695481855,0.25471906774995845,0.43559858729760403,0.29068583751025473,0.5260358585756973,0.6389866977411887,0.3773409384235013,0,True,False
0.5026251502738249,0.3726728501194674,0.44347530580879824,0.5077278646330731,0.48409360114375255,0.34672555201517735,0.6578853326142575,0.6147230738423706,0.5604035135138782,0,True,False
0.535445157712383,0.5727876839305645,0.4608239829295454,0.3695152856235327,0.5816987273307171,0.4601862700577369,0.42254065514270234,0.5643443449475455,0.6291136958263145,0,True,False
0.4533765543242369,0.5052771957857903,0.6689673043597196,0.7262306282959361,0.668940878851297,0.5862627093705883,0.3578460226643458,0.603053798304731,0.5532895236702396,0,True,False
0.503698985715489,0.59347897675865,0.5033909732708612,0.7626454803648867,0.5816987273307171,0.2337246500938564,0.6972039019433891,0.4536159058736131,0.532885017490298,0,True,False
0.6558257147965384,0.8211402821257089,0.3894572781285912,0.5129541860250565,0.7651337254560615,0.518468639250468,0.4286337463687949,0.5737320683824015,0.5773607101870147,0,False,True
0.641104596252426,0.8412473585381238,0.3142445061491364,0.4581073079367885,0.5816987273307171,0.4371012693047516,0.4095309982491951,0.5117817096644867,0.18644083764516414,0,False,True
0.5265035930306808,0.6059828013041966,0.4155464507229997,0.3194261675438061,0.5873194368584174,0.5043740944804687,0.3949871241570383,0.5034745270453282,0.2099261008914567,0,True,False
0.5026251502738249,0.6529135714897639,0.3609584168536767,0.7813634354770005,0.5816987273307171,0.6528469784257211,0.5414441870764161,0.3621944733808548,0.5073591687614235,0,True,False
0.4757294304370074,0.4383578299570474,0.5027960065223681,0.4310582489665426,0.5168040404838902,0.5983776139814379,0.6009285514545903,0.619041700213369,0.4348083269237318,0,True,False
0.5026251502738249,0.611355638495378,0.27560850780447177,0.4113550256819667,0.5622918972258307,0.44551628963931816,0.45935104238021873,0.4796082801362453,0.7580357262296711,0,True,False
0.27874826327964974,0.5421675155910248,0.3422728591102874,0.5201026682034261,0.5816987273307171,0.45989516706741823,0.5520702358540198,0.7256386873873959,0.582061390872927,0,False,False
0.38573584148067624,0.3384467530836571,0.2782251388925495,0.7596753412159293,0.5663093399846552,0.5095493605720893,0.3469877841727771,0.45588994536642424,0.638076458643888,0,False,False
0.4653153638036912,0.548929063082919,0.3431135408033173,0.6511887999931991,0.5527824161425748,0.40535647877217956,0.48659002171252785,0.6418023625588223,0.7091860609831268,0,True,False
0.24607584745608665,0.5821505890196079,0.543520972333468,0.6598941276535017,0.7243886615417424,0.45518595121874855,0.4446705828073101,0.2397056448702982,0.5169969689977029,0,False,False
0.5026251502738249,0.35668855317590853,0.21186647196488556,0.5913459663879559,0.4971214768437612,0.20548236564805628,0.40343006592115943,0.39589531893058566,0.4830537204710877,0,True,False
0.5026251502738249,0.7943248917927158,0.4275755107037674,0.5751908782566831,0.7567224506277228,0.3200026505406705,0.3122203355340163,0.4240591695244309,0.4805377666476283,0,True,False
0.5026251502738249,0.36533907928081566,0.2441862704292152,0.6806131277696462,0.5056713002495712,0.6685582970839319,0.5505232018389823,0.4213641270968329,0.8674957370360343,0,True,False
0.5129606129163696,0.5883144978319663,0.2442325138502034,0.44169695862622094,0.5946540042827428,0.2808866697188545,0.21925664111197807,0.5743858874251073,0.6880052919528824,0,True,False
0.701820707723885,0.5198722425279091,0.3178154750101536,0.5014121903259445,0.5816987273307171,0.47450952888545866,0.563181524904843,0.37597938688142035,0.26611314540578257,0,False,True
0.745235070200313,0.2552095438039441,0.36130853906261373,0.6113115311724721,0.5076475940878046,0.40482555004748794,0.40960569212688835,0.5272953415438886,0.6820401808500144,0,False,True
0.5295820140240175,0.6805149749988069,0.5292545203196599,0.5083328394399141,0.7333887606662998,0.40307079955968245,0.3082304623892646,0.3549455408176106,0.32343060469514795,0,True,False
0.5026251502738249,0.6704889950507527,0.23751688614670072,0.4010109457325343,0.5816987273307171,0.35410479968104264,0.38187498640044804,0.6923685116616711,0.6767189873474636,0,True,False
0.3654155045550871,0.5242108692847773,0.31687391098771095,0.4468659878660921,0.5534642741249527,0.45512038198247845,0.33588069551545807,0.393472694932223,0.4636204892500951,0,False,False
0.2601164126766701,0.4950333062324148,0.4011267888940604,0.40597370907877606,0.4461530820738885,0.481545987190201,0.26184163803499366,0.5910715123611202,0.3808570684732508,0,False,False
0.4012903147077964,0.9314884440328942,0.2784776867941322,0.4500261060745143,0.5816987273307171,0.38119162859784456,0.3856322443491802,0.6559279620361428,0.2735010287964593,0,True,False
0.5026251502738249,0.34829349894782347,0.32215625675077353,0.4335620025914771,0.5816987273307171,0.4295586416248894,0.7766242141132929,0.42499792489947263,0.27558402631751555,0,True,False
0.6619419664831107,0.5483742535840576,0.40000459059890553,0.4507720095024025,0.5655119449187727,0.3766544650084053,0.5468187491630324,0.24050651924065816,0.5433928239021139,0,False,True
0.5026251502738249,0.676214745771413,0.1868934741672889,0.3324765513441664,0.5114308208325331,0.293631678471682,0.6183483735557861,0.3402465097330837,0.38948838052382845,0,True,False
0.380852891358467,0.5348071958772818,0.26824723211171564,0.5981862671135276,0.533121664065349,0.26866182147640455,0.305766812361364,0.47731428754382416,0.5643449154767531,0,False,False
0.5104122532299159,0.6937376801345707,0.46726561286107393,0.5058339492140173,0.7299809153074172,0.2632624261139131,0.34073422978745826,0.5305775076430707,0.705727113628328,0,True,False
0.708620789912011,0.5636198475161645,0.1584893325337715,0.5111740357558906,0.5918533902186038,0.2652904852676912,0.8320920023476996,0.5767846048235952,0.6127258896072015,0,False,True
0.33988853033367694,0.4930047085370547,0.34885557693824965,0.3428061827486638,0.5816987273307171,0.38901279252021465,0.6309666458820401,0.5368596975086073,0.5847611007277699,0,False,False
0.4073518554874802,0.6145208198736822,0.5793411283380199,0.5348220030660509,0.5816987273307171,0.5650948615034854,0.5341298857930266,0.6230483321526753,0.5081752724913223,0,True,False
0.49670458753650426,0.5883605363195907,0.16836109755217255,0.3217774752358499,0.5300862253865599,0.3666998515283704,0.4247254373979297,0.7029975903324899,0.3300643464163857,0,True,False
0.763069030414713,0.45682681525079005,0.2534681933171983,0.4085153483674723,0.5066393783155294,0.24887986849480265,0.30233217439347915,0.6306467885792421,0.4820902593212442,0,False,True
0.5026251502738249,0.29909671787964043,0.5597932664266104,0.4673134239030245,0.49863620701888356,0.5050991283794313,0.6283298821387459,0.581408981428834,0.558817545913893,0,True,False
0.6255183855314994,0.5540944258159731,0.3483268284141718,0.35718990642216714,0.5365524411754289,0.3903656279728354,0.44323077802380606,0.38286634872961817,0.4114455363229779,0,False,True
0.5026251502738249,0.4387375432522356,0.4461178151684277,0.5240097688999149,0.4852432072158607,0.3537783152184039,0.5357113599108954,0.6083905330914195,0.30214732900491126,0,True,False
0.5578308498585294,0.19233643011615534,0.19197713478422623,0.38045515476049724,0.3357685719440832,0.740980678755693,0.28395972183951124,0.5301404620818533,0.18858847871254164,0,True,False
0.4751777207754077,0.3539390766474305,0.3209989901985167,0.3607879749660666,0.451813486164076,0.6373797132828172,0.33494345808475623,0.5759229451131297,0.433369337559022,0,True,False
0.6533712182383514,0.5958901302092238,0.19045118649590548,0.5384575161907945,0.5986749261946377,0.6054381192130032,0.6159123413516341,0.3804650657491483,0.4432844755347343,0,False,True
0.7543389025870141,0.4877231314711836,0.3523892412555506,0.51970724041003,0.600488573865184,0.48101492290672104,0.5472350715311843,0.27189278997868194,0.47545591794708425,0,False,True
0.5345896312662477,0.7713686743662201,0.4974148112573156,0.7066249346777005,0.5816987273307171,0.39028340169094405,0.5262254356784322,0.5344958425562337,0.629833272180481,0,True,False
0.6086290409264503,0.6924506784945145,0.4672542770694167,0.6208069248148421,0.7176912816932653,0.5243165171583912,0.14621979345866726,0.3111516230651242,0.47090272826520757,0,False,True
0.35710098648549427,0.5181690079848537,0.3940962044658528,0.5384081508306877,0.5564658705817395,0.39143701622617816,0.23128572808832604,0.8006472791150966,0.5692350031645749,0,False,False
0.5026251502738249,0.4003351332436348,0.27325079893087806,0.6249407866831086,0.4858788233907049,0.31391004198738554,0.4070444808188041,0.5758384992740786,0.5587796758667106,0,True,False
0.5026251502738249,0.39037667696536116,0.3322532037680948,0.6133322152383816,0.5816987273307171,0.19007702016898026,0.5525768269690458,0.47771460354454687,0.49913172427261615,0,True,False
0.2790055967825836,0.6745601432485375,0.5225055810805339,0.5199874455816124,0.6231260062392576,0.15382343885431954,0.28559868200262095,0.5111475056397302,0.4637700343462779,0,False,False
0.456525258845156,0.6006189141607131,0.3389559289290753,0.39323365103520064,0.5642990088034243,0.32849777845523037,0.4428392785725579,0.13935943412552765,0.4677158573069597,0,True,False
0.5026251502738249,0.660351746437548,0.581364771641444,0.6621403557742775,0.727049717240085,0.20094782152706986,0.5642564053565858,0.0,0.45483119907670627,0,True,False
0.6208637151934316,0.5357853647695795,0.3995533415882959,0.6168219442956783,0.5816987273307171,0.37922235200640925,0.39006784646560716,0.387002684246133,0.572501464971437,0,False,True
0.5775542714915871,0.29129490093790433,0.5308644998821136,0.4839324782868823,0.5816987273307171,0.41051366030666697,0.3417493967353912,0.6290426087335231,0.4951198543168209,0,True,False
0.44314126444845353,0.5980391824452148,0.3529051671710329,0.5888056269702912,0.5816987273307171,0.3158545949056533,0.4878548912298354,0.5122083038348014,0.7119851023102731,0,True,False
0.3612934906117956,0.6933004237101528,0.5673143558296305,0.6756380543551151,0.6971935820959513,0.8537794228400779,0.4273249591556908,0.614818839103081,0.6913699705842472,0,False,False
0.5026251502738249,0.20324405009972926,0.4449333738675285,0.6313350318661078,0.5816987273307171,0.5324578577049512,0.3506181122876827,0.5446282201806079,0.599507175582004,0,True,False
0.5026251502738249,0.5940271245045089,0.2053901007680882,0.3248623901339969,0.5623417219279327,0.26553071590720295,0.5304654588837882,0.39882855734474804,0.37620344896009056,0,True,False
0.5186821801479085,0.48045568329108057,0.4046191272251776,0.4293609779129109,0.625710505933716,0.5590523221806456,0.578073305681852,0.4077088352702461,0.4133795013576284,0,True,False
0.5114619450577672,0.4920611045584522,0.10544735714496714,0.27013983746363873,0.4221197837996503,0.43114237656898885,0.29117335975528913,0.724451766753912,0.4603688871520663,0,True,False
0.4074831983009299,0.24979807133974094,0.5402177458415122,0.5243446700255949,0.477453190942457,0.5646409392619629,0.26060614894889433,0.3846200065996754,0.5119178308734614,0,True,False
0.44409093822573864,0.30291943142516153,0.31424425474236456,0.5276291941530621,0.4861260681095778,0.6560534051915574,0.4553106648350761,0.4637201627980048,0.7328102563236535,0,True,False
0.6199953549974418,0.7065735214860026,0.3720982177756737,0.5609991905596793,0.5816987273307171,0.29982718544810144,0.6323528375201107,0.5611616106273802,0.4582095478253548,0,False,True
0.5026251502738249,0.6234091457618294,0.23870330224350356,0.4106713710864389,0.6119989790139387,0.42620624684760827,0.5199936538719645,0.39439568948909176,0.6061479672317681,0,True,False
0.49266586722144273,0.5946061790732468,0.4158823375158941,0.5020751394719837,0.5816987273307171,0.35241310105548257,0.44960873721765027,0.7284104579108673,0.6755121251663024,0,True,False
0.25103896633894857,0.4037116628752445,0.37284711726526,0.5064328062200494,0.44746913446260206,0.22015115202221053,0.2878249774298209,0.6418273967205829,0.4372500153335917,0,False,False
0.2658928918524086,0.4215129453178974,0.6180190584861716,0.4957002171578349,0.5615818457316569,0.5002619284380707,0.4738417187811601,0.40434180118999336,0.4183848992231724,0,False,False
0.46107177124976556,0.4688274334288629,0.39646348991304936,0.4230865000933742,0.5277938223409147,0.5177808896497325,0.5381419287973442,0.4623624785289873,0.15946897455338674,0,True,False
0.5226289109914943,0.6169597302870276,0.5185421108517085,0.7446612526561392,0.7043079280869798,0.42743001973072176,0.2602587843775739,0.5579271780606776,0.3891799300025705,0,True,False
0.13175274046420302,0.6758714170912717,0.4657757058500625,0.5770984187838678,0.5816987273307171,0.4002797257031913,0.5138643408546065,0.4345333038096834,0.6737499245800215,0,False,False
0.3942232611741149,0.43997135585931835,0.20048285075608602,0.5775908374109613,0.5816987273307171,0.4583064701631651,0.6091600806077234,0.0,0.4365656759924212,0,False,False
0.5292132476374724,0.571397609690868,0.15179360317434276,0.4817160969711139,0.5182863097274204,0.5642340436137592,0.35755341025828513,0.652017148281404,0.43910397579684507,0,True,False
0.4269121155776856,0.7672356543387305,0.44243468850861617,0.5711623742812884,0.723394845513874,0.5816735319828064,0.38531763414522435,0.663073765069261,0.2920535253371559,0,True,False
0.45681136654793303,0.3134012924001396,0.38594283991048023,0.37383537074968287,0.3917512048877546,0.6853378775058527,0.292485616267443,0.7649446648589484,0.5182865408795053,0,True,False
0.4435458756934632,0.5367791627939191,0.21008951276686233,0.589224866603497,0.5816987273307171,0.41226588627756794,0.2033587093684026,0.5663496203705972,0.4088711693981308,0,True,False
0.48305946584940995,0.6697444124453235,0.4406516611565024,0.5896665877000862,0.62905118499518,0.4965036615312914,0.4468952062195831,0.5198216594181172,0.6554318700607454,0,True,False
0.7084797902752981,0.5504303754675165,0.3472440761784878,0.5047233980607094,0.5686392176396801,0.4354640067187748,0.5274345955694281,0.4750391302246608,0.36594979085965573,0,False,True
0.7253885835872801,0.9171846691084261,0.20246558735305423,0.4933954099857139,0.7659781659335507,0.5350540062694289,0.27385570829447053,0.5450324405497079,0.671670875387045,0,False,True
0.6229804793300416,0.5765045136775242,0.4644368662931516,0.46758844647082975,0.7056332839607679,0.5691169943102745,0.4350096171359593,0.3378452721644722,0.20892926904837839,0,False,True
0.5026251502738249,0.5460723664134588,0.2763651121768427,0.571992480577775,0.5689286401067953,0.6883358187404394,0.3705356889786716,0.5546870542651632,0.5547214621898892,0,True,False
0.5026251502738249,0.5501642614367976,0.4827249646716135,0.5101910149006603,0.6485322398981163,0.41833020634760537,0.2692191059496106,0.4426042354226953,0.3602126379610805,0,True,False
0.43568905039059913,0.6909447019255296,0.32994803101928644,0.6345072954422213,0.5816987273307171,0.1916925472057714,0.6540250674507194,0.7496228317043383,0.32573071831213396,0,True,False
0.644770551393688,0.7464310686236252,0.45387998757235776,0.4881702047892475,0.6946930350620452,0.7114271038597832,0.5343192357385091,0.47367762041919176,0.10758971794312075,0,False,True
0.4966694002421107,0.5648134394620706,0.18533673988742919,0.4026409123058991,0.49792027212802026,0.6464175086468853,0.27539391860271334,0.44798888217664506,0.4163104194408957,0,True,False
0.4386341112105618,0.5456962470777782,0.432910093819721,0.5663558839880631,0.5687909768973193,0.6410480441945217,0.5224647588213085,0.3287764914059235,0.7391681404826932,0,True,False
0.5055624290378897,0.6283771005570197,0.38669979329637794,0.4563475237873068,0.6050247009271654,0.26504272484485897,0.3242068558468958,0.7265805384482616,0.6266795736285588,0,True,False
0.39202245064375096,0.32054017418209224,0.3474883021642987,0.613339787924007,0.4306536660480281,0.45439075813419366,0.4850675357614932,0.7102703636303849,0.6838317776109929,0,False,False
0.5146827981849094,0.26440961414770425,0.39908750897844936,0.4579623743337792,0.4566894958353723,0.414349676466838,0.4384347542478666,0.5110718012866614,0.42731199199846354,0,True,False
0.655562133278031,0.4201892991298315,0.3373609024016276,0.5772243001303391,0.5437635511635025,0.42932033402634323,0.3070603296260789,0.5005023945485215,0.3136263921182557,0,False,True
0.3050511567666955,0.43311270744267294,0.3954324323138717,0.5510379756102275,0.4778184594001691,0.29384025762035854,0.43212745001911346,0.4359562520841918,0.4374940258938031,0,False,False
0.5249174651107582,0.6377876025789917,0.1838580324945283,0.6683020493010258,0.5816987273307171,0.5467689650809775,0.6109338794550637,0.5920520680891841,0.6486812547137172,0,True,False
0.6090121335555564,0.4649421685132077,0.18908043273283393,0.5582550949500882,0.5096105110712091,0.5119387770828139,0.7527170977985458,0.418897966175097,0.6869000078496733,0,False,True
0.5026251502738249,0.44110789394729477,0.5883119760268466,0.6245314206025566,0.5682451643010198,0.7156748943376965,0.5936825424186224,0.8308518655009519,0.48137148562918525,0,True,False
0.18657399391551868,0.5127900908637495,0.5660717586930938,0.5044570766409511,0.5816987273307171,0.5011665113140138,0.4203357551418889,0.395789213083251,0.626811376471735,0,False,False
0.6064693972876958,0.568357617897356,0.37219255026443826,0.6198663746948062,0.6529179206999075,0.44332117518015596,0.570277611297937,0.5004270339432288,0.4586040471047031,0,False,True
0.5026251502738249,0.6025199581148188,0.36480275446621546,0.5170414229813592,0.5824526662325642,0.49298019157775114,0.36103521678075245,0.558792244527334,0.368423631559209,0,True,False
0.6327429665143192,0.7515108115731202,0.15274881201902793,0.5950697164064561,0.6232644790930544,0.2847199166422349,0.2197497225414642,0.6276918256686348,0.7706043369487079,0,False,True
0.4355826086766272,0.5171127417314176,0.45079046746987805,0.4767982683263759,0.6219072265460213,0.1125730173328422,0.47650889871178514,0.5896921391427733,0.47785259299110844,0,True,False
0.601426477294928,0.5015995705122746,0.21208080078772218,0.2854219836384073,0.5088836519439529,0.49341461744217413,0.575079120899265,0.3897803999593373,0.47503844096857145,0,False,True
0.6632967872451695,0.6355989705236043,0.19686526565111284,0.5430814904933581,0.5773342859062751,0.30122178107577363,0.4586882208940799,0.0,0.7165781565667765,0,False,True
0.5625639382486992,0.6487413048503843,0.20341600655840056,0.5441194977026736,0.6175691318041373,0.4614607018170886,0.14802536063330052,0.5061579727006069,0.5272431846249802,0,True,False
0.5518094934339113,0.7429794524246497,0.5936466862573332,0.6289441102335648,0.8452207109228744,0.2761652956326586,0.5856645306109587,0.48470643557845167,0.43010714759778784,0,True,False
0.24200647218027796,0.5970319939124827,0.32688241117195094,0.6432705698421379,0.6253887368173615,0.30152400152736764,0.6133463475823703,0.6624091284432619,0.2549822174828982,0,False,False
0.48180762250578285,0.6202306814098109,0.35383716592274544,0.5333470992147885,0.5816987273307171,0.33498885684331486,0.5604068760445327,0.5950583308127697,0.46367037055709986,0,True,False
0.5026251502738249,0.518665389425758,0.4554819535556677,0.7250995715847197,0.6483148966842879,0.1438959234057096,0.43085154010578286,0.5380211127759742,0.7901334157794153,0,True,False
0.5131304088137991,0.7777476305777913,0.2262497790828081,0.6776121482373301,0.6525701871202342,0.19050169707679626,0.5727933764631092,0.6594661436809822,0.5950398017634452,0,True,False
0.7222840503320468,0.7000569484393392,0.24645022872736264,0.3945715289254838,0.661598446864606,0.38743485412722783,0.5337595512266103,0.4897952843396768,0.37356083232627746,0,False,True
0.5283866641816727,0.27243822765921766,0.14011979122255688,0.5116781948413626,0.3198799161294839,0.5392376773080381,0.4278124979029232,0.0,0.32126252796987564,0,True,False
0.5580574563078793,0.5410091189840722,0.6933590041998433,0.5465868993870255,0.5816987273307171,0.4565147736259076,0.4776596644565366,0.0,0.8990066853524115,0,True,False
0.49124692375547957,0.32444617134623976,0.4451537103489466,0.527555500137803,0.5067657949753617,0.28103541332396725,0.6208370049897688,0.6527186981487583,0.4495462415835592,0,True,False
0.5026251502738249,0.36104872548026457,0.26346253243085926,0.5741712082887942,0.5816987273307171,0.502678681875407,0.6284053920971797,0.39609911322356833,0.6077425450938841,0,True,False
0.5026251502738249,0.6651534410449221,0.4449106113427521,0.5310761950474006,0.6826394606559404,0.1629367806951459,0.28270439081112725,0.5811921661446803,0.5194923821529246,0,True,False
0.5372179770480126,0.796641351395509,0.435824396500859,0.790407069249064,0.5816987273307171,0.5669678958135427,0.53784466555194,0.4567488777598375,0.270520958081648,0,True,False
0.6107768192349528,0.6667469016349535,0.46953269569320444,0.5847771812561978,0.6825094008146825,0.4385724015849191,0.5389385704075439,0.587459755032661,0.43919202258626727,0,False,True
0.7363198326295504,0.6158602586641369,0.44876003774572876,0.6700795570007533,0.683267810942873,0.35230327443100434,0.16783147704315177,0.4773412723352364,0.3469610611589794,0,False,True
0.5026251502738249,0.7444484026888715,0.47692527372693005,0.7478784052621322,0.8662661010143402,0.4961589016384735,0.42226182506656784,0.6770992401005613,0.681175414278124,0,True,False
0.5265060766578262,0.5813909160267068,0.40378275108371803,0.7251922064140873,0.6627269107034414,0.3177091330948842,0.35795639012165215,0.5434173093028842,0.5601417161472514,0,True,False
0.7986210474615646,0.6560540761474897,0.2672870063014719,0.44947166579442654,0.5816987273307171,0.5640671231438539,0.49176424932898266,0.8924185827287577,0.44617917453188544,0,False,True
0.4647491261787477,0.561691808066943,0.27527771543313273,0.4579242870703179,0.5614919400703291,0.5251089007182976,0.5492408401218416,0.3688707623656165,0.3968189806669949,0,True,False
0.47456684104730756,0.3788923875693886,0.17384507157467008,0.26595891571827507,0.3179743712202547,0.44840653283122806,0.5005648409204626,0.5148866942177096,0.44676742786761,0,True,False
0.3595552849822621,0.3913406174310571,0.5689213001793193,0.5299003873271964,0.5428944928447567,0.5580984949231818,0.6173371088864307,0.5066874299420239,0.3393738849156861,0,False,False
0.49375768299927436,0.3928604937222121,0.28982633577605504,0.3572839578889511,0.417316591810044,0.4514475734768852,0.6199506485203804,0.4443337644077955,0.21974833677295696,0,True,False
0.5698311422057498,0.7198726492196892,0.5229204683058807,0.726703411582335,0.7686352334254076,0.5109279865523482,0.3650704289640118,0.1872354813725869,0.3974531101723677,0,True,False
0.43416684546494805,0.5443390156351023,0.5851098628471002,0.6088823646377532,0.7116644865097373,0.31227411888018713,0.685762946029001,0.3336629253964196,0.5202459643616107,0,True,False
0.4458867488645605,0.5240512221946668,0.4569066003652118,0.5306017064262645,0.5405972157243426,0.46647658857188595,0.657857887913651,0.4884025975736222,0.5783144446765899,0,True,False
0.4330967707065055,0.4110939428236067,0.23731886593641524,0.5582859997393531,0.5023101174385687,0.25493437886897813,0.3873186189795107,0.554107947872575,0.38142123554865887,0,True,False
0.580684679569052,0.47323450308852477,0.45173153084926526,0.6774174361544641,0.5835814105779004,0.37690711212930633,0.5262935508276165,0.6543197294887737,0.3616065674416319,0,True,False
0.6830289959849658,0.5607041285205674,0.20886010581408954,0.4280747716523928,0.562788576355049,0.4404896521007325,0.45743547543722907,0.5095730448645385,0.4372697744431902,0,False,True
0.5834137594505895,0.5567145752214461,0.44035577294658823,0.5409328092880054,0.6112000163005538,0.6017481833933187,0.5341871265665987,0.531335168469752,0.5368492123460477,0,True,False
0.6138868668004627,0.807389064072626,0.2540089379518084,0.43527910953397886,0.5816987273307171,0.8587315416722128,0.6890441177131287,0.4399026890155077,0.40064127585108816,0,False,True
0.5026251502738249,0.4351019519114123,0.33861347649968926,0.36094904495602564,0.5816987273307171,0.6729904232602391,0.349379563069917,0.0,0.4215910445745941,0,True,False
0.4875334214735997,0.5064336638933089,0.7522903098306122,0.4528968659167703,0.6354622449100088,0.33564834447459085,0.39871194049079195,0.4706576342722233,0.2982510073823337,0,True,False
0.5615126929284687,0.5689038532126213,0.4075785347020391,0.5926665655430253,0.5943056606470984,0.5036263746166776,0.5284831552054583,0.6930708433529454,0.5119411284505716,0,True,False
0.354698111403212,0.6290231077943508,0.3527027372186217,0.461728221613035,0.5186995506145253,0.35835691264117425,0.606714082074528,0.431359034852356,0.37280522771814284,0,False,False
0.44338806911533707,0.5277811002746062,0.2154402894306052,0.427947001143748,0.5593449492796438,0.6160822504332812,0.478449783039697,0.4847157542061782,0.3969179128933909,0,True,False
0.5026251502738249,0.39743368480786945,0.32420583463417546,0.6042310003068859,0.5816987273307171,0.5410879797098056,0.5794232348644608,0.5778850041457718,0.5610814503717757,0,True,False
0.6978036432919172,0.7865068782523149,0.13382426788105198,0.6260438173549137,0.6541150539764465,0.30027115402027565,0.4922255522945588,0.4211148491338587,0.6024874636522705,0,False,True
0.6879046771359535,0.3824210839783433,0.38289598610236414,0.5145758183788217,0.5799163286517883,0.41213546406420415,0.5544131769156031,0.7241451073286491,0.6560958891962873,0,False,True
0.3705336861025983,0.20791472000938452,0.3240904671552378,0.5136525177148743,0.5816987273307171,0.32758375515423294,0.4957987926352553,0.79439442717272,0.33149137762563685,0,False,False
0.5452550062626825,0.5521415187160469,0.2625545238945196,0.747440070219484,0.6521201693776811,0.4180234533973329,0.319516945200331,0.807261816324229,0.27927146282593607,0,True,False
0.4122285035581206,0.3903591437206779,0.4037106212762993,0.4836995123141365,0.4772576565879594,0.2312077127907563,0.36416816078575165,0.6891848538460138,0.612395361220479,0,True,False
0.4699978092429683,0.5433417760070995,0.2846364798106734,0.3251893130650344,0.4581700422513706,0.1274956567239477,0.29301361209646914,0.5923294808343382,0.5910251222520072,0,True,False
0.34293959771970434,0.4836588321618558,0.2173141680491952,0.6751691883190052,0.5484251192085304,0.7098102034541007,0.39085701401161244,0.4972350483074254,0.5612853340268013,0,False,False
0.5677725512965406,0.692092660286116,0.30881091358126345,0.43052563306496183,0.5816987273307171,0.4427171105779463,0.24763577397338815,0.5400369966778403,0.4239460883474789,0,True,False
0.4933565837008326,0.6142843856188238,0.3229602124717961,0.5440588376743214,0.5996808300706118,0.3059765151862483,0.28406536492765433,0.48988855953622024,0.12757786958145226,0,True,False
0.5026251502738249,0.8481808214257799,0.3633641368897713,0.5026770243178624,0.6097077796250421,0.3739699324122577,0.486708063967657,0.538585839739207,0.5661467572750422,0,True,False
0.5026251502738249,0.5199550944697562,0.1954375327880593,0.3361417653810489,0.5100831141383966,0.38084152936642895,0.37075849306777553,0.4960866770620327,0.38063387175576663,0,True,False
0.6043807767144137,0.5990357587061454,0.5596442390341894,0.6518318243316371,0.7267986099931959,0.5173647422941636,0.4445100452636157,0.0,0.43901382991292853,0,False,True
0.5518667719930362,0.6765370908948046,0.35048824939378925,0.46662871796934124,0.6001556286024047,0.5084737812991431,0.46742758681844,0.2907630728662683,0.4293130846005709,0,True,False
0.5026251502738249,0.726279954754302,0.31570742998843765,0.6589174395195845,0.5816987273307171,0.45007962037792276,0.5526687208965585,0.5209310913711392,0.4401091725289145,0,True,False
0.6376484391644104,0.7052910677337277,0.3694253136675158,0.6417016261331874,0.6788487396814463,0.3474868678273067,0.33177345893143095,0.6094260016887735,0.5959275778309586,0,False,True
0.44342968140850164,0.3837220750674355,0.27973898907996625,0.6154942350818207,0.5660928483163886,0.5241012031751613,0.46260889943334305,0.5028329831710894,0.5453990796597562,0,True,False
0.43774468823542273,0.3411793215147284,0.1526097827413206,0.5695435718232383,0.42312141565546124,0.4083612180729152,0.5454345943795894,0.4052824610301144,0.6019708568577798,0,True,False
0.5026251502738249,0.5615789822985006,0.19145484953472186,0.6917499912643801,0.5993340045537523,0.411124432830342,0.45514284856699583,0.5032169649573058,0.23235218627161602,0,True,False
0.5220034891625409,0.8243726712115291,0.23445206549928282,0.6069513018834162,0.7259733152934792,0.40940787649360627,0.5579166553112478,0.5532867140420169,0.4246775782759343,0,True,False
0.5026251502738249,0.4449430366833119,0.649937329129093,0.4855574334872735,0.5816987273307171,0.5838905508469141,0.43356621187341504,0.3226961461167203,0.5489201340463642,0,True,False
0.6172061720649633,0.5590903040181201,0.42939384988039336,0.5178156212616785,0.6343384889662661,0.22470497629270497,0.5925319303891101,0.551077570348693,0.7209494369524255,0,False,True
0.5026251502738249,0.573384273589803,0.3297852673597698,0.5055240105602288,0.6427449650507325,0.5260848767690649,0.38842055301998707,0.5666191302207368,0.5015181473817628,0,True,False
0.5823721482337253,0.28913748605701806,0.16352979094998235,0.4286777138523449,0.3938205058909974,0.5358395080540299,0.37331327895177574,0.7291894857469465,0.27524827643345107,0,True,False
0.5924085793134906,0.5757454510392521,0.5729369549587204,0.47663403253572584,0.6194410784859158,0.3812127088322322,0.5312516453905132,0.6426677399716415,0.4735706717093529,0,True,False
0.5026251502738249,0.6761833676902868,0.3417603775001265,0.4961156653573577,0.5816987273307171,0.2644950382985181,0.2890912647063451,0.6229977163030093,0.35183560370604416,0,True,False
0.5026251502738249,0.6900649388168826,0.4217651097474781,0.5262255437082115,0.6919860579003415,0.2855322882080537,0.46905127513785716,0.5837828405247636,0.42665944252990834,0,True,False
0.6778552055947041,0.676979981869794,0.24944561386495298,0.3431179822990432,0.5816987273307171,0.16872400089428924,0.5554872172106843,0.6546151613411971,0.5237223524968174,0,False,True
0.5593554530986872,0.5200261307930943,0.12107330384337706,0.3517186282301455,0.46449315725961415,0.570003813819044,0.5105999404481661,0.6836779047630619,0.5934552196915966,0,True,False
0.3164486579676102,0.3346261726857024,0.4686105771893321,0.6739234737458136,0.4811497580283376,0.44293710971053474,0.5785170292188161,0.505463978542132,0.5548430999504169,0,False,False
0.5171956884919835,0.5577049912796309,0.38521753739125314,0.5792004258371708,0.6021739527330338,0.6955153869105135,0.43242831796679093,0.5022816075004771,0.39824115468982896,0,True,False
0.5026251502738249,0.7717792304886903,0.3151857340968214,0.6584867849798476,0.6812504595572023,0.12159843784361629,0.40630605925598845,0.38871582830298174,0.41889237369436966,0,True,False
0.49052152298565227,0.45976298327383236,0.3906201667732477,0.40531837463653864,0.47909344983699564,0.5292200630467057,0.3556585055855301,0.5238144247328533,0.4487795499846629,0,True,False
0.437831215343839,0.5544092037699259,0.5035444489356434,0.6636479310552166,0.6245710675780117,0.2796228796232095,0.27203514475648843,0.6394153272713963,0.5985793498347339,0,True,False
0.5655035316555632,0.8365288836728338,0.4411917734369052,0.6941783335788945,0.8402336624900946,0.310038005656812,0.4925024088649308,0.4551410980544825,0.4177509217032694,0,True,False
0.4651155768029867,0.4876507904798266,0.4731184468864527,0.5740724145787737,0.6157181006481516,0.513863847139663,0.38778667269986866,0.4194286733953382,0.6429256395829396,0,True,False
0.38027254173631364,0.6708086559247396,0.6124955647126676,0.6675399556842093,0.7146436752002184,0.6984484642183724,0.3867357491405985,0.4427318996084698,0.2705089517627026,0,False,False
0.48354091918977093,0.44072759620834745,0.176439001536009,0.5298836484214678,0.5022146627340636,0.18896044572536957,0.626279806944051,0.49701912417416283,0.7129023009283894,0,True,False
0.4198552886028911,0.34162502607275347,0.2188831169985899,0.4187600098180998,0.4283218057945395,0.6243002809744822,0.3767832286980607,0.5449307816592723,0.4882320861834725,0,True,False
0.6810015511545855,0.5604921725693437,0.1502583363587035,0.4503881400030353,0.5413631578923652,0.13666492518587636,0.5143914434353636,0.0,0.24924162005766104,0,False,True
0.452859116289114,0.6441831772016235,0.7372242019541948,0.4271648972013577,0.6647312108432154,0.44419474524022146,0.3519516193944365,0.6484748857031887,0.42276447801990563,0,True,False
0.6186851735685087,0.8584447555143383,0.4394874476147679,0.5906737003714059,0.5816987273307171,0.5784531393793935,0.5636835854451244,0.5819130208308981,0.4198205728990713,0,False,True
0.40382186677094517,0.35967032890134454,0.265022334731783,0.4813773937001146,0.4847436298764056,0.15905463707019468,0.44426300616568315,0.7064998548615996,0.708826905580113,0,True,False
0.4732865845768076,0.23528969096980243,0.4189873792816439,0.5719567027865601,0.5205428764619171,0.2548956279669247,0.6593542743351343,0.6899701679212308,0.518871833863754,0,True,False
0.5567023980709682,0.46948944073102505,0.29592589831861144,0.564827936147308,0.5943505255657681,0.33178329556210756,0.2620322779501708,0.612922687538629,0.5148298988966399,0,True,False
0.542366260734114,0.776715220748636,0.29635897109490555,0.46540450377340703,0.5816987273307171,0.36048373245487336,0.5508038609661541,0.4145068884509716,0.3644049230705504,0,True,False
0.5259097501392705,0.5015023323939324,0.26183692323318775,0.38865121523357316,0.5338133273507547,0.4157926166476266,0.52966460118167,0.518739869318638,0.5593709930795042,0,True,False
0.6657361032353579,0.29885473117392614,0.25746446109896326,0.31726297708549794,0.40527881524459863,0.5567115110560978,0.4167378889719824,0.6660575270787444,0.5210455156654489,0,False,True
0.26569940316942325,0.7306242737705291,0.38206240278675035,0.5739132853858356,0.6322048579408919,0.4301973652423891,0.697079757337933,0.3072068998987309,0.2398180627491564,0,False,False
0.4754003589870687,0.6130361836182717,0.3324930030641749,0.6757132537191259,0.5816987273307171,0.2716539170468832,0.5956320356806656,0.5757354648185429,0.28391845628449053,0,True,False
0.7049198486187481,0.6047844526305945,0.2463772185291788,0.2348021776630204,0.4774702918218865,0.4245961572659202,0.6508981372749629,0.5624808464582688,0.36027411437182477,0,False,True
0.3993296025618757,0.6592869560456995,0.57547117002603,0.5978583694607519,0.5816987273307171,0.5034971978509155,0.424580695268289,0.6186392870829555,0.6195585208677509,0,False,False
0.3967454650826299,0.6590355490325522,0.5093650660329401,0.5799946038596422,0.5816987273307171,0.21926524104383566,0.45114178034198416,0.7020442263673992,0.12212404741972879,0,False,False
0.2947520510785873,0.2830799715402471,0.1788815217282064,0.39248621022841274,0.37623087811822153,0.461228668083486,0.627429911019483,0.6952317450956932,0.5691436913887856,0,False,False
0.4264311183530662,0.6638470805257722,0.2627508948997996,0.38684294376783146,0.5288918014910126,0.2558374046127712,0.42628302983165334,0.3149084781234723,0.7522545039938981,0,True,False
0.5026251502738249,0.6613878876793322,0.26009348485487027,0.35864283577429606,0.5816987273307171,0.4675319357624878,0.2535052451865524,0.0,0.5957511001896135,0,True,False
0.597796739549997,0.4935521466135341,0.20777764214892738,0.48914701086398377,0.5309228775673658,0.5455571377510253,0.4132990993885932,0.700064986129977,0.4121288202966373,0,True,False
0.44887487444674473,0.5171918248831389,0.19514808309146625,0.5916799375592402,0.5816987273307171,0.3738287928658613,0.4232237379465288,0.4720816327045628,0.36436609732892,0,True,False
0.8048448846224308,0.4151892770309771,0.09390541919436941,0.5364707725718921,0.5816987273307171,0.236163370519265,0.3666018909932127,0.20109414849546378,0.5111263001024554,0,False,True
0.6641441434354296,0.41933329431118205,0.2244362447123883,0.30510384500943194,0.5816987273307171,0.38120175616316104,0.5044399832859111,0.6748646634545811,0.4218801746992628,0,False,True
0.56396208899589,0.38751135446642004,0.12229735194979244,0.5364588682895991,0.36733415748020043,0.3956368902451037,0.5448291555787218,0.5052491244501442,0.5269327471196125,0,True,False
0.5676775561232676,0.8066153788327886,0.5602024245384806,0.5171258872593202,0.7417087932097733,0.42693061995252307,0.4425004334857221,0.45348778469147094,0.4255726677453308,0,True,False
0.7161542254591003,0.6414199820256233,0.24038968751840367,0.5539188358794953,0.5907808146108993,0.5876084254133598,0.6382574284393984,0.5242933879298337,0.5165962529236766,0,False,True
0.4634423742582294,0.645829072891887,0.5671582695682728,0.6731657365615212,0.7286457613049945,0.2501073176141447,0.4021664675724377,0.7818700019968848,0.5940770600909427,0,True,False
0.41926691109553754,0.5814222217540037,0.35995114462086664,0.4889052320550363,0.635069678910651,0.49685813046697797,0.48421839976944514,0.6253730839425913,0.6124626673833636,0,True,False
0.5026251502738249,0.6288963860041402,0.3462596340497179,0.4675444061696819,0.5875791418887976,0.35098535164457373,0.27970480953922494,0.6997463484471655,0.41784360215351785,0,True,False
0.3788673328725644,0.41182318760177516,0.4101150137013836,0.4645043530045902,0.48717545757007574,0.5531201063231785,0.490920702458417,0.4898307119474027,0.5134663762523523,0,False,False
0.538115344499495,0.5059495563361879,0.18588871089872724,0.4335565004877462,0.5816987273307171,0.31829984850133003,0.3272086552728249,0.39619922035860383,0.38055662458374956,0,True,False
0.2912576946118551,0.5818306221652607,0.29346759210929346,0.5927181175303017,0.5816987273307171,0.18690177857117324,0.4255437559535168,0.28465022872496887,0.24743023845514767,0,False,False
0.5026251502738249,0.2119294849758244,0.6174603996917651,0.41154131863080295,0.5816987273307171,0.31022516971658093,0.3834141183666494,0.5709942250994606,0.4582819719406263,0,True,False
0.5061548857745222,0.5140278922907571,0.06540461200072022,0.25549045144439203,0.3703465156197719,0.38369711288969904,0.4135253730260915,0.5124392615321101,0.37181693199871424,0,True,False
0.447929440790326,0.6021672191962149,0.40267128403910374,0.6278666965563386,0.5816987273307171,0.6328624270047971,0.6021657611592988,0.6801842295912401,0.7286030176925443,0,True,False
0.5684120245711537,0.8317309494196595,0.27651439500112135,0.5862654835823952,0.7625244225001033,0.5822030364887485,0.4724053370127167,0.48532150250247863,0.37828434343819267,0,True,False
0.6339744484610317,0.6583055989517639,0.46246098579094885,0.3887852822182286,0.6333560104787648,0.5128691407463097,0.4783130448597417,0.4205745486987765,0.48345463387470305,0,False,True
0.5026251502738249,0.5260042765797485,0.29449564962026387,0.5573580482176808,0.5248876761957504,0.49123780705239667,0.44950748568045973,0.4254994771329469,0.5498767897349756,0,True,False
0.47240779411727496,0.3398608647382996,0.4158460826694753,0.5378451316397299,0.4722227901140854,0.33799696646720717,0.45357330486062053,0.5967877350777934,0.39511648919909087,0,True,False
0.5525503586965469,0.32603835376855883,0.2693161000333472,0.5732936339962976,0.436154907770993,0.7236846963108621,0.634334841834618,0.5054662358612336,0.1320876415476034,0,True,False
0.7089315234592221,0.6938227927627763,0.1704859516384528,0.4507255904760697,0.6323239966526087,0.39243324468729307,0.4348799450519888,0.4764215166348481,0.6152020209069661,0,False,True
0.6430416506893653,0.5642483832375782,0.3152743960201958,0.5395501584731486,0.5719999570206142,0.32352034009182246,0.516835421092427,0.44587463712507386,0.6532118386714497,0,False,True
0.3639833189239918,0.8196699508134409,0.42666153956869945,0.772430849245452,0.7135785014759325,0.581251503272205,0.6158014683877311,0.49234303313379985,0.5487225315777778,0,False,False
0.6139055077401911,0.7846894095027523,0.37597416890948226,0.4729912379902593,0.7242624963168446,0.7123592959590406,0.43601517256497035,0.6932682832790249,0.6247064661217004,0,False,True
0.5059842186076698,0.2371786412944972,0.1356068135770375,0.30201832333326745,0.3006917198021563,0.442878438543773,0.8122419946454105,0.7579165298412858,0.4608963290850427,0,True,False
0.5487766070051805,0.4833995018835435,0.1934904655239303,0.39488971570959647,0.4750690899203611,0.5042360780307047,0.5222897868321204,0.49540081373592026,0.4402735465360033,0,True,False
0.5026251502738249,0.31332470587890726,0.29474089047856344,0.4352149128480137,0.5816987273307171,0.40871619674293885,0.35649448742509054,0.7483065476816055,0.35227812850396023,0,True,False
0.4585551766794657,0.5851756584399109,0.49976377024525426,0.5804981203092537,0.5816987273307171,0.5982532443003228,0.6909012827457295,0.0,0.3110669610164637,0,True,False
0.31737420708165026,0.4770693591307009,0.4053375188849551,0.3598289243621258,0.48170998663176323,0.43378014048974817,0.5950085839808951,0.4511503020419391,0.34379369178211305,0,False,False
0.498476018740987,0.4926178350996542,0.3742391329844408,0.48131705687853704,0.5515308997300984,0.5046611475388021,0.5319098650932594,0.5294228292158636,0.6271399576616711,0,True,False
0.47311525469608046,0.5643912095724649,0.27659489373111545,0.4459961564930026,0.519063587913791,0.40002788667907957,0.5254597729136437,0.5215170041784789,0.2770213557845329,0,True,False
0.261765040122814,0.557380396318228,0.45614058433279453,0.41722389836269935,0.5710398653078785,0.1917688114092067,0.5850816468951544,0.6032986766721751,0.3528375225642205,0,False,False
0.34386683006354796,0.5723127296279497,0.2845268173867224,0.6081471739722497,0.6291723278646476,0.40665095702139836,0.3371423783816571,0.37858111884998125,0.7072890536230153,0,False,False
0.4128338360839441,0.5518987866317449,0.39141156088734186,0.712808479344257,0.5816987273307171,0.4320462782367333,0.5295978247583899,0.5203120458645819,0.6062350601167473,0,True,False
0.4955584845270722,0.47207079609644664,0.20203599178213388,0.5502061044490664,0.5816987273307171,0.45140726064453823,0.2738793929161642,0.6686995318946547,0.42996588473180114,0,True,False
0.5311987578103956,0.5827590354791302,0.46339533466290583,0.48125655868211387,0.5966068657671922,0.5968430264213154,0.5714665144720622,0.5238701077840753,0.4306416561178806,0,True,False
0.3373794695178947,0.7430135622558363,0.36962131431251194,0.436043100914832,0.7089164226530743,0.4018671117761366,0.5511330053414168,0.5353669544735051,0.46655070809305627,0,False,False
0.6700470036277375,0.789392569060363,0.24358495877522382,0.3068136728817511,0.5804451225001084,0.5625284153267633,0.34813831584230814,0.7973098203042928,0.48862715960640574,0,False,True
0.5578674952283454,0.5073888532803313,0.329981671729613,0.5372129725385739,0.5574198869084634,0.2967556106758426,0.5594022838469034,0.5496217835820763,0.4885183795316957,0,True,False
0.674045511732246,0.3495074642247272,0.33500645024449577,0.5751937524951372,0.5816987273307171,0.5041061545690015,0.46037412519165033,0.5300901984015017,0.5598633843401329,0,False,True
0.6718804109213061,0.6142004797397714,0.4536093634643524,0.4543335259552048,0.6433332996375861,0.2911545738210904,0.5417898487859988,0.2545009206637074,0.31145357486805914,0,False,True
0.45151852251592794,0.5797255979630291,0.1348169760539795,0.44116450751974035,0.44737378368473135,0.5425841547439001,0.31980407045430387,0.5984391620701887,0.5769440733246333,0,True,False
0.5026251502738249,0.6164043425585829,0.2900093806985863,0.6451790907937808,0.5816987273307171,0.39823990883683674,0.307041352296346,0.14328837910729375,0.40747857796832515,0,True,False
0.33609689255533576,0.2021879016369977,0.31581030465120496,0.5021759678893439,0.5816987273307171,0.32996675186692265,0.26754151922589364,0.7558086504653222,0.3757704923458473,0,False,False
0.6354584991644142,0.6341290022525862,0.14037902313603795,0.4430013646185602,0.5766618186303603,0.4262294814272722,0.3313309136886638,0.0,0.425590042109046,0,False,True
0.4701341572534979,0.818125823966637,0.6050035872740005,0.6076501773295491,0.8155070781851332,0.29726405524656524,0.4953768002996437,0.6370416389174635,0.5202614604775638,0,True,False
0.4825104215394019,0.6667880507814217,0.29907858422412903,0.6579360609473341,0.6066176876075545,0.35608592611084194,0.447848058605558,0.6373775837384287,0.7019719700127595,0,True,False
0.6746521312763326,0.3568235655980001,0.21094035222913673,0.711739419618234,0.5158169546523692,0.7190152881143059,0.24545581406080275,0.6233831960406042,0.4585300144860173,1,False,True
0.6446317883869647,0.2925898873017977,0.32080012765441723,0.5999548061975528,0.4861803390159485,0.47154943860183535,0.4816422583294242,0.5925591475554173,0.47934401696796664,1,False,True
0.5026251502738249,0.44449185669883273,0.3789872698760858,0.6393526302223255,0.5816987273307171,0.5142699119432994,0.41088531869836076,0.40664530012521627,0.24528511992666424,1,True,False
0.4857227921654199,0.7057734047687815,0.6374133779801064,0.7162187544199821,0.16524332649393422,0.3409457312410759,0.353734342805699,0.592553057927525,0.45470597461166057,1,True,False
0.5124382259148569,0.5657651822346038,0.3296896251275812,0.5737617445983305,0.44906795069603034,0.2344392193692349,0.47254827725495196,0.5976506630344876,0.4707687004346159,1,True,False
0.5469993740713043,0.6874660463349056,0.22862753384924991,0.4647408891924798,0.6935912203854354,0.4111861318962449,0.31663749356622656,0.6905191267789557,0.18666974618256363,1,True,False
0.5944990480287357,0.5797065646865496,0.455268582872867,0.6634098851811834,0.4795408815183586,0.30994031125992444,0.6325392095299049,0.48817494762699176,0.4919901167617055,1,True,False
0.4238770780781676,0.6399392264304412,0.37645906527494183,0.332747549711605,0.5816987273307171,0.16770009020029542,0.35122082066608007,0.5345195084535636,0.7124021598890814,1,True,False
0.7001943415946937,0.1862210130582592,0.4439037475729425,0.6940235141034182,0.5516538993495945,0.5787179263614399,0.45857982807071684,0.47635475467102106,0.24856000783272114,1,False,True
0.435853945053493,0.608781138234305,0.2570505119055748,0.6657659525256772,0.509849637671627,0.4133184129176441,0.4194359960104368,0.5011085454535263,0.39432715627585996,1,True,False
0.3569836143774063,0.8438779895917475,0.43555875866309696,0.4523488486685295,0.6966239046064512,0.2030707103232829,0.5123207262868642,0.5664541757372458,0.36956568463222716,1,False,False
0.3439833421940766,0.6175554356437986,0.2638676911053918,0.5564908394640731,0.4253672220148199,0.5245998486173169,0.5102412376859351,0.6243235839420892,0.5530769164817203,1,False,False
0.4677157541522024,0.8384469087858498,0.41354447093645114,0.5007732129541246,0.6757124904308948,0.5523006074206485,0.5503128931249367,0.6375499212692689,0.40874652517793614,1,True,False
0.9411001231595019,0.0,0.31059219719339176,0.6696688633292526,0.6992212755811308,0.5574141052078967,0.37869331980561616,0.0,0.5023491189333825,1,False,True
0.4727150646846193,0.6754988750231876,0.3165178787631488,0.34043439105695644,0.8623010286128263,0.38503562660170104,0.36651902045386403,0.5878041935699595,0.5648885893628365,1,True,False
0.5562896237575148,0.5994350843805837,0.4853051351301844,0.5203101004414052,0.6580911750508148,0.31141482321392205,0.48385988646381795,0.6743224703659685,0.3627826086356557,1,True,False
0.3708453090814735,0.593641399718338,0.23881228019844444,0.5390756399940783,0.551398832399845,0.36238456373673206,0.596934870159642,0.6714754444376723,0.4556250594252645,1,False,False
0.4018813948661397,0.66532936309675,0.23185593394230491,0.380302832419557,0.5816987273307171,0.28865418084915834,0.3512912814094378,0.34444663908777023,0.09327259909922857,1,True,False
0.4906884958185066,0.7394536204798895,0.35148900958787554,0.6615400974877416,0.4283060575577279,0.6259990785040506,0.4135685823757149,0.451653452967792,0.6195315661771544,1,True,False
0.6470448874337632,0.3914714867783481,0.2531189404514336,0.5401157616652511,0.6085662758708887,0.4929634197859704,0.5997881233036578,0.6687964606803826,0.41636121574583257,1,False,True
0.5208491660909472,0.290586223542486,0.4509078188398503,0.7360059438881468,0.3361508849165334,0.4514498072451561,0.5779709461238597,0.47718136588425486,0.7333546584356919,1,True,False
0.519707769548857,0.4635186239894312,0.3665276140191897,0.589812487426914,0.46674872556688307,0.3355057517514854,0.5828230863206256,0.4548140284311218,0.682983134520652,1,True,False
0.4651955088557235,0.6595471069438208,0.3637410450780142,0.9571840697743925,0.17905711634335683,0.5211382432787917,0.29821694987774117,0.5348816030252067,0.5980267780961585,1,True,False
0.5148490558102791,0.4658760285859843,0.5825896032574716,0.6038402389327416,0.5428566427630421,0.5020103596431245,0.5350226541776734,0.5712114088506822,0.43727378944970047,1,True,False
0.5026251502738249,0.39569024418009136,0.25982905889686997,0.4913971963454216,0.6344715602720886,0.7830559610423318,0.43324476874148476,0.33751010014326843,0.43919819713775604,1,True,False
0.3803529896865465,0.8439042660449018,0.5750430125419598,0.9934877579460683,0.14546104858767592,0.36886328868508783,0.31819231983079904,0.44090366743082143,0.5628924041771534,1,False,False
0.5058786177982003,0.44265675919350755,0.4847741372836543,0.39854300496749545,0.6289277760901624,0.2999807060986884,0.6421277539300803,0.2405534237178115,0.3848699921011765,1,True,False
0.3810131128287717,0.6433118704143381,0.46918907866689513,0.4459119071642446,0.5816987273307171,0.3124816874703044,0.38495569188740053,0.5388258435506963,0.6884774250868623,1,False,False
0.7687069857063799,0.12433764951557028,0.42161534532446093,0.6360386592921357,0.5380987280108972,0.36935744210517646,0.4029252928026328,0.4178820110322428,0.607260071100807,1,False,True
0.4490576391740699,0.7648682283771543,0.22093681402838855,0.5582197806796177,0.5672251947104133,0.6679113398634586,0.546392217498681,0.5904386876058385,0.5019594016240144,1,True,False
0.6996113356697808,0.29902557338255664,0.334313604855087,0.7075414945211644,0.4629712982107592,0.4295468851388122,0.36985548232289406,0.6325831921464246,0.2827413003787881,1,False,True
0.5864602546531225,0.43407204967904356,0.2234933523202023,0.7883242100460215,0.3252158422486214,0.3664979809984637,0.4424160030737766,0.4893658247110294,0.6666770958014642,1,True,False
0.49583710271269293,0.45667770320326373,0.32494001093499203,0.49668838286437295,0.5816987273307171,0.33749862081276544,0.6795971698002968,0.0,0.5886147043369548,1,True,False
0.739722773372027,0.3224313790350405,0.7930322199573456,0.6893701685206455,0.5650722611590544,0.3221713408790546,0.6044277331479869,0.6216178087670298,0.5202967368684223,1,False,True
0.5684988779917274,0.4499645426292339,0.38263511503763614,0.7190399332418612,0.3720697872000091,0.25555278728835124,0.53322262305283,0.8681997910029468,0.6141062424132059,1,True,False
0.2773307915224138,0.7123019517407692,0.12200499071018353,0.013960962403100984,0.5816987273307171,0.27945245225380083,0.4134326433233663,0.48167292420934793,0.43183992945176036,1,False,False
0.4051267023639725,0.611591236354295,0.2565945152819932,0.5595752041258275,0.5816987273307171,0.3340885317745806,0.6013687249288415,0.6224131115983451,0.45058796479163016,1,True,False
0.7145214670865664,0.3469897038151766,0.7518606435365007,0.9831848639771564,0.5816987273307171,0.6873571627298554,0.5656440527383947,0.29230152602721177,0.6232523840190295,1,False,True
0.4680605338839269,0.549072659530863,0.5530709285728557,0.6527754344547896,0.41446491773319405,0.5170509204192162,0.46626935211532006,0.6282152048997041,0.6122114114665728,1,True,False
0.544896623081704,0.3966806952823929,0.42562286877091193,0.6250967071251172,0.3580460858608497,0.5499315496783947,0.4380833096152673,0.5262517340885816,0.5165545751408046,1,True,False
0.34220289573164797,0.8026670386756488,0.28800698472024033,0.3289685813842305,0.7051691855873242,0.7473226840667633,0.32974379717871605,0.6730722849606765,0.3420039601118412,1,False,False
0.5507828527746321,0.48788548686983946,0.10231599146836341,0.3943051757991885,0.7431068791706877,0.585459715726943,0.567463023381393,0.46651631638992425,0.5367643827556235,1,True,False
0.5922356432834388,0.5940870039642214,0.32323761926331074,0.6587769107490639,0.4169163232659915,0.5148567131476167,0.39902945958951525,0.5344305920245377,0.3733601665064076,1,True,False
0.44236929294321853,0.6465600083473704,0.20626426982352977,0.3434332772435741,0.5816987273307171,0.3635901026960166,0.4735684213378857,0.6142997513017112,0.3812904685408593,1,True,False
0.6451900413674774,0.2684497247386135,0.25116021399455896,0.45444154514653445,0.6929154067455013,0.36577813990082414,0.49158295425294074,0.5061382826433461,0.6574434245174158,1,False,True
0.4385352672068353,0.6864255251135553,0.1274175216345046,0.4617462289201951,0.5816987273307171,0.41051224476701637,0.4052495781051674,0.8542715715820338,0.342391161412114,1,True,False
0.5092446236044993,0.47495158470646937,0.4189986225271498,0.5585771635513322,0.5226327046511009,0.24798979213744649,0.54429717298919,0.5550746334038246,0.37220850876668155,1,True,False
0.5026251502738249,0.5217895969571636,0.35509297559793834,0.41289920080992554,0.6433779865307973,0.573433564251526,0.5552287574232951,0.6763620382914793,0.5028531431970588,1,True,False
0.3870359830732517,0.5090637693875741,0.5842055796936384,0.31350981301234,0.5816987273307171,0.47745441763270263,0.15992606360649836,0.8326573093862039,0.5779050087465439,1,False,False
0.5768210362785074,0.5381839003187865,0.47881223382443416,0.793881872139869,0.4821660358216473,0.24527832547111778,0.2893136523095406,0.5840926087752412,0.4221818199004214,1,True,False
0.5026251502738249,0.6451246461702365,0.36434271961310966,0.5248984641851595,0.7048504891998316,0.19212773293813562,0.35977107695920063,0.5822599252087786,0.49758014709937787,1,True,False
0.7178338370326023,0.3097690054962383,0.18448170426738617,0.6417669403641459,0.5525316510386948,0.4569034624018145,0.42820492830705026,0.7418196186874597,0.6964412598369977,1,False,True
0.4048321890459427,0.6619574254609103,0.27309110637246586,0.659280321101697,0.46749978590323094,0.6516236866153979,0.4618636297096559,0.4356468528651335,0.4127838450539774,1,True,False
0.5026251502738249,0.4869824431663806,0.4507786329804118,0.5665650694582074,0.4807158765855756,0.41294707858403984,0.2463636320885052,0.5856248387832067,0.4458158558510859,1,True,False
0.6374271862670507,0.32103386196780115,0.4531361972774528,0.9402179902395342,0.5816987273307171,0.4094467077105402,0.37355991651021275,0.5563505344615762,0.5115490999287119,1,False,True
0.4592047366563143,0.6463049121198613,0.25080397941664706,0.454127001694325,0.5816987273307171,0.4976064241879387,0.6059534673931328,0.7011538904726508,0.5170700268120713,1,True,False
0.49718596440632196,0.5596225225530287,0.1810607740770114,0.30887591588114577,0.5816987273307171,0.5020603015441913,0.3176470744269504,0.7216189601784478,0.6671998842416041,1,True,False
0.4195482747020711,0.5654786071116871,0.3102430280172589,0.6936030310499302,0.5816987273307171,0.41759862520268515,0.34173462760715256,0.5232070808710396,0.749119093386115,1,True,False
0.48539064356016215,0.5090862995980575,0.24595004986302546,0.5584812856350463,0.5339220848878746,0.5546511441030151,0.6666830962015835,0.4434709214717495,0.7020397341234762,1,True,False
0.717216283922322,0.24084526273650017,0.26180385337800366,0.5939001454264256,0.6671774043924102,0.6575089238924481,0.421277420635916,0.604364859476113,0.44574827109674214,1,False,True
0.5026251502738249,0.8191156101891556,0.7254673614855252,0.630973630619812,0.2976803021441559,0.5318855685996902,0.4791192924773754,0.41721078627823976,0.5057252179067234,1,True,False
0.5211455524215125,0.6830201563288482,0.5865204643925941,0.3791947366119403,0.7050257445856946,0.35695969581686965,0.5690694734603783,0.7211107303402063,0.5139962408071491,1,True,False
0.5026251502738249,0.41493578390474406,0.4757833412095594,0.522645533739221,0.6290104146803656,0.33976383702275686,0.6728956512528613,0.6973800266764495,0.3871388524588956,1,True,False
0.41876008806041926,0.49922819649537653,0.7182896189960049,0.3155163457715521,0.8058676639405384,0.2624535417751996,0.5021486175493899,0.47758280828175576,0.7671433048918186,1,True,False
0.5208672717970873,0.4608346523854474,0.5528284384270697,0.717009189181281,0.36975464497386895,0.4435084923723574,0.5399852133444455,0.6567482634599894,0.5704126610257138,1,True,False
0.5759146887874623,0.5551888050639006,0.184659942152604,0.7466105639600232,0.5816987273307171,0.5751955042501515,0.32379063117448464,0.3265792281056937,0.5713446777219388,1,True,False
0.5587122100111438,0.3980875233790625,0.3775843050968341,0.6835256266392634,0.5563483263199066,0.19786836263461643,0.5742055856307805,0.582745502981027,0.3938283863016872,1,True,False
0.8072709997423066,0.10891714703525571,0.6387960952400683,0.6392161364768132,0.592281527644943,0.4010995960215455,0.4646317568238224,0.42497492850641294,0.35159394922682463,1,False,True
0.47098316523496014,0.6749638453497434,0.4148780555601958,0.7384497717496878,0.5816987273307171,0.5389785984836448,0.4670348327107112,0.3709657608150828,0.169517507137826,1,True,False
0.6543634723489169,0.2626478266846626,0.4317638265209616,0.4503775599923904,0.6087232424964173,0.34666145713115865,0.33333051387278156,0.4368153669638797,0.6500399200858221,1,False,True
0.5026251502738249,0.3532320994430934,0.23291656284035364,0.42795238408416214,0.6380333085295339,0.19131594242274524,0.2583169415189936,0.5423354000617062,0.8456384367436656,1,True,False
0.3316395037312835,0.9440753597782586,0.2593327675216626,0.5757606522883478,0.5816987273307171,0.4519658077789324,0.6222524913915245,0.4819639650466309,0.47889341900294496,1,False,False
0.5570324054429439,0.5113058859781632,0.5316962523324451,0.839676906372955,0.3669884624283511,0.5695372650413131,0.6158022695507527,0.6850421227414958,0.5024139162905604,1,True,False
0.39745303504502516,0.7572828735609642,0.1793706318513265,0.5370061785394368,0.5690935455596251,0.328877928790447,0.5149445725979312,0.4089852866649514,0.15806160884824164,1,False,False
0.5633279448091915,0.6007450006904316,0.6326294079172584,0.8468719076149668,0.43377126438326785,0.2529148447969292,0.3136081400316294,0.5186067133513244,0.5936818884202547,1,True,False
0.5316563581637627,0.5284621929284989,0.21723566950200218,0.31007943998132287,0.5816987273307171,0.43542831408098787,0.6588631974077656,0.57874759054186,0.22969045114660125,1,True,False
0.2612230808976242,0.8282254901720468,0.38445762694671326,0.6848353878180459,0.5816987273307171,0.427985627015331,0.6048259217148559,0.44585430149719923,0.3525486349710141,1,False,False
0.685513704062727,0.4340241137122891,0.34204008708229633,0.5943224507822701,0.6166367063594923,0.268796836978665,0.4654282026527974,0.40486482018933945,0.6986486803942676,1,False,True
0.4974447101841951,0.5997000071163143,0.48658794379000037,0.5732436513273943,0.5461197832714866,0.34379425323880936,0.41868558158575664,0.5788564276405705,0.48032474421713084,1,True,False
0.5480649659245578,0.3824786540880367,0.37218524057587943,0.4602671822403579,0.6091487261065449,0.3841107270745528,0.4617886490052152,0.515595169801294,0.5328469430017843,1,True,False
0.481214576586647,0.6263079899277467,0.40018553489564435,0.6279185812914951,0.5816987273307171,0.3546765316586828,0.1742563960928239,0.06034200633020936,0.49407643956168895,1,True,False
0.5026251502738249,0.420006624411316,0.299630033207649,0.6072286388098667,0.47493099046515463,0.4935797609737675,0.5632240604402214,0.49173169281576545,0.5077983227177768,1,True,False
0.38446350281940356,0.6985556849329657,0.2933763180703783,0.40704426360468926,0.7632860118495803,0.6469995842037433,0.40684787996533445,0.6412512459369821,0.5149045723678957,1,False,False
0.5016394366735216,0.7874497863045355,0.2570739745869278,0.8300747910383006,0.3779913888433808,0.40434044711330447,0.11935963743901458,0.61078427024765,0.6658928149968736,1,True,False
0.5026251502738249,0.7373206110334837,0.44387875115613923,0.4798464167339615,0.7055012222650189,0.661586478650044,0.43884903709727485,0.6261436577000159,0.2872255811298806,1,True,False
0.716158843424437,0.16924432875501064,0.41357255260776765,0.490185051332987,0.728353241678873,0.36194859334234547,0.37115560344822013,0.5560187137099054,0.4322610078603773,1,False,True
0.39884521417690455,0.7755097184843835,0.5739597690229279,0.48865884855014524,0.5816987273307171,0.16989381566743916,0.4354554553084158,0.6696053505718389,0.45758308198606396,1,False,False
0.5680663653980177,0.6309136784706951,0.3004696774294787,0.5109525157014138,0.5816987273307171,0.2234307683987516,0.645861491099856,0.583726974450331,0.7203658094414161,1,True,False
0.39287047435029926,0.7517109855396387,0.34088305018317056,0.6275815340721954,0.621583715164642,0.5041656926518445,0.43281242575567624,0.4811528829534644,0.5158780396060244,1,False,False
0.5388357475754937,0.4141982416136406,0.3085901434539394,0.6372921133890124,0.4572327903189687,0.4525586769109163,0.4266961535555913,0.6450101157648809,0.41227766655274406,1,True,False
0.48916653993210313,0.40536558963599534,0.20550539154370542,0.37670826260961926,0.6959385947098348,0.6598338077371364,0.38521382225808465,0.560060767038708,0.5571194093525195,1,True,False
0.5026251502738249,0.48524625260511123,0.49190098407044647,0.78516998751644,0.3625538599246321,0.535995026211787,0.35043301718458,0.5525292918515615,0.44045273057715423,1,True,False
0.4221608378098004,0.8535141279430035,0.2450307308540827,0.49194134238151815,0.665807615877588,0.8986234278065228,0.4190939903151436,0.7225504266875202,0.4180228601994275,1,True,False
0.6226300238408848,0.38647488668818963,0.1873946534065165,0.5300674225204713,0.5816987273307171,0.46435290040827387,0.4036798565103445,0.31793675928539417,0.33184510629783837,1,False,True
0.4297777954038143,0.6301064513728396,0.26820103272495405,0.3796233078404566,0.5816987273307171,0.35275140943377775,0.7784624701108345,0.6562300802682083,0.561971872361828,1,True,False
0.6834159090200318,0.45586922454793877,0.631569304443121,0.3755772941106191,0.8975654786797502,0.5437141734386663,0.4101234044817454,0.3873332996212871,0.5195536122130996,1,False,True
0.30687478740914825,0.8368596987091533,0.317726727926343,0.3603301885788152,0.8113973384937132,0.2598256911453443,0.3483979543642282,0.5673081701111308,0.5130136096623613,1,False,False
0.25368422692622533,1.0,0.6345562930822028,0.671116658496636,0.5816987273307171,0.5827996810675125,0.3049924430825008,0.5708328506918557,0.4757031517505434,1,False,False
0.6092620962595408,0.39996982529261205,0.29361168057711745,0.6712192819710436,0.5128586994841156,0.5546247471566275,0.3865066832085569,0.41611154328357847,0.4397883980778095,1,False,True
0.5760956454360151,0.4595294178072382,0.34553662084134606,0.5588214492054718,0.5288755665160267,0.5517715986872227,0.3531424754024288,0.3689312028374493,0.436073304496538,1,True,False
0.6541746545187146,0.5050598964522486,0.254096860691714,0.610495550879641,0.5818023750004514,0.42714781272947616,0.382476585332082,0.9076985040568162,0.5814401079217727,1,False,True
0.6320418773520747,0.5132103321448545,0.5206754255785118,1.0,0.15168387017633897,0.5216465787353575,0.3781779436996914,0.6241448093651832,0.48490865153641877,1,False,True
0.6782468844244134,0.5021784976050497,0.2917173729719384,0.5616732140172743,0.7379149011402378,0.3986424929009806,0.390716610286144,0.508032838418945,0.513999107454299,1,False,True
0.5752067083185339,0.5497528919354752,0.14291039528681104,0.5374393704539293,0.5948258035831278,0.2569678728889923,0.2659970687215932,0.340861054580845,0.4130921802940107,1,True,False
0.1998963642044841,0.9574160892337015,0.4369058904173704,0.5295418734142303,0.5816987273307171,0.5939520922240478,0.46111701925587856,0.33540225913316263,0.41846326750623036,1,False,False
0.45899099044826414,0.5134290495212739,0.19118650791722056,0.5650976582770025,0.6716848671742314,0.5622144784409511,0.446991847899893,0.7794787750504352,0.4314495183879509,1,True,False
0.5540906904048775,0.6007299636824226,0.40946268317246587,0.570109823260741,0.666660188346006,0.6331020928739135,0.5001540698022354,0.8636204507484838,0.5134112848575291,1,True,False
0.5534753361780391,0.6977216522449246,0.4763105987295146,0.8110447453528213,0.2499799633685757,0.4547377140146897,0.5436545556203325,0.0,0.20075827053845524,1,True,False
0.36552787875887394,0.6464656370587296,0.5022993085554415,0.45837412743188033,0.6892848586758346,0.3066814972882799,0.22503527092652448,0.6218472690559556,0.4702568428503186,1,False,False
0.5343953830067458,0.619637747095233,0.1932063324018027,0.3537111841899813,0.7905463796891077,0.5891170687437646,0.571684377089491,0.4540979719143204,0.5316818750133613,1,True,False
0.383873041764919,0.5582296187460014,0.3134208736724127,0.2260336853831559,0.7259675934200173,0.29499286622141624,0.43107619849257783,0.0,0.41459225532480976,1,False,False
0.5045462125444466,0.3379890084847379,0.28931132128489295,0.46366376518663194,0.7017745801605665,0.38665108011342736,0.3923271909492481,0.23308422809904605,0.3679081565826411,1,True,False
0.4911750744916179,0.52019105960611,0.3555971325068336,0.41319433206893974,0.667077457143667,0.29325825233785213,0.28167556859198467,0.549016333725515,0.5852412417073302,1,True,False
0.34374526086910484,0.7354292235696631,0.18298011140850856,0.3139445164718838,0.7645979390347253,0.7441395315487864,0.6134111686416934,0.5011558072353588,0.2970307998376783,1,False,False
0.35668076672428933,0.7079948026683266,0.22296292913105434,0.47872752477532227,0.5816987273307171,0.43427509805406,0.5775732783307669,0.4908876081580968,0.3221420565268237,1,False,False
0.34206150446415357,0.6799678720242984,0.45732049423032617,0.8217641082988039,0.16596319716097283,0.460551689761942,0.36723367213285885,0.7161410176326974,0.27355874200086183,1,False,False
0.28837769566791344,0.8851540755566004,0.8537378641214619,0.581405817181064,0.5816987273307171,0.384221580173943,0.5495372158557323,0.7064366979240231,0.3015784779622639,1,False,False
0.46470517924025634,0.6995339424632728,0.4796510382986014,0.5028005600288973,0.604288984415735,0.1464827244891571,0.43564072868334347,0.74985368923969,0.576201285070875,1,True,False
0.4842695690608015,0.386134923236237,0.39559366418983183,0.5456494456953521,0.5816987273307171,0.4868208091616483,0.4820800932863618,0.7559239813580144,0.24184241320297362,1,True,False
0.49660797668543016,0.5958290318191413,0.5486521342162428,0.4656650256055655,0.5816987273307171,0.3740839964455471,0.45909563484187965,0.31692579274303767,0.5020789346403037,1,True,False
0.4020290656736213,0.6507190726776416,0.4599453711895958,0.5996475138211965,0.468494082443197,0.29671212509271233,0.4911586444250461,0.27941021690977974,0.6807871271053162,1,True,False
0.426142892056454,0.5345248358508273,0.2795955254185412,0.32208040634404894,0.7829147493011341,0.39401775844976744,0.3578538941741029,0.3848336014414988,0.5156247430064517,1,True,False
0.4513879674971237,0.4843579823211772,0.5903790447176936,0.752137147957988,0.4164175731108076,0.22069712341187736,0.6129092316679541,0.7533241877491805,0.22747715793889323,1,True,False
0.5733748478535764,0.5292878152328881,0.12139647319728938,0.44894228843486517,0.5816987273307171,0.4537049954622097,0.7779570666633872,0.497063521055203,0.3839366301482913,1,True,False
0.6344774608780291,0.319527089792339,0.0744802207074144,0.380256667941782,0.5816987273307171,0.6135305867188927,0.6933438461911478,0.15900888061560683,0.4495974413048612,1,False,True
0.427948819669064,0.6426612406646939,0.4870135945268475,0.5504359045784317,0.5702104376107127,0.7399509466138732,0.5954493580241957,0.5222937775653589,0.6410592364294615,1,True,False
0.7337460194395989,0.42145808878599866,0.30495899430094775,0.7605640209287051,0.39952958268492667,0.4633432955259715,0.3699967211736564,0.6628766632759023,0.32707217383242027,1,False,True
0.5026251502738249,0.3051076718173493,0.3498089899667303,0.5366611627117064,0.5816987273307171,0.36629890976113616,0.4844810260087955,0.209046454188306,0.6198003375841955,1,True,False
0.4360814382173969,0.73164760320959,0.7376665599393147,0.5493041333167069,0.5958893406362074,0.2334165714349477,0.34681141017835143,0.7132731686595866,0.31255243790305953,1,True,False
0.6745256345818661,0.0945266227857939,0.3302991229466503,0.6006225527200081,0.5306516999754342,0.48472358162759316,0.3961180339935411,0.40656869383374405,0.3850721135400275,1,False,True
0.49195816936639536,0.6390140373805114,0.4739775064102302,0.7954963629948884,0.35460138167171557,0.35872331594193213,0.3491300236064909,0.5450031859241354,0.5888047561324184,1,True,False
0.46520720237615565,0.4417446997775504,0.40768340814866755,0.33356640176972857,0.7005421925671539,0.20038270797672314,0.4938199050111738,0.5949759501947717,0.5585253100356308,1,True,False
0.4123370067751302,0.601872903792315,0.42366731434639066,0.6480406235109729,0.4098491163046314,0.4967581145384578,0.22246006795396267,0.48049142828995733,0.9537246109799575,1,True,False
0.350896947286389,0.946062391889943,0.7181882543428888,0.5930314633713302,0.43159215702405573,0.2552935788898633,0.48498011821774634,0.0,0.6518004364624818,1,False,False
0.6956829963549938,0.4335158947257177,0.21840478948863884,0.5388588461435742,0.7273774028722789,0.32894048935150916,0.3878392268565618,0.5497870523361912,0.21139721624602698,1,False,True
0.39585564423635194,0.5014286726803076,0.32545299612272843,0.7737124050544051,0.22859106215334685,0.5883480204550677,0.6231423529809493,0.39455240596022223,0.4203017551856934,1,False,False
0.5026251502738249,0.5298355221765727,0.6887206049549086,0.6774123513175437,0.3675608522724519,0.3553343904468906,0.26380377605612515,0.606039435714584,0.4068321952171117,1,True,False
0.5026251502738249,0.3477366056413016,0.26175021389637043,0.4600967956471358,0.5816987273307171,0.5633913375295241,0.6661109800725593,0.0,0.3784723098103137,1,True,False
0.460637930957791,0.69937746095584,0.224249930842405,0.6830516443181915,0.5271997799780148,0.511083355091607,0.5830230896595757,0.6756890720379377,0.4107006092576861,1,True,False
0.3912794496104324,0.5947464702699874,0.4439727441268601,0.42727647069417934,0.6011516615133239,0.30874816614203743,0.552849978628968,0.0,0.43945095880222856,1,False,False
0.6103363329766461,0.48598219050055746,0.5107593175283678,0.5638379420742263,0.6289142345411393,0.3714305651455169,0.30832307228884354,0.6651191114817334,0.16414302897489055,1,False,True
0.5270426440184758,0.4662828341376698,0.15005651332019163,0.437496035079196,0.5816987273307171,0.3856479354878252,0.5149216384825299,0.29734591049426073,0.33375297092101697,1,True,False
0.47600021785738283,0.5519083558993716,0.25583584271661436,0.38401479579536657,0.6180841391284833,0.2900533540335342,0.5283302281914088,0.4901638342568972,0.14704630063519677,1,True,False
0.48397020088607745,0.6201954679415347,0.28975579976794075,0.6185608478500368,0.5816987273307171,0.30992598619078365,0.318780132268439,0.45842279851753526,0.5452138926645617,1,True,False
0.6240265150653725,0.5340948854622621,0.39343605694958284,0.6656394891217565,0.5681443060736847,0.2660447341842213,0.5485146226433841,0.5396024133359006,0.4447184944822686,1,False,True
0.5104983068661817,0.5409322162391104,0.2723901116317288,0.5118203898479794,0.5428529574248978,0.5921524078328164,0.40820839015627597,0.5360628294673886,0.48700363318079415,1,True,False
0.5026251502738249,0.7090428315169421,0.15324848515481992,0.46199455126941136,0.6552436278155885,0.711859137238019,0.4979699089016726,0.5036819958795242,0.7945211028699217,1,True,False
0.36002369231399284,0.6703222402840857,0.41593015835139224,0.43657985296211527,0.5662279237299428,0.6077876941419722,0.4344601373367942,0.3051121860579331,0.4071328446223013,1,False,False
0.5026251502738249,0.8493179428652214,0.3511388150453074,0.36675234705717413,0.6227858973653699,0.2911098429432179,0.5046014399999306,0.6910674027922894,0.48285479514296975,1,True,False
0.5532499377270753,0.4386185445356875,0.23011898004579465,0.3845252481787718,0.5816987273307171,0.4196867349100785,0.20292759140243638,0.5426389852281098,0.49032610729355414,1,True,False
0.44711797162428996,0.5837943441598096,0.6080788379649374,0.6429344245161009,0.362110064532747,0.3475620484765782,0.12903037513467974,0.5492679443387619,0.5224816150923491,1,True,False
0.6140279413966225,0.515398200783354,0.23311287589798246,0.37355220524182997,0.8351273374763408,0.29125671542726544,0.5807690217663894,0.0,0.3913564693169875,1,False,True
0.41195354263326167,0.8162738784248422,0.24787258091297212,0.5774450000056034,0.5295133284779154,0.4248904976301248,0.5013129339340328,0.4874505906174694,0.4624863844522497,1,True,False
0.5063529030107304,0.5764843446286786,0.2219603088490522,0.6055766708228829,0.5462483043994112,0.3296015688970249,0.48644031250992503,0.534930945060466,0.796200470230185,1,True,False
0.573512972339596,0.40120278558160327,0.3175786678400522,0.6325986996697852,0.4382303031863136,0.4368577233466711,0.7086665922198657,0.4805611508289028,0.5555967123902333,1,True,False
0.5026251502738249,0.8660743267221757,0.7652899182310561,0.5548355334312682,0.3793035034912575,0.6573966885333828,0.4701781734647069,0.5947158056194143,0.5049974331718617,1,True,False
0.33755611178076933,0.733568617948954,0.336802060923855,0.36665440727253457,0.7101617143947506,0.4015514056005392,0.5965379857883543,0.6334428794947784,0.3226189108690618,1,False,False
0.5854118114211141,0.6060589730548473,0.16531307320990932,0.4652371837301957,0.5630018358639248,0.3876938390448375,0.4929901016248872,0.5842742488029137,0.3344127858293847,1,True,False
0.4602681191746471,0.5411255735503292,0.41735402461897997,0.16691819782734782,0.8711536092195775,0.29879727161936803,0.5641539708270026,0.26215612033995495,0.5764199151878638,1,True,False
0.5027924515064165,0.47956859301782906,0.46803761493597246,0.359573792509256,0.7410981874545254,0.7203044235799763,0.3785136826084598,0.46750423115797085,0.5513388827061604,1,True,False
0.5026251502738249,0.501732831767474,0.44370208590656546,0.6716840386300428,0.5816987273307171,0.2315169445691349,0.42988988820791363,0.4562383359331732,0.559191939700396,0,True,False
0.5026251502738249,0.5020631598952766,0.24055011754957834,0.4942734149088273,0.6178047095911564,0.41438517612414144,0.6315791307322072,0.5433504213036551,0.6920805726965006,0,True,False
0.4960874351674866,0.6294271909230443,0.5929993432586068,0.4070184303020172,0.5935957426477707,0.3261542920439319,0.6881507439230439,0.42405382969060434,0.637754209478885,0,True,False
0.41015074338836566,0.5106590108447919,0.4352700473440074,0.4579820886315534,0.5379550914795108,0.5537356350158664,0.28572262135391824,0.4281167161593686,0.3541443682630361,0,True,False
0.39975913212403336,0.47074921179304796,0.28904108408142776,0.6327569558110624,0.4963606712534776,0.6484553687170966,0.31187684271407906,0.4630998290836817,0.7156572359020071,0,False,False
0.5250270704774782,0.530306889004483,0.4337016559557318,0.7878347460334677,0.5125033480619139,0.6575257521233233,0.5486483611676347,0.4895213680767644,0.4185899383480837,0,True,False
0.4473427762467051,0.5783909156629864,0.5105154472674384,0.3268944180612899,0.6270325223362851,0.6741934822362796,0.5273386888251793,0.5864305728577519,0.4844994438171681,0,True,False
0.7090731230874664,0.5841980845399116,0.31763651680079225,0.5993438990224905,0.6000552193114411,0.5269808677735561,0.3509742158719654,0.6903272119480804,0.4919140618421491,0,False,True
0.3843862513637839,0.4648024120984767,0.24711842369905815,0.5561835823048527,0.5208493691960012,0.22251302058888117,0.3823348827229561,0.0,0.5509674673517587,0,False,False
0.3543823377417576,0.4310170829149029,0.35970505911227885,0.7491254710555704,0.4719243475446817,0.4680585606330378,0.37553821478720917,0.5085912823429191,0.4637621164470835,0,False,False
0.4612212517669923,0.525343298703943,0.2958498214786946,0.6638072478786123,0.5879320968925766,0.5874674033056408,0.811236208272927,0.41423228309233634,0.22449704768097706,0,True,False
0.46709782216953005,0.6064978410391271,0.34330610786106336,0.48012479615023346,0.5907862449261125,0.6139434954597374,0.6154669605668269,0.7315318668533703,0.5818423857282037,0,True,False
0.44660071461783823,0.646925195079333,0.3874694444483672,0.5218133066319519,0.49652407220372197,0.5300294450650076,0.43040252554377934,0.540826728058132,0.2406708565963418,0,True,False
0.5690960587936509,0.48278407383075317,0.3129907646127828,0.7449109895651914,0.5581810907463043,0.357730883564714,0.3473228825539529,0.5397787370142675,0.49524650635621753,0,True,False
0.5026251502738249,0.5995810180124044,0.6027257212772222,0.3669917425283304,0.6308100252363331,0.6187166428061748,0.5247144904421294,0.26474268370223736,0.6382666446321127,0,True,False
0.543537227866053,0.6378726751897346,0.6659225399621296,0.5227944658610394,0.5159563631060736,0.33012887855584644,0.4664892070721083,0.5923882235587993,0.320635829600158,0,True,False
0.49199028170677606,0.4566437271476639,0.3222490380320072,0.5586460385859983,0.582614119520066,0.4538162706332985,0.3287548357395881,0.7160965421382618,0.7571351205079317,0,True,False
0.7056479469693432,0.5857030498759989,0.23565278206561885,0.4609195789043162,0.675559483349892,0.45615054365275604,0.6676636777686664,0.5360823399591412,0.5235074975372921,0,False,True
0.5456258407464356,0.4745862615394263,0.2953319086219112,0.4850174419251226,0.662819776628809,0.3719400771148514,0.3483443576112478,0.6591744108868088,0.57603074291632,0,True,False
0.4972779775717087,0.638987852370809,0.5053790037827589,0.2614532570178671,0.6102516367925749,0.609831685652765,0.4396735523250681,0.5654375390928483,0.3775247607986247,0,True,False
0.5757578302593439,0.582572982682834,0.24904475653749716,0.4123912954272765,0.6617901856581693,0.4230713187268588,0.5046570760710999,0.6060877572286794,0.40667530148346226,0,True,False
0.5171622707930712,0.6020890676732282,0.37946875393188023,0.4364671723611529,0.5663120821559281,0.251642428434458,0.4533928289195813,0.48541384430692275,0.45048159708555574,0,True,False
0.5347699791805895,0.5522314193830739,0.411699419563527,0.36074820805682345,0.6063493345653654,0.460244372545113,0.5331583278197416,0.3440153201898657,0.6804375108764212,0,True,False
0.6007471887761613,0.6799055626985043,0.4471363962367534,0.4171989195212391,0.6632648759268623,0.5902642967787572,0.47058287292152157,0.44531566131854944,0.2887804776121614,0,False,True
0.43885153243883573,0.46371340465203936,0.4720570621180547,0.9166760237656999,0.45080779341210453,0.5044943558702977,0.4192526042804251,0.669643995766553,0.3830995090929294,0,True,False
0.43544142070605857,0.4622536356046243,0.2625886484932895,0.6036024014555019,0.5816987273307171,0.4446901784996223,0.3240949520042687,0.4976845161962091,0.6981416395633039,0,True,False
0.456058857818422,0.7118671375076334,0.6508257219763641,0.49672462783436594,0.4777582666711502,0.4480898639905288,0.5274900457577,0.43965145219650636,0.5095478384980426,0,True,False
0.6759047154998951,0.6455294567081565,0.19544268985006955,0.20582222828482946,0.7331711761351848,0.5319730766628161,0.4216242833424366,0.4994215489029864,0.2647350662966884,0,False,True
0.5620105061759764,0.5499034177600078,0.3302314951636144,0.45862964178659404,0.5934599596117275,0.6433951643770601,0.5479531963106709,0.0,0.5418601638230337,0,True,False
0.41951122407619906,0.3853625839322805,0.35447626072199956,0.7358809120880523,0.5407391301876723,0.29897636864533633,0.4580118621085545,0.5232482784749675,0.6940608743845461,0,True,False
0.5026251502738249,0.5057854913079541,0.4216904641655814,0.637301666055348,0.5445363600799409,0.6166670464914725,0.6777787480712612,0.43513780339631025,0.6984523010259348,0,True,False
0.4663788891500267,0.5896871635629742,0.47038101010919353,0.3051390175323902,0.5816987273307171,0.42201636939507586,0.1874060596648986,0.6729742797204008,0.3613326539689308,0,True,False
0.3680145515626402,0.5798763105470737,0.438036536165453,0.4962666154109519,0.5816987273307171,0.2946902356819762,0.39427238646197654,0.3984599029615321,0.6125624537626951,0,False,False
0.5613330556317734,0.5931356512758456,0.4331724476706523,0.48196206611643705,0.6031915212849203,0.33677731052059007,0.2533328012070168,0.5846229811823603,0.37293827206346186,0,True,False
0.5503150180224173,0.6790329465632859,0.3568834945759198,0.6084072947364524,0.5816987273307171,0.3775685204343578,0.4864966728307014,0.4071200861635641,0.29899118332206986,0,True,False
0.48057174183238477,0.5574876878024161,0.37053412736664915,0.5723669656612397,0.5410423638527301,0.2519044367603153,0.5589389297435665,0.47235336261715255,0.5597839578798757,0,True,False
0.7474644626614515,0.520736359092584,0.10474839752496089,0.5109869037550782,0.5816987273307171,0.55511626474533,0.47364602891848495,0.5351496927418359,0.6629529983522485,0,False,True
0.6509133035939135,0.5749498428680067,0.33736577481277785,0.5174786686012682,0.5736270241796085,0.4206557866793538,0.5336772279312298,0.6251604717568837,0.589352927560033,0,False,True
0.5771291684395194,0.45967635445258803,0.2028839108508482,0.5434999284714812,0.5811498125253001,0.713582462367417,0.4847595913279973,0.3147067750660674,0.40859471376746476,0,True,False
0.505618529955569,0.6715822305436806,0.4245351742262972,0.2788534781777592,0.5827933765615444,0.3479462779277012,0.28481345377696726,0.334360464583714,0.42477597669202555,0,True,False
0.5026251502738249,0.3333399291947978,0.04254519841643425,0.7817012900823733,0.6088050160166583,0.6144898037662996,0.3401663302324565,0.33615245617993467,0.4997348740371124,0,True,False
0.5745635213642047,0.44345220343344804,0.14079428677602854,0.5859773924495029,0.5679614018135539,0.436039530195341,0.3855744050368465,0.613297262088273,0.3233029627434407,0,True,False
0.5028746413164683,0.5278498560861831,0.3393327556021877,0.47517487365067884,0.5452617504895728,0.349515602401465,0.505611305496798,0.7103605732601688,0.4808867013964507,0,True,False
0.3917124363429531,0.43066116137876065,0.3419030310570816,0.5679538828031213,0.5503302017698405,0.2183618326590519,0.458659369509711,0.5143396056922421,0.4941602611173555,0,False,False
0.6096004913978541,0.7296021735906275,0.36205413115735346,0.20679014174083307,0.6736522928908001,0.28027272734238945,0.47865524187863795,0.6325626439577258,0.2069831161187225,0,False,True
0.519042466767663,0.46944306086433607,0.23869662372393732,0.6191607164347243,0.5629403484447114,0.4608719350750053,0.6790691188089513,0.7003628934925621,0.36064274355397685,0,True,False
0.4469036534233514,0.48474495905385906,0.2723014138659259,0.8793856029563238,0.5816987273307171,0.5242959681416277,0.3233618168104305,0.598880762602015,0.516364294344778,0,True,False
0.5171679289816056,0.5606444720760445,0.23218850131946767,0.4998180860825368,0.525644972304628,0.6178399165227086,0.46029863812950167,0.6669356063540743,0.4410988655700077,0,True,False
0.6208653801462296,0.3511322701712988,0.03664681486558669,0.6928089190947807,0.6220343074975687,0.5874591391715018,0.4507057908994798,0.33790350087193366,0.15758653042827828,0,False,True
0.6171100698570506,0.4395556147944004,0.10987819480330005,0.6340196512631467,0.6425971759647183,0.4167202054878924,0.6026587978621746,0.2669398476195087,0.5186107421930203,0,False,True
0.5128474391810077,0.4839538710261799,0.17303003472710987,0.6192957684879254,0.6030795640941121,0.3087693837926932,0.37798149139173287,0.6700517422760753,0.4591505603636468,0,True,False
0.5117142301838846,0.5671169197897461,0.5566773134872056,0.7092003566545241,0.54330190115149,0.409355826697075,0.537204741088073,0.725659233585949,0.3600533686381865,0,True,False
0.6375795102209134,0.5170840903960782,0.24510911114406655,0.526357861890418,0.6037169719554496,0.3154937088157071,0.7309614761544345,0.0,0.24619665748262565,0,False,True
0.45379359298781863,0.5761422527151655,0.29698255426189113,0.2639355131480068,0.6227010856120682,0.3640749368656189,0.4216638102515917,0.483144376297208,0.26586793097585026,0,True,False
0.4772538262530533,0.6930938896124873,0.4237868488255968,0.4659459183272806,0.5119923882485393,0.25275899602820157,0.2275182946918884,0.3679094948948376,0.28488335702436607,0,True,False
0.38895185576207936,0.5584037952572924,0.4544718156830134,0.5367472371789861,0.575482527795212,0.3210719362087399,0.3673860754671964,0.5290078556467163,0.47210994954336555,0,False,False
0.5385629923459888,0.5019876359783878,0.3489674938818112,0.555068392339627,0.5797212106460606,0.4592617067206925,0.522243861390477,0.3920914593636996,0.5826420248629255,0,True,False
0.5026251502738249,0.553102787261511,0.24651933068230233,0.6059003565316262,0.4952045665633634,0.38142574263248624,0.3686488996547707,0.46635859711978,0.5733521958169655,0,True,False
0.3121768985899141,0.512245684507039,0.47977660625190016,0.6078367227144628,0.48865684262545805,0.4805813399380517,0.5420244627109331,0.37285571322569866,0.6049124662769217,0,False,False
0.7368857417537974,0.6160310869863742,0.17002467376791044,0.24215378246620314,0.7634419100982164,0.5433556045706067,0.40661809224454193,0.580421542857517,0.37007930202757344,0,False,True
0.4713995584967003,0.5473182421559276,0.34081795214120303,0.46044864830156007,0.5752216212583687,0.4660311372056581,0.4113526562740967,0.47943096254067086,0.6149197868728488,0,True,False
0.29982739924393087,0.515218710211534,0.5085058325753444,0.5286265575227773,0.5816987273307171,0.3310041519268527,0.37495792393437394,0.4022718309069736,0.7102439359439746,0,False,False
0.5657710403123741,0.4567602635083362,0.215637827539386,0.5163127309093779,0.6470121971557182,0.5069169300691552,0.5470436675636712,0.5456873030619626,0.3638356064713931,0,True,False
0.4521951975318859,0.43275107365015764,0.2967881915041402,0.6046517794330414,0.5816987273307171,0.44680254780445944,0.4101604846139976,0.5428319848951393,0.4707885088661497,0,True,False
0.5026251502738249,0.4855567991311124,0.37948417237805726,0.5775020289049527,0.5816987273307171,0.2592547159152074,0.3860426560901305,0.30843891645408,0.6954710766094744,0,True,False
0.5545816150001558,0.5030992262561762,0.4204023659876648,0.5995465076980299,0.5816987273307171,0.38059734152350705,0.7910547550425604,0.2799376806213119,0.5020189578476336,0,True,False
0.5883673309926438,0.5173443369457873,0.32335687054117906,0.6288232229735496,0.64509089279799,0.3430887496747321,0.595438453479712,0.29997791744650976,0.6596917075770635,0,True,False
0.40565957964914867,0.5105577824136959,0.5799443673964594,0.6677615428081802,0.5487288882954707,0.1308343876963043,0.4904314114632944,0.0,0.16819299222087056,0,True,False
0.5298264548786075,0.5308093030213891,0.37576027014749586,0.557347576960966,0.5816987273307171,0.5501732203394274,0.5189407256659789,0.587768131885037,0.6091052904353184,0,True,False
0.34114167417903757,0.5398849575137108,0.3097358352201296,0.35936828967916334,0.5685411667143148,0.48543411584235624,0.42800573763945293,0.6802278856049954,0.5543886592875632,0,False,False
0.5617924978879147,0.5898150627921177,0.22969202519630597,0.49008998763078987,0.5816987273307171,0.3879923094347572,0.40917015890704145,0.5954534878569933,0.6324495282511161,0,True,False
0.4216761225065428,0.560161456793734,0.41166810813045085,0.5745717575266,0.5245227247510587,0.4428295309377627,0.6056207909099349,0.48055491172290515,0.5931341878076574,0,True,False
0.550407929022427,0.476948397575213,0.2980921587234548,0.6163779362103882,0.5848636051373246,0.588536149863433,0.3233256076212922,0.5063968553791243,0.45603253496095747,0,True,False
0.5582229841305828,0.5182664143900966,0.32686570637348017,0.6915767557847065,0.5869907355162454,0.3457830785840524,0.48963017738079573,0.5896985898762905,0.311242819474694,0,True,False
0.4385530736953126,0.43893988382246973,0.38704060886660113,0.7156619724197283,0.5369591854289513,0.5467177126750924,0.6481234545314187,0.482928777010517,0.45211222796140565,0,True,False
0.3601003591350737,0.5286183621362531,0.27946837177574724,0.5863776741844388,0.5485516720851079,0.45985077365831545,0.5851643097683125,0.5338563226645328,0.5849282967165671,0,False,False
0.6196566208342273,0.5560696037528048,0.2418247842576983,0.6480141381728879,0.6471182836023069,0.45433296448342136,0.599733860268987,0.5991182302505124,0.6671535941827248,0,False,True
0.5492398574008841,0.6308666391884058,0.4914587061606347,0.4631944423262117,0.5439245420301035,0.6090012689660582,0.6043401229723192,0.6811374598389597,0.6671499517427913,0,True,False
0.6121520800473443,0.5536608780367718,0.1553436822229542,0.4156318565120915,0.5816987273307171,0.5765019605430182,0.3699650975056031,0.5298503460224817,0.5964085008481091,0,False,True
0.4051258804239148,0.49820031743195303,0.28251243763833034,0.3884743103944264,0.5966994186553767,0.39869212074473676,0.497932763461594,0.2531504535937959,0.3438633970058257,0,True,False
0.47320045912888453,0.5691529950413033,0.3468005493622531,0.4405793998501813,0.5207365706342311,0.4048429137324994,0.3741420245780635,0.501227736247461,0.262981802918111,0,True,False
0.46721483564384636,0.5373202323376213,0.48099412826075977,0.5288945639938564,0.5681282143480426,0.61084287501326,0.37162443808924656,0.5468306985666584,0.17128648691077628,0,True,False
0.5026251502738249,0.4416404380814226,0.29697036595551624,0.3741557151808909,0.6077245818437321,0.29624548646112464,0.6564839889502433,0.6972086164836288,1.0,0,True,False
0.6600855402402309,0.6393342942364392,0.3495476654437309,0.2946523002698706,0.5816987273307171,0.5220331803716429,0.4032730871952319,0.5258125326018879,0.721446182215198,0,False,True
0.5026251502738249,0.4178368865465709,0.34475965771781997,0.565422998688291,0.4550979045675644,0.48320978876648063,0.2021959782607573,0.482715499038968,0.5795011578270423,0,True,False
0.4529149301589913,0.40229945460710614,0.245742765772363,0.5673386851129688,0.6063327294660353,0.26834164416512757,0.269621378405163,0.30314222690350745,0.7579144810422052,0,True,False
0.4271683733402798,0.4854210667700567,0.1889026335090854,0.26117451641652445,0.6453035223678881,0.6327858921771552,0.2539727555235554,0.48245510349427007,0.528878833180363,0,True,False
0.5432842021608936,0.45255624422913887,0.1741875828474225,0.6325353094805942,0.5816987273307171,0.3833505433517113,0.39695196166734004,0.41298843060988766,0.338977108919286,0,True,False
0.45910803163153563,0.47478546843783964,0.42151285562406715,0.5434484595208652,0.5701072538098895,0.6737168783851522,0.3744931127016154,0.4867576650805689,0.8665144407868981,0,True,False
0.5026251502738249,0.5397938911513573,0.28877860958703894,0.2599037599180542,0.5816987273307171,0.4123457295456016,0.473450896365162,0.46240246368561344,0.4610011773694899,0,True,False
0.4363623793935476,0.5234956814790951,0.4356368254865203,0.6820049158305546,0.5204148781444857,0.3393557735531639,0.5101162060422185,0.5926537214219686,0.6487239815183686,0,True,False
0.4173523629225444,0.43839968922117767,0.3092487137326152,0.510868723178219,0.5751705247792039,0.5687995296371571,0.4722663221859267,0.646474302260938,0.5092125045074375,0,True,False
0.383396177888613,0.4642892046006937,0.47102007774158716,0.47979989990501654,0.5816987273307171,0.4931193480220832,0.6578633575252405,0.5398923253274366,0.5326507072779328,0,False,False
0.3818490819109868,0.4982102299536675,0.3604461699106984,0.7338632734217996,0.5398123693304951,0.5432314753998824,0.37144341481579857,0.7022414543232957,0.28367573129059187,0,False,False
0.3847362394358304,0.5990779221325262,0.6539291406802693,0.6083938874744066,0.5391339401194822,0.3043804631347314,0.5804138569302765,0.5149430079310495,0.4183330431261216,0,False,False
0.7085341732540743,0.5790287253262013,0.26636563694414817,0.5234685597805973,0.6648195432869796,0.1700934543474953,0.5690628199068561,0.35340602960275314,0.5043463867472923,0,False,True
0.5026251502738249,0.619786487859597,0.6853217504011975,0.4680373738343723,0.5554675440273533,0.5624735592165675,0.5177064633313923,0.3874659313169567,0.5441532154912295,0,True,False
0.508675602473808,0.5685044885416854,0.3325343543115294,0.5273695667359336,0.5816987273307171,0.30154964725457784,0.5474389413046586,0.4566272094622416,0.43951607602311743,0,True,False
0.6727354372707257,0.4577870080450246,0.138848536903206,0.6343779178270793,0.6513412089707943,0.7263017287069977,0.5588205006801579,0.8480671721765006,0.5964517212325399,0,False,True
0.5326546256010223,0.7820491870763063,0.5051064399231084,0.10426556404915877,0.5816987273307171,0.7049302266285218,0.3681779311351562,0.36315622050989577,0.5022769997218776,0,True,False
0.3765876828712655,0.5762995832355505,0.6877773675064442,0.6651833005626818,0.5816987273307171,0.4007366100265211,0.3727202501550702,0.3715854721759532,0.6841664187087461,0,False,False
0.5208540742569716,0.5618481644710318,0.3541628871323724,0.5696083711687984,0.5988939272906827,0.3458657024638729,0.20900213343949797,0.5134065879997868,0.5270644534449948,0,True,False
0.5574166586212648,0.6393225442014562,0.6084079763774136,0.49416590173933345,0.5816987273307171,0.2837767653220418,0.5554562603714774,0.6007077133626026,0.27555062705639977,0,True,False
0.4888822079326248,0.54418869395263,0.3823567914457785,0.6296989922215955,0.5816987273307171,0.6031945667611778,0.3324941096025298,0.4973077137462465,0.2698171323883365,0,True,False
0.4006246594152551,0.3827534434016152,0.3204110755562248,0.7040298603050991,0.5522057367378271,0.7249911460180625,0.4666944303996068,0.39501429554934386,0.6039348922121653,0,True,False
0.40722533177940123,0.6749671464887907,0.674654190732668,0.4339306477700121,0.5146158404729162,0.5740649547032657,0.7849362736647737,0.5923470549958441,0.36928274081658585,0,True,False
0.3866258926854166,0.6498356413878335,0.7419540554213142,0.5258853422899257,0.5074031633914046,0.41730752350749417,0.7563291040749601,0.47146513927777245,0.49937712097869885,0,False,False
0.5026251502738249,0.5830617645203038,0.27819636507783624,0.23046241261990627,0.7330919315485337,0.7865934924700009,0.23772298884464876,0.5481218084317153,0.4655224712943981,0,True,False
0.3584380274477309,0.44239672414595965,0.47205490251465515,0.8109178403470602,0.47726888474810414,0.499658807968777,0.5254314533218297,0.18704021084710162,0.5362977816975348,0,False,False
0.3251598864673378,0.5427975203949438,0.4211106590536226,0.666412680903935,0.5816987273307171,0.4902477525826973,0.40817642854635505,0.55651422851871,0.46942793223776985,0,False,False
0.5026251502738249,0.5661169753782079,0.3463790633436874,0.4477994216346912,0.541210525708251,0.29210628270850597,0.3989642214381954,0.5508960203344336,0.5981430746359763,0,True,False
0.5018075672635252,0.5635893714489059,0.3806163389014898,0.3825450645618044,0.5867350568308237,0.5065025294652252,0.4479509326928395,0.5112188252473207,0.8582988827482634,0,True,False
0.41218721207897563,0.5334508937916771,0.2602817214599606,0.4688686733556136,0.5391261729066524,0.35961098321382917,0.37712314918567336,0.4200342450022085,0.5276652444041464,0,True,False
0.6027054273586875,0.4921239095978138,0.2058242854321158,0.5517040689560846,0.6612483521370743,0.7091589890394603,0.5259356616015859,0.6264157781693455,0.4472431451107473,0,False,True
0.4219341620476229,0.6022629649888745,0.6816789988285991,0.5927798126730259,0.520778379305795,0.30737517044277224,0.5133702980437828,0.4355265933602417,0.5381886762576439,0,True,False
0.4927386664412264,0.5077525150381937,0.30708739869884855,0.5137432651019197,0.5816987273307171,0.43245499341413135,0.3977073377382174,0.35406053810440724,0.7414036974322823,0,True,False
0.7323381691769835,0.6177352597513428,0.1532015465419871,0.31204331530993357,0.6826045229315046,0.6061598295491037,0.6307050977086737,0.43332454155142547,0.347962278743537,0,False,True
0.5861785669863708,0.49139387200252105,0.3058640433342867,0.494007743674667,0.6196408374680091,0.2647009190281116,0.6179464041629795,0.535042301714374,0.5246967158608654,0,True,False
0.5204405277171299,0.5840288621918475,0.5017232610612651,0.5091950790136828,0.5881557080736995,0.299231860698747,0.32055371687990053,0.5134374975616104,0.6118396513274761,0,True,False
0.6292354594125691,0.648092439507574,0.29257507506926206,0.35838596573454123,0.5448371793937307,0.29488557763167994,0.465089645817085,0.5159468234535554,0.45926521847085905,0,False,True
0.47439290623435537,0.5493536608468772,0.45227776475373677,0.5460453499251755,0.5380451995464294,0.6859035190610194,0.42113868331746407,0.6556206611181565,0.6134073011044902,0,True,False
0.43893916861243987,0.5444810590162474,0.6458504226273983,0.7474097399134407,0.4521137179807633,0.2412313367705054,0.35966964882132063,0.9677928072342388,0.5957431943552075,0,True,False
0.42188869747014673,0.473206944428036,0.44289953706552165,0.6667137346377034,0.5198859878955602,0.3573068054141965,0.44975806800814944,0.485760373846929,0.6348073249791238,0,True,False
0.384988995035083,0.42044147953581956,0.31729567540743076,0.6842051798814165,0.5261973096917761,0.5425581602887017,0.5094377551725009,0.38899728724050553,0.4022830253350362,0,False,False
0.35761164137598483,0.41011145768130663,0.4416275483214675,0.876022737506544,0.4572777404073104,0.21294168238037064,0.5505513859557367,0.5675801637107115,0.4188325983170112,0,False,False
0.4645455857465403,0.420123305650662,0.24101376031669444,0.5706327713106485,0.5826285985614004,0.5874607494104931,0.5873815901450322,0.30039685938516275,0.6642436063602738,0,True,False
0.6862042068658504,0.5564548220948131,0.305168996497791,0.5607113450428634,0.5816987273307171,0.3312356674239844,0.3509094004166868,0.5162433088986255,0.558773293964761,0,False,True
0.6244449915591413,0.47871466616696945,0.15389901302612144,0.48728985940251307,0.6803507769705522,0.2487681262762475,0.44923409937710923,0.6899232889867655,0.263262088408622,0,False,True
0.5995998151255162,0.5085799058230793,0.16881937134287306,0.5861652059922372,0.6358413528411754,0.3405689819757061,0.4281544520879167,0.47226234941408485,0.2616565381238697,0,True,False
0.5026251502738249,0.5712600604086088,0.20089581534121229,0.42559746490642714,0.6560558617558564,0.7506814149043195,0.5292200282951348,0.4194668737075509,0.3417931897358403,0,True,False
0.27437178843179766,0.5059478166279218,0.3229176899550516,0.5340862819432192,0.5816987273307171,0.5278408249561493,0.42999240450386056,0.5974566484741041,0.4132415471166972,0,False,False
0.3072409619376678,0.3674597048350646,0.4321252434485764,0.695941509734913,0.5333751778663096,0.3223725850850792,0.39523883941055676,0.4327715688290582,0.3058473622781276,0,False,False
0.7068492294964667,0.5920448930697111,0.21128498395625336,0.35954034345176944,0.5816987273307171,0.5239982392089964,0.3664158224514253,0.3984514924821375,0.4468573755234279,0,False,True
0.3085314766134061,0.5028226374911908,0.49657685530167656,0.7404437120931346,0.4199462040770895,0.17697312086642697,0.4309842529229322,0.0,0.3388111365450267,0,False,False
0.5938409717372689,0.5408778508179595,0.18044149965552547,0.38816557572709204,0.6687061834641393,0.7456946449121999,0.2397372358098503,0.6162205668787339,0.5369770308876677,0,True,False
0.5026251502738249,0.4777697117992896,0.0732933815366505,0.41880130915235786,0.7084559935405387,0.5875792235687078,0.4669434361580651,0.551256868739266,0.17585256697158794,0,True,False
0.24359711933851716,0.5802325524682869,0.800472612865523,0.4160808976406707,0.4913635075202123,0.29734021596509236,0.5282517370184493,0.6968991729612153,0.429526520801455,0,False,False
0.5364959530091032,0.4888094227493607,0.2755044660666521,0.43810447070945163,0.6484257468043636,0.555401554063861,0.7098009928484836,0.4862239694925907,0.3578009176802487,0,True,False
0.49844934768668564,0.5238689702153266,0.42472985957390214,0.5422648293595648,0.5345675695922799,0.6700321238254503,0.6600342267392396,0.40376222801772543,0.6583244618805334,0,True,False
0.5026251502738249,0.4241923353932462,0.25592805976198046,0.8498386174225591,0.5816987273307171,0.3135923095533673,0.5762290184309266,0.4822339290377877,0.5541649280235815,0,True,False
0.5329090871570052,0.6897103017007382,0.4088580729223529,0.5421090224298347,0.532801150615037,0.3430889644021012,0.14232249304280986,0.49736482598903053,0.47249283753890664,0,True,False
0.5026251502738249,0.5172970594662265,0.2956428086360827,0.5907448031488294,0.6403398495280929,0.46243001162160363,0.410046471367017,0.508823646274998,0.5849085213779469,0,True,False
0.5157261109604678,0.5706962498677011,0.25181558236368423,0.27324711484475245,0.5816987273307171,0.3950123118194622,0.4961908641367718,0.5212564818452842,0.5575127691435341,0,True,False
0.6279179420677184,0.5078414034274334,0.12362768781814587,0.47028901703920456,0.5816987273307171,0.35574689713525104,0.5564128768779126,0.6260215846966145,0.383866847290751,0,False,True
0.5026251502738249,0.5469959530110395,0.42959856122457557,0.4791356866746627,0.5816987273307171,0.5092339887969746,0.3383999995295611,0.5110398586650311,0.5102309164464874,0,True,False
0.5026251502738249,0.6223660041592324,0.4779883763858915,0.707010219454034,0.4936142670543352,0.42833464849689856,0.5788304913770447,0.5623980053966688,0.8180395196903456,0,True,False
0.6463690038784174,0.4428030350971659,0.0660427094989171,0.42495676092134504,0.7320398632418549,0.5078903915936266,0.5352731183501513,0.5028645055647768,0.2578938708727363,0,False,True
0.6796529010888879,0.5500678919980838,0.14385835732094565,0.44027784825475647,0.6767331123697443,0.5595140671450038,0.40908518467995336,0.4464692277988609,0.44675508819713755,0,False,True
0.43894592426252904,0.6011911436260802,0.3299549830104325,0.46119319709377193,0.5816987273307171,0.44397803394202323,0.816657999010162,0.653576391741794,0.4993268896816983,0,True,False
0.5353008604975766,0.5909321839278747,0.4750178657694979,0.4360629557549316,0.5989438182365054,0.4609135099200598,0.5638740521896355,0.6825343438007542,0.764360929294053,0,True,False
0.5065632726404763,0.6302666586226743,0.47236963177178315,0.3744000311020555,0.5816987273307171,0.5833191583211879,0.6658342032760781,0.5020957761841298,0.6932135724197243,0,True,False
0.4731837519752,0.4520387631401448,0.23899593743130526,0.526648451648347,0.5949518353828228,0.3922897006623202,0.5155612577111676,0.46910264732858,0.5452298826149117,0,True,False
0.43087063592142333,0.5549263508537139,0.5346119900003974,0.4825455129441765,0.6335205266933506,0.2946503576307505,0.45612341240732346,0.34592013569575863,0.3731956175566642,0,True,False
0.453149673214419,0.4257838727224096,0.24057225537050622,0.8105687344782332,0.5316140923565615,0.2723323942562635,0.659452057462572,0.5163551610825803,0.45253999163916464,0,True,False
0.5026251502738249,0.5888238387364515,0.44431934671164275,0.5542318783320889,0.5538030166806912,0.20935083560342355,0.4509859148931431,0.5029984432655692,0.5016901039896856,0,True,False
0.532796061391836,0.6176027242633991,0.313852188639853,0.3355863685195955,0.634673270942678,0.5466568827562006,0.46974308993563385,0.45803401281288914,0.4520801735258814,0,True,False
0.45440477161342174,0.46287886070156437,0.4188881712353691,0.6177519551413303,0.5821854194506667,0.21107822839980078,0.320251937962698,0.5627824712933545,0.4219635307111472,0,True,False
0.6436849109714475,0.6582980978510865,0.40861500820055124,0.5021534542398921,0.5816987273307171,0.34739594463195894,0.5102805556351193,0.0,0.27364199876717976,0,False,True
0.5333009380323043,0.6374946708270602,0.29456338766489176,0.3800075757962501,0.5816987273307171,0.4805003701960176,0.45300947185182594,0.7982373801847326,0.11946410603894062,0,True,False
0.4099868809001572,0.5165031577186062,0.254563313942849,0.6072908287216002,0.5228446342017362,0.4258620751082946,0.4865586497238079,0.6541830147330101,0.2406071483815081,0,True,False
0.5560790480757014,0.4623179522882329,0.2148106473720435,0.5609241278033017,0.5816987273307171,0.5420008085958155,0.44542328864040315,0.6029548954753559,0.6531694165179979,0,True,False
0.509899055809402,0.4841336629729144,0.15444572658072112,0.4191333557444282,0.5816987273307171,0.3820367096329857,0.5269116014238583,0.5432724521119159,0.34456981680165033,0,True,False
0.6289412675189231,0.3982704671706566,0.07236872757644902,0.6650694499870123,0.6470278724599273,0.2059879242867177,0.2773917734254492,0.4940906097796821,0.7045197710739438,0,False,True
0.5716451060779233,0.5042985728297879,0.24113008519606674,0.5749764184921554,0.6440519068478349,0.6647259597465798,0.3047215658074524,0.5375732220844965,0.31906810465837365,0,True,False
0.5112384188590171,0.6042181168319142,0.38415775220325926,0.27963733018066045,0.6100729626018758,0.5690493276721931,0.5075114554490561,0.0,0.7059221241425112,0,True,False
0.4590975103196793,0.5640823061159331,0.33821336564024806,0.4051366460320174,0.5953525878758728,0.2642767421254802,0.4064760140501639,0.6032948844167119,0.4006094068930854,0,True,False
0.43747659078355944,0.47933111029625797,0.4536590073749074,0.6045891887159897,0.4961128567432196,0.4995779295066714,0.44578991110591903,0.5539378533601986,0.41236655499751046,0,True,False
0.6041357883507364,0.6576184735415638,0.2584405805409321,0.2967111858243579,0.6456961353906198,0.33090044582105355,0.4544716586779821,0.6622210536025147,0.6549964255672299,0,False,True
0.4122998138263416,0.5539260144073226,0.45183786662585335,0.5307428393501586,0.5387130220952211,0.40662356253691373,0.51149813697602,0.501235366044578,0.30799505363420177,0,True,False
0.5026251502738249,0.629485255173792,0.18457042210619146,0.4447273807236466,0.6538831383774294,0.3934233507284031,0.45782825638483027,0.4756958172051804,0.5935265277172596,0,True,False
0.4829136087906427,0.5248995999282319,0.30816221487102413,0.3140916955064945,0.6136366304222934,0.4827608520511025,0.42423471175549765,0.0,0.6533353059793069,0,True,False
0.5639318330104516,0.4616045638014066,0.16655627992798355,0.5727057100005724,0.6293072005112375,0.5080959234538618,0.4763949795086516,0.4877759060740669,0.3090246232820164,0,True,False
0.6126242806003457,0.6301171537382243,0.40351101274092155,0.4595402235348416,0.6045189947874248,0.3633921637473709,0.5269015959069183,0.28674354707793187,0.4662724016879584,0,False,True
0.39976641554112907,0.6596604113767512,0.727863212540981,0.48132705348792143,0.5539263507005909,0.42453352370950753,0.38934202200394147,0.32186803468220127,0.4492641691273807,0,False,False
0.5818308838753548,0.6202893236870557,0.5094605467231033,0.40357336029500346,0.5841675770400568,0.34131869852134883,0.48606532680000925,0.4192514696545138,0.5402812475993565,0,True,False
0.4761067905912077,0.6349686318877866,0.4104499925993887,0.36156231438878866,0.5967087075457138,0.23971050315988013,0.6578045174678894,0.5839494299947309,0.46861323357621015,0,True,False
0.4642191427015951,0.45825368129176147,0.38442528138166393,0.6776560250318832,0.5714408275838174,0.7205938849234972,0.4515821320548994,0.5107484546308784,0.5494195736242263,0,True,False
0.6954206705579318,0.5888074836906874,0.1736473200686504,0.45045533272152516,0.6510601442428395,0.46844431790229285,0.44872204703828467,0.376127161197628,0.7795822119356686,0,False,True
0.6620201353315561,0.5692166812393358,0.230068254589947,0.68243649992749,0.5661380653889447,0.43715621676808053,0.37298091706498193,0.7314809082818257,0.719550648880431,0,False,True
0.5026251502738249,0.48409469889290324,0.2854331868270507,0.4595939084231875,0.6283409071195195,0.46594253424739546,0.31651435460364985,0.254229717852671,0.4819673851307807,0,True,False
0.7185458641794837,0.465896100823188,0.08064805119958063,0.7297201427340864,0.5816987273307171,0.518484576407072,0.5467635150134249,0.5019109793595912,0.4478708186931271,0,False,True
0.4625632427578251,0.4710435900942108,0.26617769616670894,0.7627857507649616,0.5006636456162209,0.49866441381560916,0.17533125376982417,0.5225332243620586,0.5400100153851711,0,True,False
0.43543773910718686,0.5557441791541318,0.2727410333938622,0.4845562704623539,0.5816987273307171,0.38991490987973426,0.2629871131536117,0.6759512302438658,0.2848265226253287,0,True,False
0.44984611671448343,0.6049597888292236,0.3398976503094481,0.5406435955376789,0.5761486434522736,0.4416560857988486,0.5238383978632222,0.5201027468915996,0.043591231721962935,0,True,False
0.37743547767351193,0.5015506156288905,0.4303629460286613,0.4524888981273723,0.5656882035976896,0.6324952108095638,0.5823166574752269,0.3758529976427684,0.6335721577631056,0,False,False
0.5907103364094524,0.5243959769953539,0.18993575356978984,0.6281983116444206,0.6163876886399018,0.3914547249120192,0.5822092717806411,0.6872108562175484,0.3075212577341143,0,True,False
0.4313976993077001,0.7227661836758642,0.6430877773761942,0.2225415859473159,0.5816987273307171,0.3086470617099753,0.4229638128374401,0.6300930846896019,0.5212394601034634,0,True,False
0.44594850030158284,0.4485871419950528,0.3166191628623806,0.6196656857319929,0.5816987273307171,0.5795327886952941,0.5754182874918987,0.4289377628246492,0.3824615640980305,0,True,False
0.5867214117465683,0.5250247615762734,0.2052159200117257,0.5623501503437985,0.609257364928184,0.41477893404095806,0.4273028365174165,0.6996487259252515,0.36526071270786276,0,True,False
0.5026251502738249,0.5738533953460112,0.6472574738998972,0.33726250260824575,0.5538054607434579,0.573677676551593,0.36302106584756105,0.44056301898413835,0.466391667024643,0,True,False
0.5026251502738249,0.67317199481685,0.4392024548433179,0.4594079413569663,0.4803918314823221,0.3071314946695391,0.558197133928018,0.41007285700639995,0.5359952030633129,0,True,False
0.5026251502738249,0.6279490286359285,0.4566712394151434,0.5969548426149104,0.5074911953646283,0.41964987099987355,0.587444361538933,0.6985940344931978,0.40075066483600236,0,True,False
0.7025736105090297,0.6639290278279052,0.259126396025236,0.4107486549052099,0.5816987273307171,0.20735663941193067,0.4668091352375837,0.4965139024920028,0.523561733406441,0,False,True
0.6228403093959419,0.6251429076352736,0.4984738997004395,0.541429752551571,0.6019887616010545,0.5252513850736134,0.2663298518384015,0.4011016820720334,0.2718331295999661,0,False,True
0.5006858353066214,0.6279833871480109,0.3005890724341186,0.5033017923323616,0.5816987273307171,0.37861151065171633,0.48309097630908593,0.624892779532834,0.316117385389733,0,True,False
0.4637599175824181,0.45497134600936007,0.234862890982258,0.5780484931790315,0.6260933870355821,0.8237239395723552,0.30697541031503,0.45603449699628035,0.6083891400013527,0,True,False
0.5581803086252541,0.48211521687639336,0.2823315471280366,0.5586697798637944,0.6342545287005753,0.32967508287878095,0.4631923290134017,0.6501957224653869,0.2744752421582838,0,True,False
0.6894687810729949,0.5722837753766341,0.13442316120501718,0.35956294314194615,0.7315874067518425,0.36946825795254296,0.39258770626177775,0.4312767647002637,0.32947056133018127,0,False,True
0.5719672299681613,0.3783364113288269,0.14027695667636644,0.8531903991419308,0.5816987273307171,0.46515079691205713,0.3912908492163896,0.0,0.7185050217686285,0,True,False
0.5026251502738249,0.4465783836859838,0.2830633845133395,0.6237346033724342,0.6257749402572319,0.33746105121750886,0.33674887613257914,0.5919378945699894,0.42856104003626444,0,True,False
0.5026251502738249,0.5705751256288656,0.549650725130272,0.4873706956164568,0.5816987273307171,0.42772226358681703,0.4498168912366427,0.554215102437712,0.4528506647224419,0,True,False
0.5276312640305433,0.5156617323651926,0.47288665415336073,0.6316057379540265,0.5470198934893284,0.48361655850699764,0.5745955208840985,0.4545757389269078,0.6365485377852848,0,True,False
0.39268430867512927,0.5703860452770153,0.4789734834985169,0.5676814363545738,0.5528177450373216,0.5164923076550081,0.5544986437237825,0.6707325726091486,0.6825704157045972,0,False,False
0.4327020081228238,0.6648205001624202,0.7314111979075548,0.4768212576040776,0.5816987273307171,0.37728370213991896,0.4535595079886343,0.6162775969667401,0.34831712362892175,0,True,False
0.5026251502738249,0.6361781011356827,0.3867958186861263,0.3702823192137007,0.5816987273307171,0.3519648355485297,0.523220775401227,0.5316519014548157,0.5265975449053509,0,True,False
0.4477823811882109,0.5015548024987598,0.4014131130892098,0.4982908837996975,0.5375325878753768,0.6173849960739142,0.43788756492599745,0.5549254429026732,0.6096608003211718,0,True,False
0.5026251502738249,0.5204984395018504,0.33396354753690494,0.7689615480256318,0.48389417232581144,0.5063817373461841,0.269194838034103,0.4809716114722012,0.6653714738203064,0,True,False
0.44892748731802773,0.5417025385211263,0.47437949576166666,0.6400620437496352,0.5836929234572097,0.6873320344867802,0.3408387939518655,0.0,0.8041761661452844,0,True,False
0.6459354022643945,0.4865381034411127,0.13057196783229041,0.49698958284705325,0.5816987273307171,0.33411646921512544,0.2897456252232312,0.5230998837004533,0.48373971270562316,0,False,True
0.6087901484826026,0.5592345535257107,0.3921823143478893,0.5376685876013809,0.5816987273307171,0.44616294627897074,0.5187984188590177,0.5076382238295818,0.6924515721320871,0,False,True
0.5026251502738249,0.4934232880084942,0.3230853206373172,0.5322809155737042,0.5923902853217716,0.19823605853357268,0.3022478163611105,0.5318846215756913,0.5167933278022913,0,True,False
0.5026251502738249,0.5294613828062863,0.4976470499771816,0.5104945712858541,0.605609892673565,0.43526796801500217,0.5841692805897155,0.3987088734524692,0.27662099508393057,0,True,False
0.28778947928127624,0.5656850996877008,0.6896865767025125,0.6417599289587448,0.42801744370259887,0.5635108480726536,0.44286727332210296,0.37031740332188423,0.516100636588782,0,False,False
0.4580505029824324,0.5692080178262727,0.5256093938757623,0.37981091758993635,0.6156211257154747,0.36325665905388654,0.34272183022244307,0.7339396300159337,0.6738787832283984,0,True,False
0.4483067849986847,0.4988177291502476,0.4651826068837065,0.4827737722906717,0.5859085900487045,0.5052748839312164,0.3447694659364909,0.0,0.5469387931272459,0,True,False
0.5463484234073956,0.5117122637439615,0.36433093846954423,0.6469830251863544,0.5816987273307171,0.3703882159792858,0.40821912298085755,0.5887905674963299,0.6624189568913627,0,True,False
0.3962987035082694,0.5688518323728471,0.6514411718606861,0.5225225953527445,0.5403022136131918,0.438025341516662,0.5057623066446459,0.3343633201905387,0.4718208515266242,0,False,False
0.5026251502738249,0.613886578736623,0.2881374515144681,0.49012811768978143,0.5948798589477776,0.4487966611534359,0.5073367834210168,0.669587835276807,0.2183701880589361,0,True,False
0.53347264420547,0.6997421225157088,0.5973283481970052,0.32754700206219245,0.5971677630506254,0.47516551511968447,0.5328166708636167,0.5452977862332051,0.3656984006282641,0,True,False
0.5026251502738249,0.4777702896796283,0.340366080804224,0.6681680029724589,0.47708650744845615,0.41406379526669185,0.636035081461921,0.7411692170827014,0.43764484656851793,0,True,False
0.5655821764895099,0.6048583598647626,0.3858807423837398,0.5431606791076604,0.6027126511735912,0.4020934926937106,0.6660920266035593,0.19729823185745302,0.48760786676716933,0,True,False
0.5026251502738249,0.5235271829671746,0.1725579566636084,0.4705197158849127,0.5816987273307171,0.5433448245244685,0.5782239523319863,0.34507427397104884,0.5325723946133086,0,True,False
0.5026251502738249,0.48584163236273414,0.23411191242614607,0.3978910523989109,0.5816987273307171,0.22262269291482745,0.2814211376577942,0.48252216165235295,0.5127149312382863,0,True,False
0.3880887226080451,0.5598611693634311,0.5062890234778894,0.5428095752633286,0.49832387899866015,0.47227286308504596,0.33111475704423954,0.7049700084297189,0.420820131022614,0,False,False
0.5956794007167681,0.5613859821069676,0.3443785506048109,0.41222043466855063,0.5816987273307171,0.4327406458017385,0.5092485628969827,0.653707766228243,0.6386281426933945,0,True,False
0.4796942205699853,0.5359553361843808,0.32255804600843646,0.578684599834232,0.6397423863814583,0.4027422896910215,0.5794283802814849,0.545535044056203,0.1877496702169334,0,True,False
0.43557229213902354,0.5949465719393539,0.6408509972372057,0.45872338576968313,0.5816987273307171,0.5362469259422937,0.3675034587396959,0.374730584713891,0.5938016148098381,0,True,False
0.4697746659343674,0.3946061840378632,0.20443144085808548,0.7364303445406969,0.6043490314501047,0.4152925256648821,0.31349627023400684,0.6292870447530925,0.43889459596925334,0,True,False
0.33436419715969135,0.6276719167643385,0.630928132849583,0.3366351337302661,0.5040788167758835,0.45648807749192716,0.3349145553585555,0.0,0.5059085522765029,0,False,False
0.5822296650302619,0.6243490923773173,0.21966115711446654,0.2702487905534046,0.5816987273307171,0.4879612764920656,0.48855536450706605,0.6400696143900707,0.3921309331957222,0,True,False
0.5026251502738249,0.6496973213424289,0.21776988383920964,0.30048502630152407,0.6964098897453131,0.2691126548864206,0.2661852919101191,0.6662793775033177,0.17291716993698011,0,True,False
0.5026251502738249,0.6289773908173164,0.4432816814874229,0.32525257143782377,0.5709650357595947,0.49397050715685425,0.45159905481119234,0.0,0.7972295917864065,0,True,False
0.40497782616781697,0.5321085450168686,0.3244427992405044,0.5030218115286458,0.5816987273307171,0.3890927982127083,0.6162761168684957,0.0,0.4050167184892261,0,True,False
0.47321025713354103,0.500482179117035,0.26334937370864814,0.7139604672305839,0.5449710445775974,0.48515506209736053,0.39417651018714833,0.3263128436635333,0.39642585974256556,0,True,False
0.5909745417382789,0.5104564189526397,0.17731772735930623,0.5525550573679205,0.6173319810198288,0.28446041572770847,0.5024857920094785,0.7196771918362723,0.3557541566654522,0,True,False
0.5026251502738249,0.7053650981481939,0.4169849916953028,0.3043441983971797,0.6832960375612306,0.5131575870285205,0.5021479949434362,0.38646307552760234,0.5400299169644073,0,True,False
0.5026251502738249,0.6318212280219636,0.1910108974112952,0.4935462294368444,0.5816987273307171,0.3667949775187162,0.4123154219686774,0.0,0.34639088544062,0,True,False
0.7506906163790825,0.6037348655035615,0.27034962546699337,0.49097614139274687,0.5816987273307171,0.4017306331022172,0.5513766870847099,0.5436185895792397,0.38855716282107816,0,False,True
0.36938814957543464,0.579808375885415,0.7272128275358138,0.5429295688665442,0.48647542879419414,0.6495026271154158,0.40320783536378985,0.4178070759756701,0.28350000056920754,0,False,False
0.49744273569768616,0.5307418416166862,0.44474179925163,0.7696755068426037,0.5076107037604073,0.2123892564680428,0.5245076470519471,0.627433742599488,0.17880188739172478,0,True,False
0.4677711800426426,0.5721463119857841,0.2177766139685112,0.26815248584689105,0.5816987273307171,0.25615339353290306,0.5144641562913703,0.4146644235401829,0.5194375354384876,0,True,False
0.46824566174173754,0.5358370081636014,0.24766839245637925,0.18777591458400394,0.5816987273307171,0.44555455371749647,0.33161928045413974,0.0,0.44281341835192684,0,True,False
0.6458987761464258,0.6307335155640863,0.22704659122606846,0.3893426782393964,0.6751355703520995,0.34339627560491665,0.4141165942479571,0.7070967995749634,0.5480128832772945,0,False,True
0.4264699219850496,0.5633588217422171,0.32232103871130596,0.5886526631183076,0.5175350178089861,0.40316795301914926,0.6295839678835519,0.58759664671767,0.6737154790065637,0,True,False
0.4481289843965198,0.5238396341500776,0.24314763970365708,0.3726614880524255,0.6276428896568523,0.6237902056740507,0.3901761381320337,0.4166708911026531,0.5786359093295558,0,True,False
0.4717148563313271,0.6004761378470136,0.3816297302167772,0.48972251265495087,0.5577749097431639,0.43515806961501974,0.46562852919813913,0.26500501310477725,0.5689103636245464,0,True,False
0.510281570724932,0.3837774196856223,0.1844161484851917,0.6334784489105185,0.5692812858726704,0.1696214184500251,0.3473902748758026,0.6569779226763984,0.4429647017187654,0,True,False
0.5797461835961771,0.5849177819302177,0.3885466678927859,0.560616064534789,0.6176274475676105,0.44557637047704607,0.2839959074154056,0.5406626257420797,0.28071420627667,0,True,False
0.5475134128879218,0.5896625453889195,0.37225712426366964,0.4064110619395646,0.6093055374925717,0.41313556297781523,0.21266691782716435,0.5095960019585171,0.23768749511921083,0,True,False
0.3968109266280135,0.3876379570327877,0.33136970865634885,0.7274361289809433,0.524017726101329,0.303786869355164,0.623321469497431,0.6036115081149906,0.5835027253600681,0,False,False
0.538852236036302,0.5252330164531113,0.39252157528812637,0.5392832457796628,0.5884460751681643,0.32865442230082836,0.6126004800913387,0.5666832226017311,0.42601461632924725,1,True,False
0.5026251502738249,0.6207708173463679,0.18723333102768258,0.5646502422347729,0.4756135386945374,0.4743197204946908,0.47761317271000026,0.4098897202149832,0.39920548874492573,1,True,False
0.5242979203094398,0.5901034943366475,0.20506072615700696,0.6665592039509366,0.5131984429957427,0.4043354370155829,0.3903919227633072,0.5904116481320864,0.46684430567879526,1,True,False
0.7153706473191191,0.5901321654600559,0.14355000893943137,0.5359242594797885,0.6663108034398836,0.2503487545398992,0.30701372415902345,0.7456141541750176,0.45311921902932245,1,False,True
0.5026251502738249,0.5125704135507996,0.3073004655927398,0.4447934296360909,0.5816987273307171,0.36124665576077314,0.4961328836386687,0.6308628614902037,0.2408112195304386,1,True,False
0.560461667201698,0.676641249636371,0.10425393761992663,0.5082212299845112,0.5816987273307171,0.6362180022195782,0.5492803131460121,0.541497705079563,0.4605074491359156,1,True,False
0.5026251502738249,0.3926257451584795,0.8494905088353137,0.17421176305710784,0.6706261754670421,0.2474688964989325,0.458490511836285,0.3854903148586909,0.10413254519008727,1,True,False
0.45244019825451964,0.5442679745225487,0.37992615665869645,0.45162141197801664,0.49583843832363783,0.3813528910794583,0.6368665094961734,0.4988145138588168,0.4894743417454283,1,True,False
0.6868639788177184,0.632328170112526,0.20060389095885625,0.6839554711489515,0.5816987273307171,0.45535230215530714,0.44476532993160756,0.0,0.2829729000512269,1,False,True
0.5026251502738249,0.5047779941808439,0.47903073853955613,0.6078863218827727,0.7085476964299188,0.7601377104776927,0.4889953911861914,0.5249514247608366,0.1938522336580053,1,True,False
0.6352141770867938,0.6407374279403075,0.3717062989449859,0.6755410136047427,0.41385448033265737,0.4979580503144591,0.28708999872782387,0.47735077939874726,0.41012153618873187,1,False,True
0.5026251502738249,0.5382984365839784,0.23384692447095098,0.701681162439406,0.5816987273307171,0.18916701110130701,0.26760156117975703,0.3959218587507428,0.4740048609201207,1,True,False
0.5815307071261653,0.596180764505409,0.2491274110553562,0.7122046169835312,0.5816987273307171,0.3176406097272006,0.5058769997952131,0.43608519396321194,0.5484821139714896,1,True,False
0.5832653523399288,0.565802891229257,0.2726168293077488,0.4087938682766879,0.591574424573418,0.6057942097823394,0.6192120916322867,0.48397355620095006,0.46702901871125874,1,True,False
0.35228274608817794,0.42523819551168307,0.5062632469991062,0.5526014481055179,0.7237512741577469,0.5684053871847616,0.48965646334896185,0.5558179230747099,0.6798984464524592,1,False,False
0.6412729916506646,0.5497594671318268,0.3268088119260116,0.5649720665278687,0.635415830057802,0.5431656117700965,0.6675066434297099,0.5146698271652896,0.3308753288413322,1,False,True
0.5266151282732116,0.6273492289787114,0.2838122871438142,0.7103201059905887,0.412483421141668,0.6464207781050313,0.4837717039792332,0.540048200256526,0.3275706407416986,1,True,False
0.6505235988186971,0.5625216232871183,0.3999160237172334,0.40891634986359154,0.584373375445273,0.49947115416167215,0.4113919057307551,0.37478908200133937,0.5751824444358232,1,False,True
0.2977320329548216,0.4240938774638593,0.386541166782961,0.6451521903963497,0.5816987273307171,0.6399884643034808,0.44611087352968204,0.570400733801986,0.25610229748713986,1,False,False
0.5576363588107031,0.6131522450458734,0.34443714522239277,0.4591465428740804,0.5816987273307171,0.5990917902540813,0.4481084526933726,0.668567758284157,0.6953887290035622,1,True,False
0.47890253041274816,0.6649991286892554,0.15444750875105998,0.4377060335776634,0.26769208360395363,0.392190854464533,0.4071459528233254,0.5974850271556494,0.37288308183558205,1,True,False
0.25879756058990405,0.39706236194264954,0.4337417141333591,0.3656471695194684,0.737868304168568,0.36244758772501834,0.574559850753916,0.5097018563582836,0.7411997634139499,1,False,False
0.5690612017130416,0.5039005885091798,0.34675907742250545,0.5855556718260503,0.7521136341767873,0.4894082969735007,0.4488072655018227,0.6927018143347651,0.6930291007783883,1,True,False
0.3282576968435551,0.5710273050723825,0.22280299906871623,0.47118156793918686,0.5816987273307171,0.787499068904139,0.35329158464079613,0.5655514476135313,0.4781470612491345,1,False,False
0.5026251502738249,0.570335906428984,0.2061118739983047,0.36940621919532957,0.5559211872368129,0.3866959935573984,0.5533517129928109,0.5201014794973248,0.49327704036249215,1,True,False
0.28532125756810656,0.47887567289113486,0.3014687902053988,0.4784964963516973,0.57422734514219,0.623739923800511,0.4489203187787356,0.0,0.36474708845658455,1,False,False
0.6362847941115185,0.5623275658982444,0.5472807387306454,0.3976421679752895,0.5733226273628833,0.4279076985534817,0.6344790131632279,0.6379307592788265,0.6033765422820087,1,False,True
0.42133759462899806,0.5472702137910491,0.34195666507167627,0.6867240956227522,0.5603327035505805,0.2289110819771118,0.4154386207560563,0.5968880819412208,0.6522622778401689,1,True,False
0.679616187293063,0.6104403719360018,0.2665181146590971,0.5632766708734716,0.5476120254688633,0.47640204937972813,0.2850667069640622,0.46346338029262124,0.22594750807763953,1,False,True
0.6316045468497998,0.6620882085728238,0.12344177698171707,0.7950536119666314,0.42447516492303716,0.3298041015768624,0.5207271006778661,0.6200501272364664,0.5911757811384738,1,False,True
0.5515056066869612,0.5840089396943043,0.27793001845880133,0.5740406837550571,0.44713017173019187,0.15306203349523906,0.3661819247799541,0.45550557346990705,0.3354038740404741,1,True,False
0.6492443641730072,0.5857359663657051,0.5240370797965055,0.5121732794296662,0.5456356412111586,0.4682557843915372,0.39519698297791495,0.7177806160396639,0.563455476697767,1,False,True
0.1255026511064845,0.36326709296311344,0.6767334685725223,0.5773915494337423,0.7016802043912439,0.431856675488332,0.33060139226954605,0.5213921549827966,0.2869264757367993,1,False,False
0.5517994356781152,0.6040049335103409,0.33068552585166405,0.39047504103298,0.5816987273307171,0.27407200228640266,0.5682937207040087,0.46932111566660384,0.5130129584028985,1,True,False
0.4806565349587774,0.4753914943962534,0.519996131254857,0.41338085096033594,0.5816987273307171,0.2802982231923757,0.4829577952522143,0.514279785746878,0.6924284837596052,1,True,False
0.3632449537738221,0.457517704800806,0.5440212874017761,0.4447160212953187,0.6313974987366313,0.570057604520964,0.597546262544442,0.500788039886224,0.47489708253750457,1,False,False
0.6818050372320725,0.5970952768855693,0.4083141980255109,0.45807192055806134,0.5328153200423766,0.5539534742600827,0.6839662292400831,0.4231890384536648,0.6681609879012241,1,False,True
0.5026251502738249,0.49004678536875046,0.3239125440786474,0.6362792923647888,0.5713362542691249,0.2574362583248965,0.38821027254901885,0.6412907497465113,0.4241843327071469,1,True,False
0.4461617181282024,0.41998330909019954,0.4283294029995985,0.444436045399297,0.8522619220494163,0.57439541472563,0.8187603413081826,0.14957711652047104,0.6796095249986668,1,True,False
0.526889221774743,0.44004906647217457,0.6053593756502454,0.3000346800997642,0.5816987273307171,0.45086141849782807,0.5249419561134975,0.5078361106567156,0.8162894056527956,1,True,False
0.5573161488658278,0.6719029931638429,0.23087874828317775,0.5694655895946341,0.5816987273307171,0.405359509946222,0.5094100908676535,0.33476726007532676,0.5508659257847494,1,True,False
0.6140548008817703,0.5618994656751335,0.24385884388430748,0.5398532278949287,0.6949773635199951,0.23431536080155452,0.49075380081877673,0.617722163017665,0.33819113879506646,1,False,True
0.45974603543501663,0.5279937931097175,0.3161981875510627,0.5705576768535449,0.52814362344395,0.34657434687303174,0.4098486305630167,0.6092804904545048,0.371686781125951,1,True,False
0.5238198375733372,0.6757154907561082,0.2585220504474852,0.6129149170132604,0.27046652081501826,0.3851571917266324,0.5024512547588617,0.6579810659934374,0.6282213463375633,1,True,False
0.43891135983301094,0.5932263086896518,0.3227972741701652,0.692885644805407,0.4036498169267757,0.26425116639247354,0.5742514693836152,0.6400694621535757,0.30858016559538437,1,True,False
0.3375712657570185,0.4663156232047342,0.5573300946497682,0.43611709173087454,0.556402485121212,0.4554645252607426,0.39985005590787354,0.0,0.4149378976911913,1,False,False
0.38523899388737604,0.45383348625560616,0.45607954140896334,0.42564921145780027,0.6920475491867836,0.5666758254408011,0.5873832780964885,0.53979226751409,0.6019766973562334,1,False,False
0.4017728568858855,0.6107934672461789,0.14297083218858847,0.6969939547778267,0.412726302615095,0.278328532125281,0.32492998997135586,0.5820889668439853,0.5493456535318942,1,True,False
0.4120620022208742,0.49679716055622647,0.5062706124461187,0.629419454582322,0.6464002554700502,0.3473113177070292,0.31533868936535436,0.8071722656974947,0.31057409317948537,1,True,False
0.5026251502738249,0.5384364949411876,0.2861505195419396,0.563972629665126,0.5816987273307171,0.5787629332132964,0.5090143919268162,0.43318020023891324,0.2506400895443619,1,True,False
0.37509670110541626,0.43705416191735547,0.5655903768109054,0.287364488375018,0.7048917312085398,0.23441509690272605,0.315293466006408,0.5667228107476884,0.4957935948528042,1,False,False
0.5491989940065265,0.5867186038960852,0.48020673756390236,0.7409264685321464,0.46969698760124645,0.30464660030971175,0.44899496619370727,0.5755507751219217,0.4667561270129474,1,True,False
0.2629340193249162,0.35123714091317637,0.43354872496025637,0.4495720484263877,0.5816987273307171,0.6692211890891231,0.43873966953426413,0.742816932218444,0.4619153720926132,1,False,False
0.34983512189304194,0.441811036467499,0.23570278682803428,0.6236091848804296,0.5816987273307171,0.44775897310229024,0.5371318396714497,0.6588389465507993,0.4621789247465737,1,False,False
0.41733961437069267,0.5608170540601382,0.2240873176405502,0.49251804522351234,0.459607588275037,0.5135169180799495,0.6126374906614246,0.626252242758607,0.5748520635299154,1,True,False
0.5026251502738249,0.5294971948497776,0.23234804554650484,0.4139860935379129,0.5501636472368906,0.43712460935224,0.403138769531367,0.7465468055358864,0.5605632274065974,1,True,False
0.3598797702245185,0.4458905682769134,0.41941771021499136,0.5519960899510402,0.5816987273307171,0.29536530830820124,0.42414861419330696,0.5240352490191588,0.4658150455368634,1,False,False
0.7115176935035615,0.6260834046003294,0.19076575228456202,0.6322312006295148,0.5922314281459898,0.3798090660421464,0.4824745286375661,0.4888273967512281,0.3396829452124107,1,False,True
0.5298216169063628,0.5487052688802505,0.39517157814975595,0.3474505979823079,0.4554471642554928,0.32330874065769927,0.6212712818009312,0.7079085425485901,0.3670335917700157,1,True,False
0.5026251502738249,0.4094930995795627,0.6152869141808236,0.6888629878926231,0.7421984822803444,0.4555360908854333,0.546014944445258,0.1672638378113702,0.5656985887404394,1,True,False
0.364280857502475,0.5159160822508082,0.3527791699839805,0.31437589291882945,0.5816987273307171,0.2675984602293066,0.4801644145997146,0.3995365891131312,0.7013237377513529,1,False,False
0.2595116306330377,0.47849983577615174,0.46404484962270987,0.3831218588375385,0.4642792891360543,0.5584984052853668,0.25886595630694004,0.6216269837361651,0.35915516262733294,1,False,False
0.6328893467090861,0.5307049357775009,0.390176183950907,0.45644692898843126,0.5816987273307171,0.6036824652209414,0.2950700242122076,0.6539025799469079,0.6102691107746528,1,False,True
0.7241380205900794,0.705764824521876,0.24246910978829445,0.6517251944657209,0.5816987273307171,0.7254632521134339,0.48931796259937477,0.4999742365934924,0.4579349893669313,1,False,True
0.7072010600027326,0.5500767224185565,0.26125711533289764,0.6101481932168736,0.713327191790163,0.2859728294805604,0.6968091812082955,0.5893421201987858,0.17867311591258392,1,False,True
0.7334593215116679,0.6194763811444688,0.22055289913698697,0.5605172713144785,0.5828415201782592,0.27999645420662317,0.5161518592276946,0.6810262711387622,0.539740832328741,1,False,True
0.01624993215729991,0.3812156724766149,0.6355284485661746,0.2434827434582604,0.43943271875699785,0.4573601877822467,0.42153039095131106,0.49962446745077393,0.3962453086723225,1,False,False
0.42980435169208103,0.5752158197492118,0.24359282254086195,0.5659588145726988,0.5076389725980947,0.43769231986049956,0.4606037178570104,0.42658708421653485,0.5630009987327421,1,True,False
0.507917509859516,0.603769194974711,0.40591218164682974,0.44590505190229723,0.332227479361578,0.5670136463318485,0.5434153440716851,0.737802615986461,0.8059731758715556,1,True,False
0.45359217657538065,0.5185197170055574,0.23945736976090287,0.40593582439296205,0.5816987273307171,0.4640250716497681,0.4514776492326993,0.54419931720394,0.5322807841394407,1,True,False
0.5806672657312276,0.5937470523231377,0.37207977128105757,0.5030924052304016,0.5607408263218601,0.3261382150989713,0.44869475819296334,0.4466693437042806,0.6375578679537707,1,True,False
0.7323440166378199,0.6197049608113304,0.29287468056309285,0.6501246103529814,0.6264499205004272,0.27054766922614754,0.6606359699906819,0.6662253722930725,0.5879818904845392,1,False,True
0.39016828105043955,0.5088197435793157,0.18587921200114046,0.6330834498041018,0.5816987273307171,0.6176002719680989,0.2271951205481006,0.5992577832004123,0.574055680171215,1,False,False
0.6599600257900292,0.5989911798062817,0.2382133326542091,0.5339272341981917,0.5542952567344602,0.6888731435232875,0.5510007830798034,0.5366395979743649,0.3822974337933052,1,False,True
0.5050938708727044,0.6028017679856017,0.3237410398126415,0.5675343932596463,0.45750908998740003,0.7411291718446615,0.2495771500513841,0.46790949111102575,0.5376680960008763,1,True,False
0.5082782332622922,0.530573047184338,0.29788305862412967,0.35791694691247067,0.5398875224480737,0.32884036838018765,0.48435172019017825,0.43565327527077374,0.4322216954160391,1,True,False
0.5884997569206482,0.5519294671723848,0.40596580236308044,0.6994927481170947,0.6301610125911254,0.2568459686750136,0.6338402600797188,0.43548672740824346,0.31006310246779123,1,True,False
0.46044657368308595,0.5688288491463941,0.17704763132410992,0.57116343583832,0.5816987273307171,0.4136640696166651,0.55270602985981,0.0,0.6668477704428007,1,True,False
0.4401271071044321,0.5634003616516189,0.19552516053319788,0.8744890420862119,0.5540655027011917,0.2848289061407632,0.4783880013335533,0.3818305211317028,0.48280337097908427,1,True,False
0.48372546698067564,0.5421560959567608,0.2211489434897035,0.7219610859218676,0.5816987273307171,0.29046436237768264,0.5940891688282038,0.5487645382825297,0.44947172645552075,1,True,False
0.5044175371226299,0.5936323400115735,0.18026548811097318,0.6664860498790516,0.48557724955729487,0.30082015164982473,0.563055696658354,0.5422523460232334,0.4742387038079517,1,True,False
0.33130358989672387,0.48963198402327,0.5572669699004669,0.4575902889685585,0.5069401148454127,0.45052016516209464,0.21305948542104253,0.0,0.5056793013606241,1,False,False
0.548497634905943,0.5732771293878585,0.11741920525297633,0.534627673407075,0.5816987273307171,0.373784587762556,0.21908621983388854,0.6136547278380972,0.4290001056109482,1,True,False
0.5812652187933776,0.4762003719426482,0.5494636729680048,0.6849225155819154,0.5816987273307171,0.5238876292492487,0.3859456186376192,0.7720732091765179,0.244633532313417,1,True,False
0.5343855551369023,0.5028900566547968,0.22100912339928386,0.33637995536882537,0.7054623717902665,0.24881854108786422,0.36349133475731105,0.5318236750804878,0.48969111170291263,1,True,False
0.5772962911752777,0.5023737335677353,0.46114671069642704,0.5677824491376756,0.7180110286211195,0.38676373063800756,0.40730445644338903,0.6996618902607181,0.3636764065266592,1,True,False
0.5026251502738249,0.5919481105925476,0.4541772850597839,0.43798144094146674,0.5816987273307171,0.4465442680676856,0.5336217296340684,0.5178079546856741,0.5370378566103261,1,True,False
0.5501559356562237,0.5248811376907581,0.2923359648452683,0.6890473977778065,0.6680987354297717,0.8135728459569422,0.46652631836176084,0.7284445840528134,0.5543881947559993,1,True,False
0.4821972275728651,0.5797139756083775,0.3829171667078458,0.574482378039979,0.46809288754921585,0.4637738453330558,0.1456088479114695,0.24470489807140783,0.25103540645697486,1,True,False
0.5026251502738249,0.6248786622017874,0.36230061629059235,0.5445401621658806,0.5339677303126289,0.2549681366788043,0.40556572083384806,0.6491852020954116,0.6049092509211155,1,True,False
0.4517101480406846,0.5025913360062991,0.37621500330704416,0.43373484688178093,0.6199370177652033,0.3843975391112066,0.4238805282499135,0.4846264962244162,0.40177927322727797,1,True,False
0.3859916923019078,0.5498334158849356,0.1847179607762546,0.4644566611130879,0.5816987273307171,0.3426492165917863,0.3700794758453272,0.5944576845595414,0.3289737756421113,1,False,False
0.40713382060032227,0.4062635153753905,0.5197566056065772,0.38340308293413083,0.5816987273307171,0.5600323495219213,0.2225291729919514,0.44727690094799527,0.18271924711454937,1,True,False
0.5495903272836817,0.498397851828844,0.36699173917554323,0.4187133725413812,0.5816987273307171,0.45142130069526737,0.2550845031024105,0.5211466138455132,0.8049144941060984,1,True,False
0.6129591924075746,0.504801086385476,0.3328027644538902,0.27962292981803494,0.6736115309871294,0.35467132979769894,0.2988275025333464,0.5350876412803275,0.3665056195768591,1,False,True
0.7063529572365413,0.628262056904876,0.32133722255500163,0.597609108542945,0.5598278575688187,0.48845735841694765,0.4877077452683337,0.4775584348303232,0.4348957289363599,1,False,True
0.2447464548311118,0.3891288991332783,0.3533094246505519,0.3611524327167908,0.5816987273307171,0.4474765401330905,0.4785191799226747,0.45230547004762534,0.8561266666198319,1,False,False
0.5978886063813306,0.667449738615241,0.24205843464223886,0.9336496419971541,0.5816987273307171,0.4211005193138732,0.4914592943992334,0.541651152407214,0.33288625647234504,1,True,False
0.5026251502738249,0.5710001993174013,0.21287163864243888,0.6842930271179225,0.5790562524399976,0.3221140345936438,0.24482358369760743,0.6130711464320576,0.5329031045307845,1,True,False
0.5993214694211075,0.6088806277146378,0.4385625147014452,0.48547614261151556,0.4370626716361461,0.45808826630366634,0.4077245592848599,0.37018886118439404,0.5105614175251308,1,True,False
0.5415674771183381,0.5290485854990924,0.35061654697682076,0.741252330312707,0.7184907038708842,0.40801541333232955,0.532918359000239,0.7453317619183587,0.6396947955318751,1,True,False
0.7035753348143169,0.5851030570519024,0.574133074174243,0.6260751508306843,0.5914534614084253,0.49137376692353124,0.30287915493886414,0.4068407622373982,0.5807971500975527,1,False,True
0.3732631290642183,0.4991746004635276,0.26196745167269325,0.4904185952386067,0.5816987273307171,0.37273377501196464,0.21524182517690837,0.7164786243243617,0.42460710578402877,1,False,False
0.6902609425998302,0.6748664014778722,0.21167999874180665,0.766961793025111,0.46608061269820433,0.25407326482554354,0.31569422861586494,0.5007007274564228,0.6224133682474008,1,False,True
0.5026251502738249,0.4038236842666979,0.42506593259703745,0.29250590580324026,0.5816987273307171,0.30315749170622613,0.5289927560636526,0.6863433442670496,0.6731259960906809,1,True,False
0.5668290946509342,0.5788519509954202,0.3174862945165888,0.6459886376745859,0.5208171820639528,0.3101556345431841,0.729047020578821,0.51138090156776,0.4102194625603421,1,True,False
0.6377244343006975,0.5448708349537055,0.4525560201676651,0.6744873612086381,0.5816987273307171,0.23790647335395781,0.739381856118601,0.5863374922243706,0.503138881867292,1,False,True
0.4943102070366342,0.5817701024276716,0.2687549484605012,0.7576631211147556,0.4471595442959463,0.5254305585430437,0.29011095554109145,0.6292046383811623,0.34339449336526895,1,True,False
0.7527213173408901,0.5539073629910569,0.22241232761910196,0.5489639994754462,0.7966543139834057,0.2786090735971278,0.5698514590204734,0.5840619126618217,0.4486845672357777,1,False,True
0.4092359222812729,0.41867585961141296,0.5623845543658631,0.4150963883347128,0.8132447513577143,0.2031053783084949,0.4517564068769482,0.6166269954892859,0.3982595598342042,1,True,False
0.38112062920953793,0.47592283659400203,0.6185282798146976,0.7374185399668948,0.6086355377578518,0.49590739763149344,0.48407114880723967,0.5239938625511247,0.46738067329490646,1,False,False
0.5026251502738249,0.47060495330641383,0.6346866870173119,0.4011867951141038,0.7769192790654018,0.5293075224247312,0.38697727233653806,0.4935136291321407,0.3425206524455573,1,True,False
0.48355963434382737,0.47060218647328966,0.5627510698674986,0.19679632327589358,0.6832728961027342,0.36378299721429047,0.5773208287729311,0.5202788197301919,0.41705229137202054,1,True,False
0.4891664000944616,0.5369016236296021,0.2559293767964491,0.46100576109967,0.5404777293073463,0.3894686584663735,0.6412773020733574,0.6056594498185128,0.43149971974938645,1,True,False
0.5026251502738249,0.6664242127712372,0.2058210005225631,0.5185924526735569,0.6120141584946748,0.3690301235363575,0.42211581176071433,0.6507963355959803,0.35135076192914105,1,True,False
0.5026251502738249,0.5718584103675293,0.43909244627919597,0.5515756270717085,0.49974761832106074,0.39873140293990667,0.6253559979886457,0.49283725028423053,0.5954949204188852,1,True,False
0.5026251502738249,0.3933098591735886,0.45814395092724486,0.6273755581094219,0.748748974067453,0.41943912496765595,0.6351990843216301,0.42107538381114495,0.6580052914224374,1,True,False
0.6135144531181536,0.6757395013346432,0.11398031812381659,0.5167364211105993,0.3976112828719309,0.1353418819117143,0.2600139242964603,0.334186033825822,0.4899689300363706,1,False,True
0.605260665917625,0.4917269950927198,0.592575370110032,0.45343762468027826,0.5816987273307171,0.4071359472994744,0.4618910445163432,0.4542939968847087,0.38529330810084167,1,False,True
0.5422390066814391,0.5506990475763631,0.4114983466317437,0.5927683964985476,0.5386192441933205,0.410873867027933,0.6865450931738669,0.38562744140356064,0.579533014516766,1,True,False
0.5812691345066068,0.5674080761817057,0.3916143149716119,0.5081814188980222,0.5023215551033993,0.5059858786011349,0.6526038855991702,0.2431440452077216,0.6719277342047919,1,True,False
0.382326141408197,0.3738346209541258,0.4510996473684511,0.4001610683182551,0.9003147826040638,0.42132555639065133,0.534272430807409,0.6298522268233451,0.6294549080769275,1,False,False
0.5712921609958082,0.7021178580150573,0.1525097584486668,0.7428842327462227,0.2857011544792801,0.43262180026540636,0.4900600376718478,0.31724602141402247,0.22245165130843214,1,True,False
0.849862716410028,0.6554440215524567,0.13094891829792338,0.7473688215333658,0.618269332977011,0.5572799086031273,0.5090751867714314,0.5094145813148747,0.2977819033057897,1,False,True
0.5316097482376949,0.4839715718280816,0.29392851259186137,0.6438551527780311,0.7849317146496884,0.6702872936156419,0.4815454619241617,0.46258825587511015,0.1401282703164163,1,True,False
0.36720003769259524,0.5873458829790545,0.34621521600784705,0.31811944668465175,0.2884858407274043,0.34521356144186693,0.0,0.6976945275908544,0.5184831630466137,1,False,False
0.5026251502738249,0.7072436967631313,0.15536050222279082,0.47343655230854004,0.23535335378612848,0.29817428128779017,0.31445431008631713,0.5611744956383085,0.6006241297981864,1,True,False
0.496279680990999,0.6244736332805322,0.16445928838195797,0.7876932291397235,0.5816987273307171,0.47506159376044305,0.4602988066973056,0.49011292445781923,0.42259014428736646,1,True,False
0.6872932847874865,0.49140971732504424,0.4923349145865152,0.4152645199813335,0.8335799373687167,0.6852158228526894,0.5938589358188555,0.36644531502201216,0.477514057299331,1,False,True
0.38294369043560467,0.44935487079269587,0.40043156304684613,0.3000305825313727,0.6755519274154439,0.5406491209929085,0.49512154199697966,0.26270555888222114,0.06854394773382864,1,False,False
0.350679927358937,0.5033105899747081,0.2188881875861762,0.7018589117400014,0.5816987273307171,0.4880277018686923,0.38158838731956823,0.7227873090899084,0.4415781138929917,1,False,False
0.45545774532046807,0.4885489538872132,0.5373140387002943,0.39135289149984026,0.6628745211075285,0.2950947909511333,0.2066097988559551,0.5312884244926483,0.7475979907327323,1,True,False
0.2814375328498443,0.41981505861233326,0.4201601254586337,0.29640235123240716,0.6901875875385833,0.5359739082695321,0.5958507812688096,0.5100874791453603,0.3834382317769895,1,False,False
0.494058998087247,0.5927935470038642,0.47519934068707836,0.4430223858450042,0.35005853134473813,0.3687620223598011,0.40966322262567123,0.6193456215698082,0.5953152289881664,1,True,False
0.6533255397067146,0.6480471863341385,0.10617205439731667,0.6958718529960433,0.5397990564871623,0.4862830396145545,0.45634008587131925,0.6476703784330337,0.33293286794920984,1,False,True
0.7334581942100961,0.6443502824723376,0.23599346885000325,0.4986961181179678,0.4879227864429073,0.30103084741897373,0.43501135663305834,0.513336991671338,0.7089931155790473,1,False,True
0.6276905671847477,0.6711498236451074,0.11023812516587278,0.7009353402924309,0.5816987273307171,0.40943866007783564,0.37744891071713715,0.0,0.38569589625219086,1,False,True
0.526340609306773,0.6012688769222306,0.2976883221697843,0.6215612361674391,0.46968882282456015,0.5504629130522762,0.3197353167170264,0.7634124279754793,0.4469429525934528,1,True,False
0.6680514109257549,0.5804780713107806,0.3815308090501088,0.48163726414825264,0.6178909121730315,0.4181291089525618,0.3366545029482784,0.0,0.3683615361250363,1,False,True
0.6709391743963616,0.6079950255136762,0.3328281613204216,0.7622338276970709,0.5747759266890016,0.46443400974983323,0.32868324265891613,0.4355678827718631,0.6079941500034051,1,False,True
0.521183776819006,0.5448651051362299,0.36472679418452214,0.6995068183627128,0.5523640012597125,0.3000375843045017,0.14711375587000308,0.6636122469391665,0.6105442698616809,1,True,False
0.6357760497572852,0.5944126485588676,0.1522209659081654,0.6662444130002327,0.6233486336299621,0.2663097178794606,0.6156303009193961,0.5483861199180173,0.5802137775991688,1,False,True
0.5790888794870357,0.6555861566178164,0.2962567519835962,0.45666910147003353,0.33503507123484016,0.3294859205774469,0.4756100626750337,0.8162574466764535,0.6122653159943464,1,True,False
0.557454919567409,0.6138802327357782,0.22723026591355636,0.4468214154095376,0.43279180016292296,0.5013978110328745,0.49607459676156385,0.5039884700485925,0.49641841086481203,1,True,False
0.3332962950653433,0.4492575051879343,0.5805499976497075,0.35556740638865725,0.527266177715306,0.5603115199076611,0.4601771820280707,0.45571428386124174,0.5874198813249328,1,False,False
0.7789340292903945,0.5788083678790632,0.25905729550753903,0.6132664537039361,0.6837014679202532,0.6886756622298822,0.5883861923133652,0.6491201605056768,0.4292426506366421,1,False,True
0.33853919764307067,0.41646070856608186,0.44157961835834336,0.19651940308829652,0.6925961706433273,0.44719746705324553,0.4954205551234667,0.5220854068932914,0.2821607535289258,1,False,False
0.7049451382135038,0.6396292286993362,0.47989680175190874,0.5765106006589806,0.4321171854558884,0.305491743484324,0.4598721862913435,0.6755981940268941,0.6214500996451203,1,False,True
0.5026251502738249,0.4902217975106007,0.31613392185065425,0.7590123850947117,0.839952431812357,0.3532465999734867,0.6621818077391773,0.615735573408515,0.5443758838999239,1,True,False
0.41625294368162663,0.5207729291964057,0.4193723831126764,0.35004551902134523,0.5312762312991747,0.3302799792004945,0.6192282783171487,0.38876627527046037,0.3269292382945891,1,True,False
0.07070801520565279,0.31116224467949993,0.2725813912612434,0.6999051776436446,0.8958757925926355,0.24622760217176626,0.31532859543357705,0.34755614473141944,0.7015700109965218,1,False,False
0.5026251502738249,0.6812261048757284,0.16620385195475554,0.5677901227630795,0.5816987273307171,0.24194636900802785,0.23320116371738836,0.6474205470729876,0.4633217094844096,1,True,False
0.6775594909573468,0.6213681772902736,0.24688582736769396,0.6405055532215597,0.5307248114382145,0.4339155570294974,0.5142198734056256,0.5199333793154588,0.3348704516513702,1,False,True
0.4596944797820796,0.6068100244419387,0.14847262591385046,0.7550390267338646,0.410370922312984,0.5715771367799953,0.41095286063845715,0.5734986439525244,0.657088127637315,1,True,False
0.4546783743608704,0.5717414208375201,0.11033013253605024,0.8572079208211781,0.5577029946004469,0.3324174748348852,0.5422550960090998,0.5968959786303202,0.6949171065232306,1,True,False
0.5026251502738249,0.5623781695143238,0.3859581530545247,0.4054547642121698,0.7961983321454786,0.4076773399091704,0.4443546516268444,0.47690013203585385,0.7215669386607416,1,True,False
0.3894439232976727,0.5506016407587331,0.23192806962638848,0.5743397674015407,0.4809763637196479,0.5030055746089919,0.45289300461199267,0.7672132418422235,0.7072289299181084,1,False,False
0.5026251502738249,0.6113147248850609,0.3535186312160678,0.5562046876103723,0.4396089582398157,0.3203890896922776,0.3518471219876089,0.6149567818259495,0.6856423641860515,1,True,False
0.3881047313552545,0.47297818686327764,0.5106337574158794,0.3312824978339267,0.6195408224789708,0.5399949860576201,0.5312811888205776,0.4679357677603965,0.2687078900717479,1,False,False
0.5267696724040486,0.6175973325232594,0.19644861084219922,0.7582187868551161,0.5816987273307171,0.3103903971433935,0.5399891039959758,0.7548667055687834,0.4050415444210436,1,True,False
0.5026251502738249,0.4652893565729005,0.42086136847395844,0.4600643301973325,0.6170629358016274,0.34590159177859275,0.43819578669134696,0.4044455327109873,0.28387138464931605,0,True,False
0.3733529917337789,0.4711330156510919,0.46099718861939154,0.4651677019944451,0.588849076025758,0.25688799223533804,0.6231070789877158,0.49762215434947454,0.1530630154375476,0,False,False
0.32815779745388546,0.5012871542586109,0.4541429990592602,0.5017364551441079,0.6413794434350931,0.34840676669482923,0.45148785472748965,0.599040372880749,0.6556834726252253,0,False,False
0.48458093026791865,0.5985314706595376,0.20534309201889742,0.5519876238032949,0.5816987273307171,0.2562692135626255,0.3318687843308197,0.7207333649143707,0.677977471044218,0,True,False
0.45716115458782225,0.45292210199198313,0.2563826188248666,0.3588256568381489,0.6004958232658362,0.4440288874364093,0.34006213811683944,0.46752441555977614,0.5882952956499702,0,True,False
0.4885297069985039,0.4332188469419269,0.46280461555969205,0.5390863910048335,0.5816987273307171,0.48837616635437126,0.35167578440485636,0.5900207130470804,0.26555616403448945,0,True,False
0.49299024633829047,0.4254439237715181,0.3303712062546189,0.3766678178472791,0.60374599094136,0.5017542143976541,0.31274416192716986,0.5269821823821127,0.491190639527551,0,True,False
0.5026251502738249,0.5227674910869322,0.36352869272134203,0.613249188278073,0.5816987273307171,0.29460202537364893,0.5765251810256987,0.6168145621651473,0.7204199499435967,0,True,False
0.5634888267185376,0.6567343040565785,0.2545526157496623,0.629115006966656,0.5279179393273425,0.4234942711462421,0.591201626901186,0.45173865672728,0.41227528558174725,0,True,False
0.39483096303626514,0.6205726792388176,0.35751164023536575,0.4762652180533031,0.5816987273307171,0.4046170662634678,0.4000051908151922,0.3536421719091012,0.5938999905878365,0,False,False
0.46374308013973237,0.6800433528139294,0.3002363396525904,0.6472561483247125,0.4918074879251274,0.45574261298506974,0.4565832800355002,0.5265106730281667,0.5546217984129841,0,True,False
0.47747855262492683,0.531059773591421,0.5555462694785043,0.7455635264494828,0.6122631990884022,0.5535985560830123,0.2535922056264642,0.5348067712127689,0.48792963332053746,0,True,False
0.5026251502738249,0.5401051637197033,0.3905540664996339,0.5863908884780554,0.635239904711337,0.43242637530082734,0.30987253511715057,0.5898649523477926,0.6777619507183165,0,True,False
0.4445484124999354,0.6915405984048808,0.36289463500821617,0.7033091036812144,0.5816987273307171,0.5126817040896667,0.45317110897900326,0.6493183259351363,0.46692665106352577,0,True,False
0.33990345334061756,0.5662327252332693,0.3822616153059665,0.5726127967749858,0.5541686166681017,0.18785876956776243,0.6078527425062485,0.6910375152207523,0.5588029427825137,0,False,False
0.5314875022186657,0.4930528002333183,0.27811445863990314,0.3333263947125965,0.5869558436148447,0.47478767078262524,0.287391045321881,0.647393886937719,0.1978337327166636,0,True,False
0.5753489817195117,0.5568224103451764,0.20229652373800872,0.5446435724954869,0.5835914253427587,0.4638639069809036,0.48847051207874603,0.5716606752495881,0.3902623888418006,0,True,False
0.5044164980129915,0.6112412475339636,0.4050622396466831,0.6877801048424381,0.5467517211120843,0.4370675187350888,0.4118944121119145,0.5134395865942848,0.5386686683562302,0,True,False
0.5026251502738249,0.6068577640627919,0.2026895766058845,0.5276470700723236,0.492831439205192,0.24121213433252559,0.507043459050131,0.7460201492617639,0.6723158498741052,0,True,False
0.5436864155129598,0.6341144083779696,0.4062430214019793,0.6425928575389763,0.4515178626588693,0.5661916744575317,0.6158527569455594,0.5488910873445332,0.2690983568820472,0,True,False
0.3351027367943015,0.5566262582658548,0.5231206638034227,0.6434168014324613,0.6696768917608186,0.5864521628242829,0.39097466471843734,0.683813559008852,0.24216151907195105,0,False,False
0.5760121526597546,0.5890897573202521,0.13777008942846694,0.6449714384586295,0.6432500296267986,0.2751804919617858,0.6330004431052519,0.8559415389653484,0.3395872987801237,0,True,False
0.30664048986783266,0.5998601533794373,0.494420930985939,0.6480088465026923,0.5808657415128906,0.35225231453693345,0.5203035237638832,0.31670355194570426,0.25617764849107405,0,False,False
0.5618397824351675,0.4986757581674405,0.2598429300214405,0.545545474980982,0.5816987273307171,0.5673237402040068,0.34072190308019173,0.7083366241205803,0.4327128649900975,0,True,False
0.6489740786924204,0.6920402769273383,0.14252585995341296,0.7411531051848185,0.5570675488503726,0.34949677306097654,0.6511777800816655,0.7930491091406053,0.20684822755606974,0,False,True
0.4708887505560923,0.7074868791153457,0.14875808007021493,0.5441239669804874,0.5221545310735249,0.45311421431830795,0.4531531339130024,0.5694527061874749,0.3045617987967276,0,True,False
0.5023441947301601,0.4403116349164299,0.47695137941687243,0.3944104440388065,0.5816987273307171,0.5950718798874342,0.7248754500098459,0.47166820051608144,0.4128140080673253,0,True,False
0.6421655166931898,0.5381985274201099,0.3843177029939706,0.5601804531904813,0.6241349081833872,0.6471118279112298,0.5001682697726773,0.6098381442218241,0.5756370465801085,0,False,True
0.6115156374612718,0.5728669352259643,0.268697699110356,0.6111388713116872,0.5816987273307171,0.29090606253445767,0.6395837781051343,0.5464122394980122,0.25787267889929066,0,False,True
0.4813684065730039,0.3955528611811071,0.5028997316446097,0.4846254265423134,0.6652251121658782,0.4263378560507754,0.36220144650112407,0.5648865734616453,0.7117572350501836,0,True,False
0.5026251502738249,0.587593536708727,0.3366984519444034,0.4884047858835842,0.5251664533450159,0.6752022581621844,0.6036340423673364,0.3196617935615245,0.5271796143654764,0,True,False
0.4637590826689557,0.6007914078672162,0.5581224026150828,0.6801679909857878,0.5860055947338457,0.2304257168060309,0.34234911214650915,0.5686351825292837,0.36467734784922656,0,True,False
0.48236631091860627,0.5243205988576614,0.2939269508114431,0.2793717152582955,0.4749490468963442,0.36417850748370223,0.2869403665892051,0.7421720824684908,0.6905873996149773,0,True,False
0.3599552577644805,0.34614206431827765,0.6650944409950308,0.5416471788873355,0.5816987273307171,0.35903841841460665,0.5602978134268912,0.4182887934020022,0.6631536742509275,0,False,False
0.5925960039706625,0.5468604501181813,0.2815483835272709,0.6192488444203281,0.6834369272737283,0.19732384163874422,0.6063639138831707,0.3514759227033247,0.7469863470121471,0,True,False
0.3896856679745041,0.38069561198102364,0.6124051928669388,0.42517258854355355,0.5816987273307171,0.2831709772497269,0.4674963252232701,0.3275289170624505,0.5721967697333635,0,False,False
0.5655845229186783,0.6410051961930202,0.32330391817830556,0.6776302225870402,0.4925525918906264,0.4203945122033034,0.7658179773154851,0.5840394316428231,0.6266200783336563,0,True,False
0.3584318478845659,0.5340603540594396,0.44324113416248145,0.4542844346395296,0.5816987273307171,0.23081605141361222,0.3144627894122612,0.6891602641042244,0.677850956121005,0,False,False
0.4639596632297137,0.7420559994848175,0.5328630175699157,0.6361880235149848,0.5816987273307171,0.25978664794656997,0.29325713736542847,0.6475886918179121,0.3668879826426702,0,True,False
0.5026251502738249,0.5644641261406793,0.4574892783886405,0.526390104248104,0.6122313042648407,0.46203184589944796,0.6733857136791315,0.4261828591007211,0.56836907945438,0,True,False
0.6273691159932598,0.618809540249766,0.2604436023157337,0.550956876395152,0.5824887405128166,0.36291797524180597,0.5423187829734427,0.37613361838387555,0.5339642435513586,0,False,True
0.5026251502738249,0.49808735078503985,0.46264813784042685,0.4851687744860918,0.5730170176323527,0.3497678564236029,0.33886609709457544,0.4971266253405713,0.3693079196604002,0,True,False
0.5828333360132103,0.6101599478193834,0.27496940490883426,0.6589136412525008,0.5404450018443406,0.4862343168664191,0.4594844579692252,0.48381271034728024,0.28496782929680686,0,True,False
0.548956917379703,0.6634349475896073,0.11499244205019082,0.5979934389734396,0.5752696188693042,0.5444816127703667,0.46107094243528646,0.5949169911017693,0.5160119356554392,0,True,False
0.5544300531797679,0.4577744077848631,0.25001495270300855,0.3652971508597309,0.5720836542543957,0.5930781879821274,0.3428239122243922,0.7037327367656745,0.34152038732894274,0,True,False
0.5148522212450695,0.567946645275618,0.29837543028485947,0.4075040121847888,0.5186145898836193,0.44771237015991744,0.41358603588799786,0.2486772102863793,0.6155344835555142,0,True,False
0.49907439287785077,0.4435932699274332,0.3144452441125234,0.3652209853851692,0.6732905920938143,0.42700607557874176,0.5791065565384491,0.3905842711765969,0.5719722258923762,0,True,False
0.33515689739235505,0.6315590347842038,0.39225345226016306,0.7053815910264886,0.5076660220721355,0.3935724819194097,0.39916673492623,0.4808063123752547,0.4838355193188128,0,False,False
0.5026251502738249,0.6249499900003195,0.1563031655651452,0.6388770731177167,0.513701680055432,0.376529789140389,0.3919066438772734,0.5750961088304917,0.32774349081028664,0,True,False
0.28995939057351233,0.5547896911980784,0.41783992104611606,0.6254504709939616,0.5816987273307171,0.4068732445106051,0.340415097988646,0.0,0.5445871741641611,0,False,False
0.5992818327693784,0.6029688376451205,0.2849258092510073,0.6259737582191428,0.5816987273307171,0.506919003868421,0.6552202377898878,0.5686384563545196,0.400778467067675,0,True,False
0.7639666065418783,0.6275810624651975,0.16830501293474923,0.48292933737361204,0.47432261376370866,0.4070450709152608,0.48179312639315786,0.47052565174213756,0.511409591134575,0,False,True
0.48512120763533967,0.46596327007776195,0.3472058627061329,0.5283149758372984,0.6263437065404397,0.4297493684869223,0.3968192793277044,0.4422767083591376,0.25853495442652596,0,True,False
0.7109965793968656,0.6729139832616332,0.05668282553574982,0.7536477199296228,0.5816987273307171,0.27699015306816505,0.6185283607242931,0.6629050483964318,0.49213557750673026,0,False,True
0.5026251502738249,0.6222683510634512,0.15623123579724357,0.5254538156474947,0.5673491593960579,0.35823785522133983,0.5114162288284975,0.4591043148564607,0.4513625689399396,0,True,False
0.3206988425856552,0.5107871795977217,0.2394681087267099,0.6367146961403153,0.6966067630966294,0.589483732715701,0.3458458999716224,0.5228274629145152,0.43982333739448826,0,False,False
0.5729192216336769,0.46588829639636586,0.35199047918092885,0.5585344908036657,0.6362602712534183,0.4322346399744133,0.10601002370908087,0.580610558579061,0.3766536653990356,0,True,False
0.36357395229766415,0.4600581717546147,0.5545098028988068,0.5001886062782389,0.7035285515404538,0.6030811942547283,0.5711710011717146,0.38785884941089943,0.6407378105924967,0,False,False
0.4619196220664191,0.6054048372596915,0.2385171647795964,0.5246918173374785,0.49874421146218817,0.215914494220745,0.3824071269220535,0.0,0.3702342203920511,0,True,False
0.47874972973171614,0.5844267677508234,0.47181173366831636,0.5226998912696824,0.493550672334248,0.3155743752011186,0.32239776204817755,0.4311283051629644,0.5327950338404436,0,True,False
0.4118717238258306,0.47930535700252497,0.44952985624919783,0.4576858879701767,0.5816987273307171,0.6204064324992478,0.4072076910045547,0.7242196743417637,0.5713779863343288,0,True,False
0.4693642297505347,0.5814786972956894,0.37848231925174086,0.46404658803372806,0.5250877345639341,0.553315835268736,0.40899635934986256,0.6058534682096836,0.5872469722872132,0,True,False
0.6078014320658283,0.5545041136494377,0.16856006970872195,0.47284110086996983,0.5067711104614545,0.7060113931999337,0.36777741555443955,0.5118330766504436,0.20228617527387238,0,False,True
0.4252844198667704,0.5042768152488091,0.5240863658987801,0.6330865528230458,0.6212901119424755,0.4102537497135134,0.4765872229134871,0.5530476081211799,0.4957300977822811,0,True,False
0.3859426065503549,0.5013258372292517,0.44640655593225814,0.6188326563704883,0.5816987273307171,0.7097816657057365,0.29977161627031573,0.5083440139752017,0.4578300455846647,0,False,False
0.3997807108082721,0.41819375338485876,0.3876355976775964,0.5561296680801783,0.5816987273307171,0.6187817096896504,0.6503731305141343,0.43994350772462304,0.3888758945604524,0,False,False
0.7594935432908227,0.5475168370317788,0.20749603104544975,0.530997780342056,0.5500181671426301,0.5955037804365058,0.5564059235301478,0.576317255521992,0.42965680673205703,0,False,True
0.35120137348691005,0.4172220604537721,0.36955450952057145,0.2874720671227515,0.6578701319098131,0.6300305595743119,0.3593923658843494,0.0,0.45125793889558713,0,False,False
0.5130782808220391,0.5547355706941993,0.21641021436747215,0.5972678440753246,0.6514542241185545,0.762525823690662,0.34392904705501737,0.5743768095707892,0.44555481920839973,0,True,False
0.42310295818367727,0.4360902826426529,0.42082068745173595,0.4652918358904076,0.628871338129531,0.5077717146310419,0.519941156310145,0.4266019724993172,0.502432147881508,0,True,False
0.526931178840645,0.4627492844623362,0.24660865494358744,0.4534516620141742,0.6874700516100786,0.6959375720170307,0.3722505607359655,0.6282647599292912,0.5826543180471179,0,True,False
0.5595354200760528,0.6294177292357369,0.460019083211748,0.7059763948666085,0.5319832447264894,0.4907831059049886,0.503180252253257,0.4567143301720865,0.7810228706816835,0,True,False
0.33898316939151124,0.5037184142654002,0.5390722386188749,0.6644597652074972,0.6850763031110719,0.20193854584239818,0.482157608328713,0.3870890828981733,0.4252498125787673,0,False,False
0.6468446989055363,0.5406174239994908,0.3268194023360589,0.42947900965139363,0.48235448823643656,0.28132056043992687,0.40665265359040453,0.6777532280442945,0.7575936528940612,0,False,True
0.3922968559255599,0.46733094809246023,0.42854639420584867,0.6043783669329121,0.6750684106782826,0.55862565592971,0.20727194356376533,0.47588702773932007,0.34867259710445,0,False,False
0.3205369627864957,0.5499593848693674,0.5999306187856136,0.7357777531613529,0.5938387242647445,0.36562026737208225,0.22695287783647156,0.6078984968876944,0.24876578704890784,0,False,False
0.501941832805134,0.5001548881764308,0.5035284342395276,0.6456733610046921,0.5637653264111163,0.25318366983372603,0.2981613114421232,0.4216919126585145,0.7379548761231213,0,True,False
0.7286174648887278,0.48840227972672345,0.1263459808810579,0.40825836728382714,0.5930778597362614,0.1925589256961346,0.4317978551503171,0.4042557489873545,0.7042389409894091,0,False,True
0.4845913806643117,0.3370961384897797,0.28319977416933384,0.292206059976332,0.5816987273307171,0.33696790867267573,0.32315057938299074,0.7816606883083356,0.49074438579869945,0,True,False
0.5771725174273137,0.43330854772082883,0.29250175891381364,0.5100237150708382,0.5816987273307171,0.7334912061344745,0.5405283558428943,0.44497202489302595,0.4955235945484729,0,True,False
0.5026251502738249,0.5220182633119873,0.2248772283734479,0.48052448621346394,0.6151750874237741,0.42404629846714476,0.3702393992482093,0.52776757306521,0.5137713096745818,0,True,False
0.5246411335033121,0.489223271527896,0.08814959867343414,0.5019452049456322,0.6956007675956871,0.3124909480794065,0.7005326550586205,0.5902141832100741,0.37223732173258306,0,True,False
0.42312428247786016,0.5554358218526435,0.5415711538138136,0.5540538092188575,0.5816987273307171,0.38202534167612895,0.4443628229930039,0.5088787201304767,0.46028745903208174,0,True,False
0.5918139482077153,0.5408937067669362,0.3082750737594985,0.5484036989857694,0.6077223266369831,0.36277728913821444,0.4579108456596974,0.5877643817973548,0.754110022045368,0,True,False
0.4249656260043679,0.4099162516825817,0.2721865943388983,0.44570696200452486,0.677010785543881,0.4713208986679774,0.5425268620432745,0.49999378493655744,0.49578325233780823,0,True,False
0.5026251502738249,0.5251155931627308,0.5556076863238173,0.674063055051177,0.6660579215841195,0.5128852556013375,0.525106146816095,0.4062064960539945,0.29274635499736057,0,True,False
0.5026251502738249,0.6114254916049727,0.5853271300430465,0.7576131629310161,0.5734129427226626,0.658597457697331,0.4650499763172329,0.657394616777404,0.28060824377634497,0,True,False
0.37832705741501693,0.6262380932639053,0.6438771334951594,0.6951675978035485,0.5494794161670293,0.370554453276191,0.32120061887882295,0.4710573370940504,0.4667176783572851,0,False,False
0.7344334267781973,0.548127488249222,0.1278580486581975,0.40676376545875803,0.5767052945854841,0.67603258329899,0.5157736510227567,0.22742304066790334,0.5904562307405125,0,False,True
0.5012025795181844,0.4350151148810635,0.2905129129631988,0.43452510618145895,0.6633610481538376,0.5071192527849624,0.3253865129084069,0.3591051128476909,0.501304214597967,0,True,False
0.49082908892964056,0.5443940824701512,0.31584689650635966,0.6230409962816087,0.6422374382666455,0.3462812180902511,0.614586651947352,0.526976930388083,0.5162392345441366,0,True,False
0.5026251502738249,0.6048065588854088,0.14226731595907546,0.5437160594574661,0.5816987273307171,0.5548924428763677,0.28288594303289893,0.29918779010334273,0.7666381918926897,0,True,False
0.5910049327641335,0.5381778598395224,0.29176412950063246,0.5534328333936274,0.6715529667905636,0.3282533359352749,0.566909206029971,0.0,0.2127855979788072,0,True,False
0.5884913563889483,0.5469197696765982,0.18274592484763233,0.38802266616083725,0.5122549056411195,0.38397587743019607,0.42311606433495863,0.6527535690589166,0.25235636164074604,0,True,False
0.4136538838180984,0.5186936116451445,0.3278365002724358,0.46546894679493267,0.619380798293183,0.6354255367639108,0.594131734140574,0.6786373045096151,0.5019540209046415,0,True,False
0.4395263540520621,0.6881150986782457,0.35679574421135407,0.6057529521194072,0.5034765687070348,0.5309259809190032,0.5699334325428911,0.4654334552202924,0.48786868697727453,0,True,False
0.521646564737737,0.5423475297334014,0.3568117629796518,0.3945747811664098,0.5005858650622385,0.472358104824476,0.4776076830676763,0.5757879855695199,0.5095235281543115,0,True,False
0.5423337357196774,0.47026696269630497,0.23956953648081253,0.44533414259158455,0.6256291015141201,0.30392234652528344,0.5732554048540583,0.3356854255582414,0.3576151877606294,0,True,False
0.48457972248625125,0.5157071901365561,0.20385299862949016,0.43708585863079114,0.5816987273307171,0.5225499593804592,0.7052263846627815,0.6156275961737565,0.49578116988989857,0,True,False
0.40048972361269414,0.5951608939880049,0.5270808543234383,0.5057489843752193,0.5816987273307171,0.4632308171841633,0.7175076696930993,0.4176549036804462,0.4955504062197022,0,True,False
0.5026251502738249,0.6384338730962367,0.5905765253201389,0.7066937991460513,0.5807596704451311,0.33651031361120703,0.5486780062941059,0.5188840906121296,0.44767989283071513,0,True,False
0.3515746761606214,0.5435602286683848,0.6267628610472286,0.6882938002437913,0.7222074096365211,0.30774542605471095,0.4186184548166867,0.4959077384216539,0.15914058158880165,0,False,False
0.40719892480654235,0.5023368362831813,0.44402934416807915,0.56446970399354,0.5816987273307171,0.31130548072742564,0.493848306647357,0.4520893213426628,0.47799986362126007,0,True,False
0.5026251502738249,0.6099069403487877,0.4107571117218313,0.4254552590501475,0.38948311974907435,0.4334400127542815,0.3699027079041557,0.5713630491362771,0.3183967006612657,0,True,False
0.7627183039745183,0.4398523217153364,0.11075109581100047,0.35335361331866716,0.5816987273307171,0.2556135773966887,0.5401030070179266,0.3726572876095849,0.540415382997644,0,False,True
0.5430086767699991,0.5510539497979527,0.18101919304877384,0.512593318773191,0.49986128193112833,0.05042402893936038,0.6025203982670458,0.5038752627204827,0.4251984815540611,0,True,False
0.6318772826364794,0.5113786422380899,0.28591492733161267,0.44664326006415767,0.5344720654806467,0.41603239784633644,0.571473056213325,0.48282177988437835,0.27888779693835963,0,False,True
0.48226418473579846,0.5657344135810836,0.4269656010230471,0.6272774968861757,0.6047645021704022,0.34966081010865396,0.6638819512479355,0.4669398926165121,0.43600050520370387,0,True,False
0.5026251502738249,0.36515796418108326,0.217989987663742,0.4212248840601148,0.6960141588581866,0.30816573237743866,0.4244787721545392,0.5837768261098056,0.4102080988786658,0,True,False
0.5026251502738249,0.5609443309067627,0.20027743242129203,0.5695126295159351,0.5816987273307171,0.38191177426152684,0.40414623509992864,0.0,0.5651758820006919,0,True,False
0.36344379980889624,0.4081751094953384,0.6371146544282167,0.4464675153400851,0.7005617022937743,0.3823873048230177,0.6892566862807906,0.5512704144288131,0.21754938147940273,0,False,False
0.49677908689434597,0.40746339910503315,0.35422213461289004,0.3242191857391123,0.5916166164637088,0.5265539004627022,0.32427171001557875,0.6330060497357429,0.32514936206139633,0,True,False
0.6417008424401183,0.5702614337161637,0.24361667823632574,0.6492275454731207,0.5816987273307171,0.41166696942034325,0.4758148144022947,0.5530085913833187,0.1882536184325619,0,False,True
0.6799757131764513,0.5682027230839521,0.2780871388276065,0.45417397897979983,0.5161945345582446,0.37459379764359674,0.5694018954749646,0.35319383731021387,0.48110344796490073,0,False,True
0.33574233741720944,0.5365437056909825,0.5729393899121962,0.592335276732875,0.5859699453564581,0.6259951812785363,0.29321014874127893,0.5190839899600749,0.38418296388840206,0,False,False
0.7418666381739014,0.5566327365750344,0.28997752546421357,0.4300196979521335,0.5965369159651301,0.2706890850349056,0.46434525701101814,0.49827754004146874,0.6563321279610891,0,False,True
0.41046637103252503,0.49344846447914226,0.5797816140424191,0.4473100866615926,0.5640357004276597,0.30198129968986537,0.3965084705084697,0.5661758836189476,0.44590130576886117,0,True,False
0.5026251502738249,0.5279020784099879,0.17739559278324218,0.3603070979698781,0.5560827956116099,0.2648774954013439,0.4967269785746462,0.6370704246815474,0.6143166925780242,0,True,False
0.5026251502738249,0.7309702680281459,0.40935265364052553,0.6708206007753967,0.4767228023064567,0.5269887437082321,0.45755750699854725,0.5546398051388906,0.4709914600245059,0,True,False
0.7722349643140889,0.5864190835104637,0.18926276064501313,0.766266931768981,0.6275681792678997,0.3702009446404259,0.5086159363656639,0.5297035360431351,0.5608212695201357,0,False,True
0.6404882837548432,0.6574704914588473,0.26998725477855057,0.5311836676368725,0.5441457973469925,0.48078774518521467,0.3984673683536254,0.6213767180490593,0.41678104790513476,0,False,True
0.5026251502738249,0.5985591676447422,0.08830886864636638,0.4928250437694058,0.5796441165371612,0.15364084837704833,0.6085245364760091,0.7226724980215402,0.15624729820094727,0,True,False
0.4892003894671762,0.5708570100019665,0.33222560628168113,0.7376128427605025,0.7348405410468261,0.363996234737812,0.38692541089448285,0.3952073326396644,0.317648849092906,0,True,False
0.6329786826074255,0.5556211229123612,0.24506819229966284,0.44604503061666473,0.5230427675232526,0.5950600418614618,0.4436945110765912,0.5608580441325706,0.4025538366961429,0,False,True
0.3037846429197355,0.3718158476800525,0.3312776355218623,0.22850442458090556,0.4937633310307098,0.42952906129841456,0.5320670305247109,0.5473128548563766,0.40429200611500277,0,False,False
0.48070213599215117,0.6600691481774703,0.3742323316710929,0.7343527287833042,0.5458628889012812,0.5951674291313307,0.4191742218954809,0.5477281457517726,0.6190814734754525,0,True,False
0.42318146303124277,0.5048679990578736,0.7233287604186205,0.490190251475018,0.6040320016988853,0.1608143017849451,0.4045254910573656,0.4763730175284967,0.5245495384331643,0,True,False
0.4845634619672524,0.5303802090786659,0.21929051754959505,0.3772566397945278,0.5531582761026111,0.5182588766471474,0.49256950554871515,0.0,0.34033318759772446,0,True,False
0.5279211913324927,0.6235363295597582,0.41462325626535834,0.6581944719976778,0.5816987273307171,0.6497650584883972,0.5950333787698916,0.4856357320840455,0.5436059074530591,0,True,False
0.46215371136805866,0.4690175112298439,0.49704810877815125,0.31633175340993264,0.5558017112865619,0.6005433291645006,0.5522700196670097,0.6779194144800256,0.3167689755955454,0,True,False
0.49502796211924227,0.517814763588667,0.41800496740479565,0.46241509831414346,0.5738996189334743,0.5250487898356804,0.4540031662276445,0.5666658052322459,0.4253726671220703,0,True,False
0.6644600848507561,0.6860873519299856,0.08061057025737214,0.6221841227724172,0.5816987273307171,0.32597869882765423,0.4085820818867668,0.1408643553627588,0.42087076911145943,0,False,True
0.5301426888751332,0.6273425215260463,0.2536966189301569,0.6892849559686108,0.5423190935317621,0.4928019427531863,0.5663471305646736,0.6452220000463273,0.40718653447648573,0,True,False
0.4702189182734264,0.4205040535861181,0.2899004673903317,0.48454700587522165,0.5816987273307171,0.35260579432087497,0.6089863536754042,0.35208311456885694,0.439186718299128,0,True,False
0.44317352529068277,0.5956246753204657,0.5766032758613548,0.4606525414287899,0.5258954624954025,0.6487248168428137,0.24754289149393466,0.4511698348052565,0.5023270004704913,0,True,False
0.6476162895545743,0.5656751859228508,0.3676061900783854,0.43920445709474537,0.5470715115069972,0.5502716095717874,0.6194490766825309,0.6139646480358416,0.49261131608884773,0,False,True
0.33665119293246054,0.5872859962771543,0.3242626837033756,0.4883842621645765,0.49133660720746475,0.3019738570458523,0.45302047766255116,0.7213317012910851,0.4676415268707755,0,False,False
0.7558132848305898,0.603370568036145,0.18023613122669546,0.5727512674292412,0.48627761644611966,0.5520337152401029,0.6042641653549459,0.6701765707684445,0.28681142949401806,0,False,True
0.5410186597705552,0.6549071593335225,0.13712196525643192,0.5466428073237479,0.5816987273307171,0.44101054248943733,0.34631853144272673,0.4391287586158764,0.4229077297546417,0,True,False
0.4384846537107999,0.4025874127365099,0.3252381340809149,0.5056863310166957,0.6341208232715573,0.33637646887977884,0.42980126753845804,0.6489680266045726,0.6101889994835857,0,True,False
0.3768802531446202,0.5040066100386192,0.6853636443811606,0.5096663854853483,0.5421061762132062,0.2282359975240768,0.6423148695370038,0.5732583924981097,0.46001683515170927,0,False,False
0.4840627919861192,0.5150922504524557,0.317583952747399,0.6289161266659028,0.7001019674996952,0.41771432214003185,0.48396781793390176,0.48930262126458723,0.3539544349651401,0,True,False
0.5171011372213751,0.5964657220934115,0.22314431212055533,0.6146435229726835,0.6137078910571798,0.547220957455798,0.5063783502723278,0.2596713615899156,0.5826858186789768,0,True,False
0.46801993735864,0.5191143667078029,0.24696166540177641,0.5148021458133196,0.6457334888523157,0.3000389001517378,0.4864448412716367,0.0,0.3768926108684619,0,True,False
0.6006261593644601,0.5925576589388687,0.4489104642725054,0.4917581301964609,0.4621406035125435,0.6541775367622755,0.38869095996024333,0.5380719407258262,0.17447371464380143,0,False,True
0.5704570503931841,0.5609953855888022,0.33045124922209645,0.4178096652583265,0.5816987273307171,0.5179338813290282,0.38537914070545976,0.34969164794977375,0.6361843809352649,0,True,False
0.5262082345806172,0.49914976381415277,0.22708370160172106,0.40957879901577854,0.5555495334490897,0.2718732238307577,0.4993803013526382,0.3996287086642714,0.30276357778833574,0,True,False
0.43305274421539386,0.6435050005038533,0.4190314991462741,0.7132204060181502,0.5816987273307171,0.35657026123289787,0.41665707593216383,0.6864501129314472,0.5519861404485703,0,True,False
0.5611765071758128,0.5707507947706629,0.08698930981857711,0.427765416664091,0.6094509782548554,0.4381489574830362,0.48841840584277263,0.4480181497841464,0.5832257701421625,0,True,False
0.36845688639332136,0.5145734684096569,0.5708027076529052,0.49973526628645687,0.6018561841256828,0.26248254743065286,0.410337080969265,0.49168976408275017,0.6042451190758079,0,False,False
0.5026251502738249,0.5445886578446957,0.28106311741463497,0.459842761475614,0.5816987273307171,0.3926336608739433,0.5551825948258707,0.5535446270284285,0.3797163926242722,0,True,False
0.45707717928899505,0.6623185750276134,0.3729688325046529,0.795761134455088,0.5314098777746563,0.47475127629980945,0.43775989389861647,0.0,0.22131556489467236,0,True,False
0.5281611111523264,0.5822839924363714,0.4859415240192992,0.5842891932880521,0.5816987273307171,0.3689947362762968,0.42043778784392216,0.6412555171718406,0.531895022211191,0,True,False
0.3174179183212914,0.6990986360478538,0.38993239142091274,0.7370963983261889,0.5938472737713627,0.6163844161492036,0.37078857030119494,0.5540922811574758,0.678411598833999,0,False,False
0.5890820193792355,0.4660266904224729,0.1575046928587185,0.3618400096691279,0.5551599327239616,0.21109534065876762,0.33986633849626957,0.5735763281791927,0.4711607601553382,0,True,False
0.35015421347190545,0.6065165323562333,0.4590308072700282,0.7486220872892173,0.591248397044037,0.3384622083664946,0.5096990113781663,0.493688533467426,0.38741700187462996,0,False,False
0.4902240178528522,0.5337647060352079,0.38238396967717836,0.6138094719694538,0.6186053874073817,0.45071586218642407,0.4773847087780948,0.7162726238966572,0.5425935327764525,0,True,False
0.4763951699761105,0.5198524617895731,0.26147119042459577,0.4713092092102746,0.5549002553123037,0.3528179471511265,0.21655500155103236,0.6952877652100765,0.09734601940465507,0,True,False
0.542547855977948,0.579209662296396,0.21615513753809146,0.45719473195556537,0.5658870060047941,0.4738266875986488,0.48316591598968106,0.7081044054556229,0.3693312869228983,0,True,False
0.583076884468448,0.4923242344302192,0.3286154176654988,0.44434907370806603,0.5797349158595132,0.5137853665101497,0.614869650805749,0.39644693743854903,0.34737076400270706,0,True,False
0.633591304280567,0.5293514064392355,0.27145302697191026,0.377933905346693,0.5378924130078213,0.30424844572512916,0.6449126005079427,0.47112004866115137,0.5166838088415445,0,False,True
0.6264054301197671,0.609146227061885,0.2240902286738652,0.5633302103529825,0.5505176165405177,0.3279356570136986,0.6405819292840428,0.43823087452679776,0.4399165176191177,0,False,True
0.338385089771618,0.6097293746052969,0.4985246561384538,0.6598751137374729,0.5816987273307171,0.23087820435812806,0.3398578178396456,0.504424890108593,0.4544125680193816,0,False,False
0.5564910615943885,0.5406276293614379,0.3897860344479354,0.5036152790275714,0.6281193374719902,0.5071789559432547,0.5035753119594457,0.3553944205701335,0.3074710419188583,0,True,False
0.5026251502738249,0.692720855431142,0.4297117641582685,0.6511110843511372,0.518573263524931,0.32840290007812617,0.36628086032397483,0.7342189742399968,0.33867785718682775,0,True,False
0.4348075785714345,0.6061985330515536,0.18565243195315936,0.5385461201497125,0.5816987273307171,0.2843153861105631,0.4226937888100777,0.7946376045784116,0.4191098134337469,0,True,False
0.5465210161371572,0.5560010857037538,0.18681482284764936,0.49285892606601706,0.6256712295499298,0.4185378991402339,0.6384604398747193,0.42325169980741506,0.34184943213970254,0,True,False
0.3408207620677815,0.5547570316968619,0.7828611895460231,0.689881733494508,0.6002607454416659,0.226356692337167,0.6348018472218746,0.5105073367420683,0.4702160281739884,0,False,False
0.5026251502738249,0.5194152756837591,0.4366124887273454,0.33637310728272446,0.49262055036328967,0.5732203075211231,0.5363581549216503,0.514059088740801,0.37867685083899655,0,True,False
0.38514697189941793,0.5462079611593875,0.32146888266357376,0.5863973111223929,0.6248090305678359,0.41676402408027274,0.4757283210773219,0.6476468956333074,0.28907646903108075,0,False,False
0.39123450353402384,0.4280287181041007,0.4716287622715084,0.40477579497518135,0.6871364478600125,0.5373543356526824,0.5772102046076024,0.6449416452527221,0.9278575382997596,0,False,False
0.45458254814755833,0.5298481741071119,0.371670659729996,0.49492251026711537,0.5816987273307171,0.4384134239769774,0.5391503820585547,0.517911856931619,0.6266613805276736,0,True,False
0.5026251502738249,0.65048549280254,0.6505409391810846,0.6452222707427823,0.5816987273307171,0.6245213122070101,0.44232753724703533,0.0,0.6453729504981783,0,True,False
0.5962821058929919,0.6665811899633406,0.21692825752558226,0.5692057599349676,0.5245882182529711,0.6048644828166108,0.6308008078334554,0.46498406703865547,0.5233241502317739,0,True,False
0.4725701179761785,0.5351937525447802,0.33819366114729205,0.452788244548267,0.5816987273307171,0.3526015162023118,0.28675771561952706,0.32937786958477944,0.6023273069618719,0,True,False
0.5937413930780246,0.5669825294381081,0.1380203882081879,0.5561097658155058,0.5816987273307171,0.6328646037461554,0.5084444623704625,0.6552764186847987,0.2908097958862369,0,True,False
0.48830178133411467,0.4327690378829503,0.39359226211966847,0.5095291735196104,0.5791586224998603,0.36603647141754575,0.5290034805140725,0.7006532814553038,0.41909882505396007,0,True,False
0.4561050641206778,0.6676162445752473,0.4340436969004378,0.6592842831216614,0.5816987273307171,0.420705109298323,0.5503109725554964,0.5883616994392622,0.6110260263395436,0,True,False
0.46357408392349303,0.5735005628365193,0.3132089106425765,0.5903909822650094,0.6805119902355622,0.5216364725661495,0.5212676181428042,0.456296502896102,0.18545723087262658,0,True,False
0.5026251502738249,0.6852755053430842,0.40312248415686425,0.7090926025595683,0.48770872742284654,0.520359651009958,0.43379016305082896,0.3720600894889247,0.724944842524187,0,True,False
0.4749177990065272,0.4869786648390041,0.4993339686876343,0.4390819744557542,0.6105298700804368,0.13328537867596185,0.5961089532828823,0.2803636272211741,0.6385947056280302,0,True,False
0.5026251502738249,0.5932263061846517,0.3423862855831402,0.5688363669999356,0.5816987273307171,0.6841891885012625,0.4946685397404199,0.7262129045145935,0.5232659062497856,0,True,False
0.6659702755917506,0.5995047727387453,0.25334398076642867,0.40305832596785246,0.4768008571739648,0.38171997215799497,0.32269216441445686,0.5988567852082305,0.2943184386189942,0,False,True
0.32728348056291934,0.5029740263811586,0.5512755048621374,0.4701684772009046,0.5327740510340331,0.39327644901248743,0.6704922621503019,0.4996292732618073,0.5767078133357303,0,False,False
0.5632029995146123,0.6594702052721911,0.3515712137624222,0.5910826981855404,0.5289027754270311,0.32750587775517187,0.36150955077716657,0.3980652776204906,0.6015580930378458,0,True,False
0.44063132423437684,0.6923271177620985,0.40236548240926795,0.5767523255521548,0.3990850692486443,0.526685151546165,0.7621452192627388,0.636297326853741,0.564522607936934,0,True,False
0.5164889504680841,0.4720586853235995,0.2880450823345126,0.4278848544693872,0.6095870830712408,0.3256157227083059,0.6786570946222569,0.47512658416258885,0.7888103764144232,0,True,False
0.5026251502738249,0.6803701149775493,0.058778386139676016,0.5155952661569719,0.4481572978177627,0.6505281295941518,0.6596939902310035,0.682365528023591,0.49562179528697453,0,True,False
0.6209360233078092,0.49816755421098446,0.21283258646334346,0.48296005241904577,0.6236809119813121,0.663594077197387,0.45127769859086975,0.5759751189207023,0.27381793548259337,0,False,True
0.5026251502738249,0.5345606380337686,0.5362388100385815,0.7203745824782363,0.5816987273307171,0.1841550144029011,0.31478502151247023,0.5773648599232158,0.33686513377277505,0,True,False
0.3426757272614265,0.5182708487739699,0.3441240066274412,0.4568691124621015,0.5618664116409733,0.3076850775374445,0.36451421518672705,0.512121079147168,0.48941251453056206,0,False,False
0.6656554566483982,0.5509828555826792,0.2294230388418895,0.5818348688250038,0.6733838575189629,0.274469288540416,0.498670216999762,0.5082950799561433,0.5065665374153635,0,False,True
0.5415491126749608,0.4835727556785646,0.19157808895777007,0.3620592257588658,0.5657944331479988,0.7631249341908704,0.4352970479143442,0.3121636634135182,0.5685918863879059,0,True,False
0.38201526132836205,0.6718965683847454,0.18843678054664306,0.5842884435549137,0.5226441425964109,0.33299631226324605,0.3745471454614839,0.5278108681932431,0.35189414071671987,0,False,False
0.39199116875787127,0.4779789878624978,0.32576418512311467,0.38038593721859676,0.5007068160786066,0.575536466922508,0.3980258549082919,0.47154482302077455,0.5244047045358292,0,False,False
0.5026251502738249,0.5772595613228562,0.6631434298145523,0.6623613377292524,0.5438427932651354,0.5011165831561151,0.47216474160704724,0.5736759681041693,0.7631182282428974,0,True,False
0.5939970765322122,0.6305522929679421,0.25945384846439945,0.7141918691806097,0.622608672075966,0.5599112785989402,0.7647412730867158,0.6054337435105703,0.247724063824587,0,True,False
0.610791267694258,0.6129446343528128,0.4693827986232812,0.515442844732304,0.47218533468089774,0.576035918248802,0.536489327299341,0.6418954978766687,0.4909018132054042,0,False,True
0.4295114976043656,0.6217491116375888,0.34894290445851955,0.7001058317603881,0.545885187596579,0.4595415001766833,0.4806263358812236,0.500602286567742,0.37920637946380636,0,True,False
0.4102905383880488,0.4585511424000701,0.4608895476041416,0.5217479710961361,0.6433007859798622,0.2703080399349124,0.5630337053284753,0.5249741326683744,0.3255162049470093,0,True,False
0.3727849751058525,0.42568878154522327,0.43816427388518503,0.48849447818195163,0.5816987273307171,0.4209780810288461,0.45482294946294477,0.5937135506345929,0.5547253836142952,0,False,False
0.5026251502738249,0.7000485571845568,0.420953019711761,0.7999683991628788,0.5816987273307171,0.4638543472932894,0.4357651735342962,0.6452140301944239,0.3608155520271683,0,True,False
0.5327648344851428,0.5816439120905735,0.16734495395086743,0.6707344755596433,0.5816987273307171,0.4562041524703407,0.6331533429368218,0.3501491741748262,0.28135420632941155,0,True,False
0.7877057044782286,0.6561336476967036,0.21021097688822943,0.5608331284188357,0.5407314493049419,0.3405528455779863,0.22351948813080785,0.38771915048214034,0.5159572525317012,0,False,True
0.48068429929346873,0.7063394873031211,0.2898653197534579,0.7402466658317263,0.548915572239097,0.453565899672658,0.43567903129156216,0.49846243760413844,0.4827865479786226,0,True,False
0.29644387855324,0.4624535393501602,0.6759354730773224,0.4084437305762442,0.5816987273307171,0.4262700242788681,0.39593903176570566,0.6972597762569521,0.3880451639641554,0,False,False
0.5113855936395184,0.4511705284328055,0.47013002448868224,0.4277957177833142,0.6486047842214148,0.6103650364726787,0.6098483622911927,0.635690158762811,0.34126044557850865,0,True,False
0.5026251502738249,0.6818676518502607,0.22339347992177017,0.6418353694752289,0.5816987273307171,0.46329368785369734,0.45727792820116264,0.41348684015684545,0.4183490564806965,0,True,False
0.4435498169125255,0.44211114148004915,0.3659694179032298,0.3540832783627537,0.5635303143933068,0.6431534010079565,0.5676290437453648,0.41186666032425956,0.46204704693904036,0,True,False
0.5026251502738249,0.47642193493068485,0.16697622671577186,0.5621167907582943,0.639312666211549,0.3257358528062772,0.4777375497906675,0.45969938115064357,0.506032810194942,0,True,False
0.6863238281344224,0.6670785812978294,0.06935082804742557,0.4873451309684728,0.48837319558943626,0.25779217412635697,0.36741836349587004,0.6314207307736931,0.3011527592723571,0,False,True
0.38399256992334957,0.3855058335987124,0.9284254648995919,0.5903785652784701,0.5816987273307171,0.5462968725238095,0.49486677433911097,0.4622267368622224,0.5150727244881758,0,False,False
0.6212230114021459,0.4317164596314914,0.4503816291201032,0.39130516885227007,0.6910310357994903,0.3708468198908022,0.44247769932894665,0.602671907061744,0.5162729424414173,0,False,True
0.5534948963204599,0.5492038007342603,0.3056992181478621,0.5498147242199384,0.5335338060338515,0.3268622983810607,0.2982388280529563,0.523385559225862,0.31895348961013803,0,True,False
0.508422696147722,0.6118578651877141,0.324213509719846,0.7243562283671495,0.6251869085158164,0.26315567711917615,0.5877061186648653,0.6757545546645914,0.5225123761431772,0,True,False
0.5935735014320608,0.599459818807284,0.666847959200633,0.5754500777438737,0.4893165566122002,0.3216658332635814,0.41271528583839245,0.5658455206009075,0.6288116698886196,0,True,False
0.3945926093497507,0.3979456216444074,0.4252310749486778,0.4690869099675258,0.7124049623185674,0.5138654574222046,0.5633402419329795,0.40863051228445074,0.48844606121045014,0,False,False
0.7286732682215052,0.520026257516523,0.1411669493573271,0.3559980281716477,0.5042043168049631,0.26211921677501543,0.6254955413716117,0.550124511494422,0.47541115300051856,0,False,True
0.3834375538733898,0.5205300816952374,0.530296456637993,0.6064061718058279,0.6316442579249096,0.44448504778730186,0.3748519239023118,0.8693907444297049,0.10477265761486601,0,False,False
0.6384144577039491,0.364482437195659,0.168152157728883,0.2616262230097418,0.6879410032387093,0.5225703082731994,0.566312451818018,0.49017578329608635,0.2611522831356039,0,False,True
0.5803005590258343,0.5806389563389661,0.42964672148977184,0.6410048826463366,0.5370544528392518,0.4374189826667299,0.30174706681598945,0.5131039971750726,0.619106934705914,0,True,False
0.513212365628863,0.5573147547925713,0.40904642744431624,0.38079721990487436,0.43957710769150293,0.3541569709294275,0.3918597062545836,0.1817154598994274,0.41887136738724234,0,True,False
0.39282066332083293,0.6633372558128592,0.222998875772789,0.7254461808928842,0.6337071436059624,0.45585242783440166,0.48048992755849906,0.0,0.8313153635054467,0,False,False
0.5026251502738249,0.7589682295628242,0.1409355645426423,0.7326324707519641,0.46618419785602105,0.2509606460838864,0.56124305554425,0.5837134381240588,0.3633352419014375,0,True,False
0.37998350520963925,0.568642078720696,0.3623577502084062,0.6028617519643724,0.5284412268296655,0.3805751463179961,0.451114357293515,0.6686569835361242,0.2790191037447791,0,False,False
0.45493654509549175,0.6815901176702699,0.5604655781213466,0.6903279812053671,0.47254558074517483,0.30765201236305867,0.26870756854027034,0.4749417439193008,0.15615493692230684,0,True,False
0.48096384587720337,0.5445593800208838,0.44510206437003913,0.44486002959304327,0.4969387577938823,0.3780674651306292,0.6587749682022572,0.43624738474227126,0.3267165068570368,0,True,False
0.4916439573172898,0.5914941935614567,0.22949150655870426,0.5394663787961435,0.5333453009964019,0.6801337323602783,0.5271392149209148,0.5669049030103849,0.5014732027035397,0,True,False
0.5723940306150554,0.6446485641827809,0.3292720294562203,0.5859411076229829,0.5101681185058142,0.3506643106471448,0.40099679420571077,0.6330341242106505,0.566250820664843,0,True,False
0.5908610779471337,0.5687264377220327,0.3920053974109561,0.6337694892141151,0.5791836219808805,0.5581816397019483,0.4964523955817757,0.5702060952601349,0.6977136968594074,0,True,False
0.6247847126051405,0.36621201823172445,0.35881107949605107,0.3997786170565086,0.6828095410512011,0.3950224163516676,0.5246007098455421,0.5794650364647532,0.6265325270745375,0,False,True
0.5824886325338734,0.5618056917140694,0.4153896741808966,0.5714026174490652,0.6767146622260104,0.728127767606507,0.36792516258541097,0.5812558739417277,0.42471687934350094,0,True,False
0.6461228960953297,0.6338673921939575,0.36955430642383735,0.5681278337080231,0.46604596187307956,0.659715415185322,0.5041219452652985,0.3554807181796601,0.5225374255903245,0,False,True
0.6373149684977127,0.5806796221874402,0.2129663092830142,0.6425469361486242,0.650353404685109,0.5019675117585989,0.5169631540813823,0.864372869578002,0.4975851798458199,0,False,True
0.42580725515632717,0.48850527044049963,0.38756506758081954,0.45689160924188343,0.6703265870229657,0.6750658746158773,0.21423899657245365,0.4659734978378115,0.6560001979175382,0,True,False
0.5026251502738249,0.5731286246347631,0.3249741012365941,0.5398336007311634,0.5348404022680546,0.6600756608162552,0.8334272197669521,0.5476481463104035,0.41631020962971804,0,True,False
0.5846007147465924,0.43238307179838,0.2893612524375557,0.28860704803964704,0.5765242426274302,0.3178266747077226,0.3960091314812802,0.4508493473345189,0.5954021932578734,0,True,False
0.5454610065337029,0.6946305092053793,0.2925039381016279,0.8402760274844315,0.6322143131738261,0.5831514140145053,0.24664602660263307,0.4451129474773329,0.3560042536174718,0,True,False
0.5553846852340689,0.528289425649793,0.2525773401546139,0.5893696471197861,0.5548840910618364,0.21031364518822032,0.4282821767004823,0.7164735049628883,0.3515734006453315,0,True,False
0.5440820622021209,0.5410927484725264,0.439352687428685,0.5503526326983327,0.614093949124035,0.2579882926544797,0.24319092800793263,0.4819547177454989,0.1780185301568161,0,True,False
0.4760667560287618,0.6214834248144951,0.26526682062814155,0.5458317659021394,0.48531719389454864,0.40363951276449567,0.574432385372088,0.3269279184827251,0.577072833000375,0,True,False
0.5026251502738249,0.48869709794225136,0.49791065733032275,0.46756647006204705,0.4714535280826876,0.3893205331767405,0.47939787861440997,0.8569852818456563,0.4548634833922692,0,True,False
0.6296684251898944,0.583618980772127,0.4344340309989396,0.5379226510735766,0.5684723460166082,0.4352877174633278,0.1897222458338263,0.7112921737442875,0.26959353005716336,0,False,True
0.5546882544269427,0.45613789643502445,0.2202630875531965,0.519146916648077,0.6556636616276489,0.30517017823775966,0.3569012652057085,0.31487787015516927,0.3336074191482026,0,True,False
0.4446537152120799,0.44364425345168435,0.47963328206544714,0.4088389137542306,0.5816987273307171,0.34734269086543185,0.5898662783982678,0.6066838039424371,0.24973012905655645,0,True,False
0.5026251502738249,0.6394397750325618,0.25568362739216643,0.62130659754301,0.4966915994259069,0.3129875936210332,0.4993975924979871,0.3850138062651385,0.5119923044627946,0,True,False
0.6119317014313095,0.4091009787773229,0.3835758444479139,0.3080180355853654,0.657006107184657,0.5403934493302971,0.26157728628341476,0.5414339304464016,0.25617826123201626,0,False,True
0.4995853339464857,0.6138492178906059,0.37280970975096916,0.7392821835608023,0.7191219938803745,0.3287250218519065,0.642423702428667,0.4779536532632998,0.5575535468867364,0,True,False
0.23889918096307314,0.3955425867954261,0.9032530671347464,0.6401645073552464,0.6878599227865002,0.5318574426876748,0.5663068955524762,0.5588461169533164,0.21273228038900538,0,False,False
0.5026251502738249,0.548521450899082,0.3241464811075142,0.7192159631412919,0.6124993365223943,0.40481220324870054,0.28992646317804316,0.34401518510771534,0.5890382457887703,0,True,False
0.5026251502738249,0.525304186989869,0.35204384343000206,0.5407153219305969,0.5756591449835727,0.37732924100390813,0.6153721435916701,0.367052491264045,0.547325570851711,1,True,False
0.5553191763462009,0.6141667955253717,0.3611362453900212,0.5945623586058315,0.7273328137794753,0.18638309226530908,0.45734478950281365,0.5526752839306929,0.4615423206087143,1,True,False
0.5026251502738249,0.4544906373254466,0.46913958362637265,0.3051989660689848,0.32748610850369614,0.6612568395917044,0.7333658720490882,0.40999425511316845,0.28545086294542876,1,True,False
0.5145313463562845,0.4389440312950815,0.36951118860803067,0.464285692059186,0.4059079736437923,0.4474654930718132,0.5444695045840638,0.5173364263086198,0.9338553619240626,1,True,False
0.43932054292160305,0.7017121366048755,0.09886604241288582,0.7246885176695657,0.8304481240170283,0.3023626672187288,0.3885204684821694,0.6693113967636011,0.39736354906693766,1,True,False
0.5026251502738249,0.6475599304384858,0.1533457595875087,0.6634563241552198,0.7639228180025857,0.23479072041783228,0.5561899222918456,0.13193590022614268,0.4744363046415853,1,True,False
0.483394547019536,0.5670061362541813,0.34219448679547004,0.3820547732228368,0.3467379520108605,0.2682858150564715,0.42200475748600663,0.6419254061041316,0.3498304967960918,1,True,False
0.574102166208679,0.3662903128756476,0.7895663535528571,0.34472639489639845,0.3954539153643969,0.3697021494128528,0.3933566933465264,0.0,0.19970469403313335,1,True,False
0.5840839266998554,0.591300328014771,0.3005472456433309,0.5416573279497244,0.5816987273307171,0.47991517214584617,0.46160717245548055,0.6911491651217495,0.35463017312024425,1,True,False
0.48177136249213587,0.5682149581703805,0.3266455215390265,0.4519179364236004,0.49861550745769523,0.6345194330203414,0.37602463606609804,0.583067580295597,0.64634952355574,1,True,False
0.5431268176068527,0.6066580750452127,0.18288236777922853,0.8335025564814406,0.766753901834009,0.24409050640026214,0.3758879677301937,0.46537218823884663,0.4036651585807752,1,True,False
0.6104389682257056,0.47304326729970747,0.3780981676161787,0.5714343048823937,0.635788553045391,0.4054109492630665,0.3891718492306786,0.8770875698060646,0.3885990108174587,1,False,True
0.3880365775169829,0.6671197414516871,0.2405287440181353,0.6910922263631596,0.7981931883976934,0.4675646443783232,0.3309673878525948,0.5257923436021292,0.45839011441890815,1,False,False
0.55100638285392,0.5343146778357618,0.44356726126051466,0.5698126861466454,0.5484549726028627,0.2908854952479804,0.32344019898700344,0.5109841874409038,0.3275823137575856,1,True,False
0.5824665365046625,0.43768747509910033,0.3454531065082229,0.4576785894214215,0.5816987273307171,0.41564374064179427,0.3870754239536314,0.4798670073245575,0.1910502678984376,1,True,False
0.5026251502738249,0.5179227820126877,0.3739177590528858,0.47984232562805723,0.4810835671549101,0.40815206396706544,0.4314863767644478,0.40691561999481374,0.28872138405079106,1,True,False
0.5604199949454828,0.5308568974452702,0.22081341203286117,0.6775077260669295,0.6096651751110017,0.5750052483165791,0.44321079526572227,0.7986045550873428,0.4192010219221208,1,True,False
0.5111731781855936,0.5461222578347663,0.43844864628156766,0.49961074641181463,0.6553705542724676,0.46685191536053444,0.3950947673599016,0.3939725903601189,0.2851984707109154,1,True,False
0.4067638741448153,0.701072871581448,0.12605818732484272,0.6083965109713199,0.5816987273307171,0.5168478983568674,0.5080194238296611,0.5529490252399641,0.45766889762772295,1,True,False
0.47912039688448493,0.5508080550027737,0.28099573755266943,0.505514290297255,0.5816987273307171,0.4778253385276699,0.4746088182744852,0.6542198817966056,0.44860440811829766,1,True,False
0.34108728255978005,0.6694665735943999,0.22423362606166963,0.7099883033184914,0.7391958379918203,0.6025680771381681,0.5749997848338292,0.5938810823237042,0.3352393391038443,1,False,False
0.5026251502738249,0.5545436056496454,0.3222409977426195,0.5499988948004383,0.5915151793609706,0.19982780025737207,0.45340977060569965,0.23470446798492886,0.5553428660426932,1,True,False
0.5026251502738249,0.5720017392052195,0.28268110488535114,0.6006893236138782,0.7587178082941979,0.23966206897447245,0.4467606670564508,0.7543028359227235,0.29300478746611347,1,True,False
0.6072651027873595,0.5313063349138837,0.3442706752236585,0.5288602969892776,0.5816987273307171,0.3701838688006797,0.43843816930528623,0.48990832318438987,0.7869721425802296,1,False,True
0.5529460756169103,0.6195507540108421,0.3694818774585644,0.6531881670294187,0.6675349230472883,0.5937347954799004,0.5023230419598567,0.5921133043550144,0.4331902752836005,1,True,False
0.2991064867722672,0.5837753293369093,0.35281709224751623,0.4300674787881526,0.5637980880547263,0.14518324979313113,0.34617410828334944,0.37273934618968574,0.5942445347127904,1,False,False
0.5026251502738249,0.3435484728170555,0.7358972342851529,0.4445119342558541,0.31587734528583084,0.32839689352080875,0.7051935659293901,0.5632748878007608,0.5964690481763041,1,True,False
0.5577151579685913,0.4801296976608542,0.27446742860699064,0.47173107581378965,0.6223080727507588,0.7144713784440355,0.37902296323113027,0.6559552974893398,0.5134335234514694,1,True,False
0.4211392130847995,0.5068033043954714,0.6041631322373758,0.33258160241788864,0.35269221965797454,0.6114888969005554,0.35288059595063515,0.6210231106628731,0.41778275053439357,1,True,False
0.5192608752003831,0.3907459058924133,0.5063589378201473,0.22146248850391778,0.328934996020714,0.5674938359520199,0.58182049721847,0.5871805811480599,0.4422833723919551,1,True,False
0.5026251502738249,0.6007036528587985,0.19235628164568916,0.7391569656024503,0.6254324714841751,0.1792999060144087,0.3915672605561184,0.5998311175176207,0.4630205822517764,1,True,False
0.6778286404642816,0.43692101588920806,0.6520097556330273,0.626004445695114,0.5816987273307171,0.3030590196361456,0.4585561010941468,0.8261252143731133,0.5389856114742776,1,False,True
0.5327128447805833,0.4934104345246191,0.23663442326686182,0.5575947839009531,0.5870740237755543,0.5266219411535604,0.25912850125050974,0.6639786661678656,0.5762395151428165,1,True,False
0.5708800260168859,0.6628686120133196,0.2751067459089576,0.7238154427325674,0.5816987273307171,0.5970079692525245,0.4693172786856511,0.5508816034027939,0.5469458854305759,1,True,False
0.553310222525449,0.5979232069569207,0.3505329890036583,0.634528588312708,0.6601167545962837,0.4818153280972937,0.736792846808696,0.3443948871279931,0.42138136344026306,1,True,False
0.591128259264369,0.42048358609354375,0.35617068993779283,0.4219826954674114,0.5075328718645423,0.2975341842248113,0.6841999787101747,0.6308796908035031,0.6185175930270651,1,True,False
0.4914256751535323,0.42134461405057755,0.7267869483220714,0.18706161387903497,0.2560826356909079,0.6514917804788811,0.5487334084787465,0.5418966117060119,0.8013248155344008,1,True,False
0.4856696798829917,0.6950715998853589,0.1258581869728058,0.7838496956811004,0.8262950441932086,0.33530717962041084,0.6371108839904146,0.34643802647390187,0.44809706507180497,1,True,False
0.5834119759266315,0.353550091236152,0.5888514549296628,0.32825989328053395,0.4799588717720542,0.7413982101414525,0.6905009530088037,0.0,0.3707100661019318,1,True,False
0.5026251502738249,0.6065657736596154,0.31805472676769,0.4379952733798259,0.5601095049246034,0.3573330548230696,0.5120099485534572,0.6254647513550677,0.3425319340380967,1,True,False
0.3383146148179824,0.5652845198022504,0.46592567710434873,0.38507766861248005,0.5530305021679126,0.5724079954769805,0.45452643560465333,0.5226037370203568,0.6703728050660104,1,False,False
0.4252802778386464,0.651100001855633,0.1906156024359308,0.7299623381352172,0.5816987273307171,0.2963753955310386,0.43715105445645186,0.5665445506914588,0.476204795472948,1,True,False
0.46992844016238644,0.5476301348375052,0.36233451646890835,0.5452505037588776,0.6820346996621415,0.39644617610363714,0.14787770961143848,0.8491056479919075,0.42369624069471806,1,True,False
0.6268204095488712,0.3987141057511032,0.35780314213243297,0.5933074533603663,0.49941063156525745,0.523261020956808,0.5169669942819761,0.6668019785796226,0.5566164617298842,1,False,True
0.4893072880297117,0.4372743486138091,0.6611388646319271,0.23642812162413715,0.38755467344013683,0.20796737993359277,0.5289351246242648,0.581081085758598,0.30824290217808237,1,True,False
0.625507893739116,0.5005127711786286,0.5043807518928913,0.6413122238051987,0.5816987273307171,0.3962726765284054,0.6143762530203548,0.5805654806688515,0.44598090569926047,1,False,True
0.5026251502738249,0.6005550307338396,0.3508101328109039,0.5126450698360188,0.5816987273307171,0.35369588826539994,0.36755733087880366,0.45924652369806584,0.3389195402322841,1,True,False
0.5026251502738249,0.47416267241062693,0.5592636737289687,0.47544188154767203,0.5184971655659922,0.6800541790059902,0.5897366426188537,0.5537370851111271,0.4832469260969004,1,True,False
0.5766627823031236,0.5237131417915214,0.27559560961529955,0.590742199605061,0.5808516855557597,0.439645181837589,0.4266429515479633,0.43385864388862927,0.643659063248677,1,True,False
0.3627338696586772,0.4993122212923977,0.2923295194478567,0.2938368941358443,0.41489468326976775,0.6062203772539343,0.34963397087812037,0.6457815933882586,0.41237328673299084,1,False,False
0.5317795724965027,0.5645312362456409,0.41322739473877196,0.6124261606022063,0.8083397973923643,0.3915946252440548,0.42463985058211384,0.5977094900044368,0.21202335142832646,1,True,False
0.6738575624752933,0.4024630384635798,0.33089998298725065,0.4309458418113828,0.4442656220893467,0.5164880263334646,0.4669865743223983,0.5875839881556677,0.5201464102643104,1,False,True
0.4218504967288265,0.63734124133378,0.21579959064211118,0.6867447292192174,0.7076324496110179,0.273449480330692,0.4341632356422853,0.34160171708475573,0.2774218295020979,1,True,False
0.4145354982688683,0.5287385609858641,0.314102804305474,0.29703335558971516,0.360697991364689,0.3217469817835838,0.4873799065852239,0.06359634707358151,0.13834641079194185,1,True,False
0.5440822801380051,0.49061207783463967,0.5487650665054031,0.4597990650185449,0.6833295995516931,0.25486094545469756,0.45462058757800705,0.6656059913614473,0.37295205722984126,1,True,False
0.6434617381785394,0.36701101887378484,0.569741685790595,0.4103331935508052,0.5816987273307171,0.3600818835309569,0.3699273161091729,0.3954376920482024,0.46530813148862576,1,False,True
0.38731755485062996,0.5725014886320382,0.2991813454876079,0.4023454147090853,0.5047919283758153,0.35077951383536227,0.31816180865633387,0.5415736399160563,0.2763757591719529,1,False,False
0.6984415580529603,0.3935748639197596,0.377871405831776,0.5725329729990336,0.5816987273307171,0.30612322965370803,0.3304444584686516,0.6051410188866513,0.5092390467967608,1,False,True
0.37178134020647985,0.6726735829995949,0.2872849814631503,0.5438955011788124,0.5816987273307171,0.3891172235966622,0.4086750941622695,0.4442596345535861,0.3761696007831606,1,False,False
0.348040062740788,0.6430114225928842,0.2731984170993937,0.5264982300590316,0.5511930745243485,0.3023593069888368,0.516941594300735,0.6427350089332843,0.46662994868291213,1,False,False
0.556708200311055,0.42629799733105334,0.4135202581241622,0.5883394109613005,0.6512478527657165,0.37942326450872127,0.5018197594163064,0.0,0.5237337248744157,1,True,False
0.5026251502738249,0.7679327934554333,0.040834610663320677,0.7620401096838345,0.7494607817555058,0.3023849675478775,0.4482356482690564,0.5120773129286696,0.49750969700741227,1,True,False
0.5041559005882231,0.5096817864357979,0.4316139160904253,0.6422227836469149,0.7851686475079751,0.49108412918952266,0.6217772778717481,0.3289929618967843,0.40911982806186803,1,True,False
0.5635967338239216,0.4814289063360241,0.5227639123512,0.5809380889038716,0.6569995779655323,0.2851522903378801,0.34660767722698627,0.4831512334034428,0.3326882318873129,1,True,False
0.5382642993265154,0.63244664654886,0.23821533176506082,0.49699877464115355,0.6744077686560225,0.702887998660328,0.5950912779140182,0.47823397170951726,0.521526631408238,1,True,False
0.5144667439699891,0.5817945982949214,0.18993629349918517,0.5999016182102328,0.5816987273307171,0.327984023907764,0.3130974419744313,0.49731247460142936,0.8040280825202717,1,True,False
0.5026251502738249,0.5120878288261426,0.4497961142628451,0.4113111855502384,0.4152543047507663,0.5929854416439719,0.40668979589434257,0.0,0.5573944266889158,1,True,False
0.6230102697743707,0.3779185903516479,0.45940396555259005,0.2583139991666298,0.33830793298260226,0.5016687064870959,0.49621350889543414,0.6392916517501066,0.3449855628362408,1,False,True
0.5966167982557158,0.31672486748831574,0.5474223840699093,0.31998365958491676,0.5816987273307171,0.37707069122330455,0.4682330244492525,0.4449774870570634,0.470601503707103,1,True,False
0.4488846993650985,0.6356977891556052,0.29890722321774565,0.6754027885475623,0.756359262851314,0.5869748883975523,0.5237168696399263,0.4433347896463792,0.6770111872619816,1,True,False
0.5026251502738249,0.5372750332811255,0.4612702336621673,0.5587302833784207,0.5383487906076976,0.5471992748682226,0.49133952722499674,0.376483779700423,0.49203386985642233,1,True,False
0.6646900343084722,0.4225513490987055,0.6432462102507241,0.5137131352573311,0.5592499917417738,0.28708688632509266,0.40276578346022657,0.500828436499749,0.5738457452309419,1,False,True
0.3516556325856928,0.5838931595834022,0.2572676160910108,0.41457109334788067,0.6268067278268636,0.3898199751295682,0.35261962512204426,0.6797534922367383,0.35537923673308125,1,False,False
0.4387870342709777,0.3628686094431476,0.5671729928528214,0.2608581342004532,0.44443603211202,0.5140455651160745,0.7179831160733287,0.4337145281558569,0.7412371734495223,1,True,False
0.41032172550348267,0.582672155115148,0.31419921276835977,0.49643439370383874,0.5816987273307171,0.31577500442596257,0.5135528449904203,0.6618410699260887,0.3939308281108021,1,True,False
0.4726177982053542,0.5598597247577746,0.27488523038263435,0.6263306170250726,0.6579322420547203,0.5425120245428809,0.31241358461134416,0.4808552823798211,0.45977825265786504,1,True,False
0.5445357085913742,0.446133991055899,0.5901910237809235,0.4453021655671627,0.4892161945968887,0.3899871593913858,0.39446964422765546,0.6425996061992358,0.6267716362578332,1,True,False
0.5614361729646516,0.48826221349371335,0.5626800800531317,0.4568185682694888,0.4494602446322279,0.18141697759727454,0.46611589505968465,0.6015675688661262,0.38755429830727667,1,True,False
0.5280792966131876,0.5751315114291398,0.21171493978826242,0.5783465454535278,0.5816987273307171,0.6219232091118161,0.5307740172999496,0.6378247972448099,0.5637623458396391,1,True,False
0.5026251502738249,0.46917555280683665,0.4018062464710674,0.4729817952357139,0.520861327145118,0.3420118904995087,0.30153992031520405,0.40065975127012776,0.6033354766853466,1,True,False
0.3985369351934285,0.6390624065868004,0.21292163477966294,0.5750833721626143,0.6814663418091603,0.338881194573234,0.6905910272329769,0.84245656802064,0.4904357520518932,1,False,False
0.3073981862487699,0.6513612501396794,0.11496947027260676,0.5587873510247054,0.5615851996456596,0.4046674163579928,0.4102195410434685,0.5517589977854371,0.10598168981502945,1,False,False
0.5221939782674555,0.501955589554214,0.35577339963505816,0.6329170230693228,0.5816987273307171,0.4267645773155359,0.4884218757870651,0.7223325903628749,0.40250072611756166,1,True,False
0.4584073197216769,0.5001239906113158,0.5424603594530959,0.4087552840403641,0.6979899628323286,0.5741554752861628,0.5995783306338307,0.8322421097632013,0.49088781846275514,1,True,False
0.5026251502738249,0.4855776514407498,0.38245268836924584,0.3994515485536998,0.4355065220869665,0.576122696832436,0.45128766946051324,0.4183247850079472,0.4621026962512191,1,True,False
0.7695941492910768,0.4195374034746674,0.6192534979561595,0.5675300971837202,0.6277869286182125,0.5180292526166059,0.43396635962453023,0.0,0.3365161956091408,1,False,True
0.35974671257205426,0.5177245630015042,0.47512026944572733,0.363135899988059,0.48710511011834834,0.2638342599423193,0.33930272614706714,0.9364088004575408,0.39415114864612505,1,False,False
0.5026251502738249,0.5710303694004519,0.3984678414736888,0.5810067200310595,0.5816987273307171,0.45370122855902256,0.3972054159581836,0.9542216963557477,0.5423089000946729,1,True,False
0.7439317152606457,0.4352341781941236,0.5617585934249938,0.4698876705814011,0.6116208736867272,0.5421494291483091,0.6573119196104572,0.3599326436794679,0.5216745140970497,1,False,True
0.6013290464315236,0.5239001843967489,0.4760240389922977,0.41126134296567063,0.5037213873175289,0.638806639967642,0.41892564515034747,0.7738572985888537,0.37679104172569383,1,False,True
0.5577600811782519,0.5559931736220709,0.2524135655251816,0.5375779300193407,0.5816987273307171,0.591718093196403,0.4238353297048967,0.6377222075716472,0.19336742771337534,1,True,False
0.5398545449850363,0.39547709631596784,0.5338119937474769,0.23167180095255172,0.364390307665206,0.1674371183235796,0.5998932477196522,0.5014938593900597,0.3483210725474629,1,True,False
0.80317908162143,0.442420000320757,0.7094955414971804,0.43338238729100687,0.6023043852933492,0.2709810236679003,0.5321728131078105,0.47667591261373227,0.2798171184345236,1,False,True
0.4092016985217004,0.543214309509907,0.2070665501759833,0.4174162213651513,0.4315876099936331,0.46092820835226095,0.4588697762297863,0.5466957329844572,0.5600630648693073,1,True,False
0.7490577440018298,0.4993105140873819,0.4290538209016534,0.7199036411056514,0.7480776384781184,0.4795940171788174,0.5278167682234789,0.3785602417314803,0.4451412614916885,1,False,True
0.2708661236986,0.620470875164193,0.2726870667999016,0.4507471880478765,0.5816987273307171,0.40081643014968976,0.4555830873515213,0.48337744081984263,0.5994867811619434,1,False,False
0.40830366815401503,0.49619609918772,0.31314563262528133,0.38725351363644617,0.4581318646061012,0.5622190228983504,0.6683485002176289,0.547600803813735,0.3749546955427897,1,True,False
0.5026251502738249,0.48926068273822476,0.4943543144067363,0.45395047535971683,0.629060534380201,0.5219352890607822,0.5508262404904075,0.47003185421857435,0.5834983328084561,1,True,False
0.3909716713034274,0.6205517217358723,0.23458051903224214,0.41247449631308397,0.5816987273307171,0.5094142949869207,0.3212100081150966,0.5871071932706124,0.663229767713217,1,False,False
0.5026251502738249,0.47444851303389846,0.6163652384988269,0.2787251733869576,0.5816987273307171,0.6183390031182852,0.5879478749403335,0.5138103255080898,0.6927339205513273,1,True,False
0.4836376345743461,0.48745000042037967,0.4360681530636283,0.38073280034032175,0.44242032278533094,0.5142268901923603,0.47760312024858964,0.48496513028903177,0.6542888675258461,1,True,False
0.43166857740798786,0.5122757601584297,0.4028431093312327,0.3146007715310714,0.4740928390385648,0.3034379942634811,0.2076556507065333,0.6425898943031083,0.6230379120765134,1,True,False
0.5026251502738249,0.5986682102479448,0.3817541532131913,0.36201865133387023,0.4878183155215601,0.4694643118784238,0.18737115741509924,0.5296749648061907,0.3107987237778741,1,True,False
0.45145913021091305,0.5907971315153256,0.18653727773785692,0.5179195802620032,0.5192099775882715,0.34008531732882613,0.37446061318290974,0.5047984178350844,0.5867613429157864,1,True,False
0.6561012501576996,0.428773785124526,0.2914811696280574,0.6071481784706173,0.5816987273307171,0.6176605803216082,0.22948897225210213,0.47805125303508134,0.5174276078284815,1,False,True
0.6203413336803797,0.41238847989274974,0.6646019983100867,0.3937372648217887,0.5014727778350879,0.5557169189246864,0.5274196011569627,0.6098911108094947,0.45894293531900426,1,False,True
0.5686943902261122,0.6416028044793285,0.1843862073742304,0.7154656783571907,0.6774012858867743,0.4727122516562087,0.48701879440478923,0.6404977948243824,0.1582422943331734,1,True,False
0.3917250895360682,0.5417612814799563,0.3128975333927613,0.3641276424206849,0.47322874415569127,0.2918819473717004,0.6327155376723187,0.6139455206233164,0.5651084250163824,1,False,False
0.5133522230248654,0.4717385098599167,0.5613513962424758,0.3626169730213528,0.47391940033258007,0.5185042248354004,0.55852644697278,0.5031468788879828,0.5342494513165598,1,True,False
0.39077160602858163,0.6011363349836851,0.2951163026417542,0.44551040692974553,0.5816987273307171,0.2386335385445441,0.44403322745449414,0.3967520500499367,0.2860375173062796,1,False,False
0.5026251502738249,0.5353349718837551,0.28012697880602283,0.5232742321913698,0.5684952227783259,0.35377811024122435,0.34280020476666084,0.7313600982208515,0.452525089024504,1,True,False
0.699480554896818,0.412147909433477,0.49138186253116456,0.380611752891458,0.36655573835506844,0.40512043427781425,0.3943826946725614,0.6124156652834327,0.4309170734695618,1,False,True
0.259797901811129,0.6946583299367739,0.16060004619455892,0.5620502517411291,0.592375777633624,0.572985030123188,0.4451513507084325,0.3968362847987173,0.7556373043329105,1,False,False
0.5046277915305751,0.5112942168822936,0.33241583893384524,0.5550875302778764,0.6571103433776769,0.8313946017889906,0.5392655424140086,0.6821987522453992,0.5580691689407701,1,True,False
0.47371654061344176,0.5594574129309878,0.3914263484994753,0.5958923776820931,0.6835245472520665,0.2891913731062333,0.5683372290032512,0.49056051252113086,0.3660983721816038,1,True,False
0.42242547770381644,0.6096146502244506,0.20959590536676756,0.5818199539274704,0.5842848684240262,0.17822168778053638,0.47829807868630936,0.4428645390194493,0.7938373886447427,1,True,False
0.6774788038573781,0.2737656180172813,0.919945827692754,0.3027562061110375,0.257231689276526,0.5234933433947042,0.4342311474981867,0.3325698044267129,0.5071420377940422,1,False,True
0.6033860348884381,0.4226379602110212,0.31625840802853505,0.4760222221481149,0.5841988200648768,0.639213796161231,0.6145100090218093,0.3645107007218156,0.7124800737873841,1,False,True
0.5519586529041962,0.6543922912680284,0.3028752877518075,0.73306521555603,0.5816987273307171,0.2577041713011034,0.23116492542827338,0.5349597906087156,0.595916447344078,1,True,False
0.4899516946806449,0.47747778497644544,0.447350338249507,0.4331551843072106,0.27937471484065585,0.36742624221684744,0.47779903845552096,0.6711876677953528,0.5770429220089698,1,True,False
0.4176276212497623,0.5975147755292601,0.31354456287014354,0.6332707321847989,0.5816987273307171,0.37154109047255796,0.5885798217587942,0.39469067313206624,0.36322761974418305,1,True,False
0.4500001261849222,0.45310811010367114,0.66267746143926,0.3045658636836933,0.4931725753983981,0.5319296784474221,0.6336371987992512,0.5197915485937294,0.42719553438928853,1,True,False
0.4747478516063772,0.7414224867191331,0.08531032614143547,0.8447052519016838,0.5816987273307171,0.275810971644081,0.37281353658319144,0.6148388800269803,0.5554172323378032,1,True,False
0.5223890539697115,0.40362241842563973,0.3748895792244147,0.29677725119661347,0.41914010764820886,0.44597283626587586,0.33295344092589924,0.7072295610363671,0.14570616811197493,1,True,False
0.4694754563469538,0.5267303136594317,0.2344259990604762,0.4549997094750179,0.5259202862902126,0.2840062426985061,0.5802224360299191,0.42468465886146745,0.25920348824912465,1,True,False
0.42874390085299796,0.5389018826421355,0.25966940626458307,0.4176716188608744,0.49138034348037685,0.2717985371155766,0.37503156757551925,0.35026718542428886,0.5417485375385639,1,True,False
0.5026251502738249,0.6002246413183844,0.22626456089834482,0.6857522203661968,0.7379692374686516,0.27228279342417855,0.24530365359128992,0.5990792887037627,0.41116189253595287,1,True,False
0.4240040792834415,0.6365447921871561,0.2912796957222187,0.7538726839953074,0.8315242746500873,0.24834008146889136,0.4635448591444664,0.41481465909749293,0.47084181112458795,1,True,False
0.5422207034511866,0.5376790054304088,0.2811489434635023,0.38787247558337895,0.5816987273307171,0.5870671494201394,0.4827414934576866,0.6898945689594876,0.5825668392810935,1,True,False
0.49112472517086814,0.5244680999834975,0.41213167018880964,0.5651162378499582,0.5816987273307171,0.559792367045973,0.32896417413659573,0.548073346328537,0.36817972614932704,1,True,False
0.5725913645257771,0.5934060611836208,0.22515821319895032,0.7393346000060502,0.7395344737997919,0.5413841539412387,0.4717621092372828,0.2825523393330159,0.5404089395340436,1,True,False
0.6273997594304426,0.5531472744305286,0.31442621665908466,0.5529084565490704,0.5418193374174078,0.2508543346249343,0.5406780213315512,0.5989889893363285,0.382092157988047,1,False,True
0.4936927315255723,0.4780032578847965,0.4152481049268547,0.5379812270008549,0.5396914097037468,0.2047126765697566,0.3700729703812556,0.7593757372819014,0.5987220662601355,1,True,False
0.6228028719168394,0.48453020107313527,0.28092315902267045,0.5533628112343715,0.5816987273307171,0.18836638397808575,0.4684760723440765,0.4434100777989765,0.46565249320917895,1,False,True
0.42675594632001923,0.5428910691855756,0.3648609533823524,0.41570702518794594,0.5947139291222847,0.4010086961880584,0.3436433031164254,0.4793727132118604,0.4295660231119279,1,True,False
0.3163841953237387,0.7572964221788051,0.13834308689128483,0.6777559471446037,0.5816987273307171,0.4382622980197753,0.5405162353165521,0.0,0.5334028431615837,1,False,False
0.5026251502738249,0.3164664066238312,0.4907688244263108,0.3475820753276541,0.2990808435182108,0.3678131489976599,0.6436457288970455,0.0,0.4520493026314159,1,True,False
0.5026251502738249,0.6320221937158155,0.16083967212771558,0.6007503973982115,0.6454313547996019,0.5714329523384174,0.45434716235635897,0.3259626708080503,0.32900884305350153,1,True,False
0.5867945362078192,0.392941639728122,0.4968033127627382,0.2314659364977483,0.5816987273307171,0.2858517018431134,0.44007762411381146,0.6201799549144575,0.578820958380882,1,True,False
0.5591957217680268,0.46898535794151086,0.5420817271956774,0.39818210793967035,0.44880363216565744,0.18996795389609472,0.14068740780074646,0.6082687728545372,0.7089140926067022,1,True,False
0.5678546281795157,0.5054813003329658,0.24381847324829495,0.5856183925487191,0.5816987273307171,0.3936792843824029,0.7026700401852899,0.7084024717641685,0.35302560973949726,1,True,False
0.4367380036742591,0.4752197587665705,0.49724419567902406,0.4083007477761655,0.3743169193952783,0.5084675024532692,0.5559950569776181,0.3716848470430375,0.42170731524623567,1,True,False
0.5026251502738249,0.6486906538600571,0.24725181123604176,0.4938922791639366,0.5816987273307171,0.3691023495583277,0.45529155720254255,0.4019762353926126,0.5798581516594786,1,True,False
0.5099591623279255,0.47808053641487713,0.3208515966156396,0.607433118223316,0.5935480308809326,0.3200779212552251,0.5817804806862354,0.7108747738148732,0.43894809834529697,1,True,False
0.5026251502738249,0.6386836703070513,0.3253106967593654,0.5969260366124283,0.6539933643243175,0.5173634964773557,0.33463092923068344,0.3927204195439396,0.5415948226568107,1,True,False
0.5691804192767801,0.3954382019683258,0.4381663257053263,0.34164982449457565,0.5816987273307171,0.47976291090228823,0.23602618718081642,0.4199444061790058,0.32593669185339313,1,True,False
0.4739924505848259,0.5318173178154554,0.3286702619570491,0.4446860199733439,0.5083503558776088,0.40411935314598685,0.5247001531023939,0.4616626121587626,0.5810619901074227,1,True,False
0.456753430208165,0.5281820214030721,0.5138921938045016,0.5254860071046652,0.5816987273307171,0.5846243742538675,0.4169303195088788,0.8023777921338745,0.3010960139810639,1,True,False
0.4486413004825117,0.5719829501264333,0.42116957962195717,0.6313812703041491,0.7234354867812699,0.48099313944280436,0.4503720483349162,0.26010472558373493,0.5954683330932421,1,True,False
0.5708590698066721,0.46111605093371144,0.5625719049348133,0.48808628582588703,0.5816987273307171,0.6338371383259163,0.3831206547760665,0.5722220213943751,0.6044801653404587,1,True,False
0.3620568215766916,0.5958007565010979,0.3687703752864298,0.38967695124478163,0.5343395722289943,0.5280293481675278,0.47110308884228524,0.6204205218055729,0.5505928631221227,1,False,False
0.5026251502738249,0.4261170883247174,0.5327414435378799,0.46635500379264677,0.44473680548818073,0.6045458797683463,0.5227319222466523,0.4785754971499161,0.38749349105906444,1,True,False
0.5822320687110466,0.5746097119891966,0.2518788608439718,0.5211301027101164,0.5869454362830153,0.6541938090989923,0.48510086908440375,0.5843210795809083,0.2552246778084353,1,True,False
0.5416386911952848,0.4991584549717428,0.3735550426803562,0.43368083551425496,0.4786679115959991,0.5885451635030001,0.3769523814049624,0.6455725021506864,0.51314589135034,1,True,False
0.38172263359926406,0.5475209425537068,0.21626512039768414,0.4858915938546788,0.5671348490247912,0.7167496023838018,0.45534054634285304,0.49208176781146223,0.50192825880075,1,False,False
0.5622829573393457,0.6245761898824577,0.2042400220967941,0.6046663833140233,0.6564390416852873,0.29612754560400284,0.5171925486670615,0.6767704600620014,0.28144002403102286,1,True,False
0.38050168100688125,0.6736089113313113,0.21770631309901703,0.5487601473889481,0.6460240773957576,0.44953354779407767,0.30075754735448373,0.4421011453194344,0.6439442713265305,1,False,False
0.7535909480811579,0.49959307698498456,0.5226070396150839,0.6717781713513143,0.5816987273307171,0.6730605514895949,0.4629486793945613,0.6867923544128363,0.4729257823038237,1,False,True
0.5026251502738249,0.5032530528696381,0.2916648987464994,0.3600216867698395,0.48120732571821534,0.29116088324724015,0.5178370078275982,0.6072641911290522,0.3060917445606619,1,True,False
0.5336447621550864,0.4708212185964664,0.2531043614501783,0.5108692182835295,0.4207300062419429,0.38494544319591845,0.34811144978328906,0.4664707641554805,0.4269189033777773,1,True,False
0.5674201769396258,0.5962615934245674,0.5212968289388532,0.580603895788629,0.45830498485267046,0.300515985166886,0.600457843098993,0.6308090348952324,0.5032503960167921,0,True,False
0.19220223145777252,0.3785053816200633,0.4906491937581392,0.44626786258706613,0.4962704612892598,0.3422426943951961,0.4567451811576144,0.3639807242719112,0.6050356927892836,0,False,False
0.6525495899922364,0.5345951946689962,0.1506572351895851,0.45666732835448687,0.6156117670719639,0.6667514242163981,0.4397101694817649,0.5978011589554451,0.34634187857262577,0,False,True
0.3724292281460477,0.526735800317359,0.5559916084510879,0.42515517696654426,0.43737635307223377,0.34789118906677624,0.5236686115440565,0.6470809975573062,0.5678815572313464,0,False,False
0.6178239247830758,0.46426689852031566,0.15724296050445805,0.44590245203150114,0.589373739365577,0.4006956223181198,0.3015039931061711,0.0,0.7146547915544769,0,False,True
0.5540484964466035,0.505108813160115,0.3631722063968816,0.5566037833541848,0.6078998731860501,0.2438489995861764,0.6656157790508282,0.0,0.2632767457861652,0,True,False
0.5074496573946647,0.4720475881202715,0.20310842764996087,0.533775106693281,0.5816987273307171,0.4643602654425219,0.4665426921743234,0.4868148325688478,0.7590956330817751,0,True,False
0.38309733181212685,0.48053400096928867,0.43878889040642116,0.4828849062309782,0.5183281897983282,0.3977183471267646,0.2875365560710194,0.6388570727857353,0.45781291147266906,0,False,False
0.4701785533715467,0.5560593230781645,0.3841894356380504,0.6429613781163285,0.6363312966674343,0.4841736232459411,0.4138651586096248,0.6392183980451641,0.5108742913518914,0,True,False
0.48646189404079904,0.5887133422764422,0.5300177842633128,0.5534857954214581,0.6027153430764746,0.2772473141809945,0.5569635476933218,0.33758547502341985,0.5582037270827961,0,True,False
0.5026251502738249,0.5226833933693035,0.20629366608638747,0.5188222785187122,0.5669967239950056,0.7261709084634171,0.43093919979018236,0.40578657102063087,0.1744989074982151,0,True,False
0.39815118532231747,0.5285828982153529,0.2828192457053747,0.6941662031166398,0.6737976470710002,0.6243651804426793,0.45024259048670223,0.5387226607839374,0.7000430512276213,0,False,False
0.6110916730433595,0.6138130808967711,0.295807364602869,0.6214237358048541,0.5179260641156527,0.36627802295155026,0.5723690044921443,0.31671789999398,0.4229820509798243,0,False,True
0.3202430543525278,0.45322997300349277,0.2101800734148217,0.3854975231098828,0.46075275481139366,0.4058016885865216,0.3705641623471353,0.6065660302148941,0.14252987776562012,0,False,False
0.2702174027436749,0.40052175936731327,0.3294215185836787,0.3377754789858662,0.48589148403594984,0.4388286751469524,0.40235334601273637,0.0,0.5581856959737493,0,False,False
0.5098838797753116,0.4980675129162021,0.3653852391938379,0.5131674753568202,0.5816987273307171,0.5654925686861305,0.6246652064719825,0.5305689359854178,0.5095239649650752,0,True,False
0.5026251502738249,0.45035850345683326,0.2374766504712401,0.5520612526259993,0.6331139416848164,0.32383122765013156,0.3181725431479478,0.46343688116758114,0.3327978991718392,0,True,False
0.5651686448652732,0.5946652207243964,0.5662390681662074,0.6701655009497616,0.5816987273307171,0.7229328091814144,0.5548655144725314,0.578524464819339,0.27009181896815027,0,True,False
0.5026251502738249,0.5284331568308667,0.2802346064948375,0.5753530609991394,0.7188598853013334,0.502668766373372,0.5376643123745392,0.5446602347080713,0.5233018992118893,0,True,False
0.6520255541207488,0.49783854402304717,0.16578208591814042,0.5086653924957475,0.7359265917822898,0.3322472818029923,0.3158812610274946,0.5471760969258473,0.4371757777577208,0,False,True
0.376569384123554,0.5286243688159704,0.3560306656459028,0.4565127226746437,0.39435671553265184,0.29727007114736764,0.5158766995824993,0.5506796603494436,0.5047147806634614,0,False,False
0.46179239493335145,0.7030894539862224,0.7164738115516217,0.5532802234077665,0.5028550685317079,0.6349762757830084,0.7114554172958796,0.7212969603357778,0.4425266956291895,0,True,False
0.5889418997477579,0.5508820502798972,0.22310576823233047,0.70588194039557,0.7869985609381625,0.42362380814071204,0.4828095405133206,0.7832016700314278,0.5059050470839163,0,True,False
0.5026251502738249,0.5404582166859244,0.29238320676226154,0.5993015188412177,0.5526568276967269,0.23061304844846647,0.6283803790637721,0.5453941718291884,0.3879904526614166,0,True,False
0.47891370658455035,0.46959662515926903,0.45676468329382086,0.5158596286188076,0.5816987273307171,0.479994085142135,0.53011417162687,0.31914225573951227,0.4455655686261078,0,True,False
0.45930391328261017,0.5808924537149146,0.4356558074039315,0.5272727955420887,0.497608483308854,0.4143255124226453,0.6023425648870897,0.2764712378839921,0.634485069695503,0,True,False
0.5344850911679064,0.5029577658061669,0.31688671389091916,0.6121225401226199,0.6823010532319341,0.5136367103507593,0.38035455621536285,0.8472018895140716,0.500046565772993,0,True,False
0.3931751657614934,0.4246368560184174,0.19093757654251148,0.504810776423027,0.4919756226879579,0.6226288977704171,0.4671980473791991,0.5614205688658997,0.6064210501918702,0,False,False
0.5372800454579371,0.5474320124329165,0.3253933156389207,0.5342978465227094,0.5816987273307171,0.7371944849535568,0.4434333272131513,0.6821142857037388,0.3140352412818854,0,True,False
0.5026251502738249,0.4231633264515604,0.14815737642402604,0.43892830979549513,0.625000801247014,0.32509080189604517,0.4497305696750824,0.7142020194555302,0.5878874347502961,0,True,False
0.608754838051292,0.5829004820135412,0.26475746807197986,0.49923878424121476,0.6917120655897399,0.2883418507239724,0.37556236319017794,0.6491912977792454,0.3608024966697009,0,False,True
0.4067482533098179,0.5295769563599534,0.3024645514017594,0.4856883322766165,0.562457771670459,0.46737125693866727,0.43767463582836796,0.4509783762704458,0.5024517147466537,0,True,False
0.49532168500434887,0.4698628572838388,0.2463206218409675,0.4160368236744124,0.6827297802916884,0.4449780311038652,0.7514620574797025,0.8438099295844533,0.45854377700698873,0,True,False
0.43679857422247265,0.6480145575237822,0.40026401120155636,0.49749692724932965,0.48100738706630797,0.4340632658259284,0.4726467386708778,0.5703905532395044,0.42368346749870184,0,True,False
0.6125480729877142,0.5445507407196448,0.25560072615494495,0.3533043375333286,0.5185837794264808,0.4953002041359607,0.6335987262017336,0.32034626106349257,0.38877463873393375,0,False,True
0.4063673562616889,0.48660303950746087,0.2835230442786047,0.5390583418792491,0.6300078906548409,0.2868760489841982,0.5298962858572953,0.0,0.5942484309115724,0,True,False
0.5026251502738249,0.5500075156244427,0.6502910986154705,0.3993777681458172,0.36931428464591326,0.1337382435345772,0.4614835090746652,0.4208789972447391,0.49335931251545145,0,True,False
0.5161519428434925,0.6017171912873628,0.37449037122331363,0.457269975716492,0.4987144730493228,0.7742227555003656,0.566369950055691,0.5921986733916067,0.5111663643014123,0,True,False
0.5141282851102359,0.4396535823370874,0.20428649907525112,0.5123752751347965,0.5816987273307171,0.6728354894677673,0.392244098368485,0.5274027466197302,0.4526400617876833,0,True,False
0.27477245198341577,0.5207291940951364,0.4363150557177518,0.4131143598469208,0.5816987273307171,0.8372191481676772,0.6101609923088881,0.62805710726378,0.40351709507579697,0,False,False
0.42116709613655945,0.476060580982269,0.28074530255798147,0.38670547314460424,0.5816987273307171,0.5109703755914876,0.5455063288653069,0.6387465496981198,0.6774163208565273,0,True,False
0.5026251502738249,0.7255244861312264,0.7146242007585726,0.5881628799526151,0.5546215472954498,0.2669929873999,0.5540671694727931,0.4340233982542117,0.4012750655980289,0,True,False
0.5947392753150319,0.6037275579827462,0.5772284793707442,0.6271726826063053,0.6186592198216839,0.6778237845840482,0.5849221187517177,0.5034390553197227,0.5568698927415817,0,True,False
0.4922544039124048,0.5481212409736855,0.4255646821930846,0.3758801970767851,0.5816987273307171,0.446689484305237,0.24652562985235477,0.6982868137711277,0.3993122654376035,0,True,False
0.3962946390666598,0.6151294179144596,0.553076642471808,0.4927925814819069,0.5749583210990535,0.4350477445933863,0.5152121098876135,0.5211877298289843,0.5954312469716952,0,False,False
0.5026251502738249,0.4648526108024328,0.27536225395690095,0.5468819449649781,0.551526179572833,0.5425191546300314,0.36421277290961895,0.41882690317312243,0.5418913311057422,0,True,False
0.38475985442548655,0.5784165151010964,0.3299449120263664,0.5448729497325456,0.6459218164281096,0.6009170058798128,0.3072101656888577,0.5621774709708163,0.5428058565068518,0,False,False
0.5187524751166475,0.5988179122673218,0.6303485757216859,0.42941739343594953,0.3780779461578151,0.2639488157757652,0.4558921741033345,0.5643486303970933,0.6421552981330655,0,True,False
0.4469346993671192,0.48232886920736295,0.2217393871658737,0.5262724561460611,0.6182060345828496,0.42163658762219175,0.3692760795293578,0.625498627720486,0.48113323817217474,0,True,False
0.5018217382137858,0.572989165867975,0.3540456800545103,0.5420011677763923,0.4991957584108414,0.45626954812535975,0.5227487988655399,0.5260529412780033,0.28201080030526526,0,True,False
0.47034566665748156,0.5393772217036643,0.26744352130527166,0.49487102975307523,0.5521461163472754,0.21549007626679068,0.394695536854489,0.6891348994198594,0.46699840599859627,0,True,False
0.46897382479464544,0.40732905814722487,0.3074189662934247,0.4963768126239361,0.43892392672528013,0.3709681379893656,0.6133002669415868,0.5380094327317627,0.2497539226838571,0,True,False
0.4730073526057745,0.5421233159731284,0.25760214536447,0.5404361011746988,0.5816987273307171,0.1447912840001233,0.4678525849509144,0.3627296079994322,0.7262092487014727,0,True,False
0.515528055754927,0.4815599319940168,0.2176888452161314,0.4415754497944269,0.5367811237709291,0.4205229629879262,0.3896681461433201,0.5087435635625764,0.4342257182204982,0,True,False
0.3752791021062387,0.5243171622950438,0.5659995283285822,0.42782029712579367,0.5816987273307171,0.3746195394260457,0.3973454090564555,0.43996312237097623,0.38539847112942077,0,False,False
0.5808125166835005,0.4703194597294871,0.21208212566288212,0.49524388379948253,0.5816987273307171,0.47080599131338025,0.705117793794327,0.6844598662146808,0.3956911984233797,0,True,False
0.47284110430202075,0.3746440280641654,0.18171519275041673,0.5053291690331678,0.6867398453997128,0.43707695738653835,0.21114058573312472,0.591392948613081,0.49856694400443974,0,True,False
0.5026251502738249,0.5763182919635622,0.3026179749687113,0.6145168708503345,0.6124172226596932,0.5753239927858322,0.12116363622606162,0.4962872912403101,0.34856355275604234,0,True,False
0.4440896647820733,0.5738877134010445,0.5351008359250815,0.4378922617145009,0.4811810963876507,0.40794552114559984,0.3803971581715511,0.6369118887967952,0.1193845755701429,0,True,False
0.358570340484944,0.3973231784277317,0.311162825043954,0.45657218492816165,0.5754040146780945,0.27956794201152174,0.5362671771771383,0.6049276962428427,0.4990518865755727,0,False,False
0.49338425821227055,0.5906852945889478,0.6562426154336641,0.5105833599830994,0.4687523694369954,0.27842748280681423,0.6150755627143172,0.6756674312348036,0.008716381654752579,0,True,False
0.4509367665622804,0.41678544196643164,0.3370466410482413,0.5271599951150286,0.5816987273307171,0.36105755216093244,0.4922449530605234,0.6748494436076443,0.5061381349844073,0,True,False
0.5026251502738249,0.4783893722528747,0.07805974469707079,0.656421365966629,0.927337551000432,0.36874479181704684,0.5608938932986626,0.612562044827534,0.557294970923092,0,True,False
0.5209949464379464,0.48391366000808056,0.25452881927051535,0.5769062566823083,0.5816987273307171,0.48270072483524956,0.2550804268900367,0.3001475718623452,0.5583758866529048,0,True,False
0.4735974157360713,0.5053795098672801,0.5027083245987286,0.5754583628160743,0.5816987273307171,0.2612398580332764,0.44504815874705306,0.6978234775933899,0.3858172760098432,0,True,False
0.5725557425109102,0.4810744492879594,0.1939830749748426,0.4624169192945126,0.5143548861939093,0.8484730998430721,0.5923428812518109,0.5342347930709442,0.32720366544726187,0,True,False
0.3035635985288464,0.43940392216827506,0.25863892670757666,0.392085758390549,0.3757278223063423,0.4678912541797648,0.3505444532108377,0.6993955709238551,0.5041307697233134,0,False,False
0.3046621171237138,0.5515845635331257,0.4156156266581463,0.4354508366390857,0.3728686934211612,0.20820552407507825,0.3830931991726308,0.4478619998790167,0.6523815596623451,0,False,False
0.6619171853633674,0.5651981684933994,0.33096508521420887,0.5077713369703466,0.5917086236981406,0.5714689678512712,0.6499818094532569,0.0,0.5445357286416782,0,False,True
0.6871040446899618,0.5906201363648808,0.2933049870240833,0.5939638806394695,0.5816987273307171,0.3599602520437138,0.5853701885667979,0.5293724512302949,0.3258082373454355,0,False,True
0.5062055232546973,0.5257873552900874,0.41381433683937946,0.5481045005246721,0.550349906746637,0.6425256057871978,0.47219954305574974,0.5142411343956537,0.4807805276865978,0,True,False
0.24527671851036345,0.381034180569622,0.26266253644113524,0.4400076577161749,0.5228644736441318,0.4047008772823238,0.2977066844136594,0.5498007660966574,0.501973606249564,0,False,False
0.6026256449134985,0.70751628544788,0.7318795528428396,0.5879517863439073,0.5816987273307171,0.6897738025662963,0.4724818922185341,0.4059337667026751,0.19850825008270528,0,False,True
0.8747805763228398,0.6163980607952976,0.18055942268715636,0.6350810476855558,0.7013445100643777,0.2905774655531273,0.28975113391026747,0.5930003148765054,0.39388228863485114,0,False,True
0.5245022814123694,0.548070925725908,0.22520014859659682,0.42554570784315043,0.5816987273307171,0.5206839154617631,0.34062736451634074,0.48970680479940776,0.7256679058099101,0,True,False
0.3297456381749451,0.5264643512844156,0.2407201567682313,0.4483780082976949,0.5816987273307171,0.2844453011751235,0.3406132471709596,0.7118624026514049,0.2239253207459745,0,False,False
0.593390212071897,0.6620040999249474,0.2976985440499137,0.5121836357914251,0.5950723533634332,0.4956069546335054,0.28015718453445954,0.6759213285929502,0.6004403935541184,0,True,False
0.35068861103123444,0.39830121439464305,0.16694227207076873,0.5148957486757282,0.5816987273307171,0.22778697841504664,0.3380766112822331,0.38769065064867536,0.7364953564048967,0,False,False
0.5506504542760032,0.47654203836870435,0.3002841337410474,0.5778818940460576,0.5816987273307171,0.4908858212554696,0.44784306082388603,0.5200600124601699,0.5265850103665523,0,True,False
0.5026251502738249,0.4584271945915809,0.43069521316580806,0.4648359504560623,0.4663522245463875,0.3239172510052664,0.42419538271393864,0.579187745613323,0.3321980492999558,0,True,False
0.5584482028072502,0.4780197367855227,0.44720530983915,0.5598788957699714,0.5296342682308746,0.31059313180764986,0.3991826305118407,0.41894077103513583,0.35531162145031747,0,True,False
0.5862470651897734,0.5169179996410588,0.28120350712017605,0.5017363832606578,0.5816987273307171,0.468522685945509,0.5032839541376137,0.43978147764936243,0.5108462569494979,0,True,False
0.4970381526772144,0.5089623537941999,0.21568012781972776,0.5488526907073644,0.5731046332681982,0.29573674103996267,0.5562894921084484,0.6241444421025787,0.5189260730025315,0,True,False
0.5026251502738249,0.5313689928740946,0.23996815670611715,0.5363132173322199,0.5125901286045197,0.4650908996120468,0.38239946014967213,0.0,0.5384598006851996,0,True,False
0.3106742856679797,0.3992910960887486,0.3945592143292712,0.4395868759231978,0.44895270853475955,0.4391967460785707,0.3244158791740526,0.35332067182776083,0.5658369261221016,0,False,False
0.47357035969910827,0.5378044343612858,0.3476587996404765,0.4848895136120585,0.6666804558537732,0.2698584660390135,0.35230259247076784,0.5307980096664789,0.2050481145673359,0,True,False
0.640692670685453,0.5379654281982962,0.14331434781437394,0.5569524867256266,0.7597451364100372,0.34456885973440304,0.596080326537293,0.9205649054686534,0.4789371937965335,0,False,True
0.4836464492665743,0.5339404918546822,0.2528238093711846,0.500535718621126,0.5965434529583309,0.4550889267715869,0.792759034774509,0.6063087195496284,0.3393584481246099,0,True,False
0.4803313815733524,0.637462876877375,0.6769596675846893,0.5786849226959223,0.40382030078446063,0.4938306965200587,0.4201162686023391,0.4893705738521632,0.27820283083037234,0,True,False
0.5026251502738249,0.6309939151100497,0.4541207522805539,0.48691900053140375,0.626719741488256,0.30479238790088675,0.2983277652609182,0.6589661431815562,0.3761813866140838,0,True,False
0.49766219741959533,0.6215660704570035,0.551877112223123,0.6751608377811258,0.6590248480033559,0.44998060967483916,0.6296193565717314,0.5774790003253583,0.3445775645756495,0,True,False
0.5026251502738249,0.6476072413112026,0.5302605264864664,0.5501889648772059,0.36986914909266494,0.3049625657593195,0.34186411664031086,0.5323754098362196,0.33709058720729423,0,True,False
0.5037940528073747,0.7015791895913678,0.31490046263798954,0.6026749562183841,0.7234252796631399,0.3422249487324221,0.4120910828661087,0.4444532401628239,0.7982603232861007,0,True,False
0.5539395876096297,0.5417305676784044,0.3070907339775458,0.5134925680217809,0.7493668149733913,0.2744503571587141,0.32846213573088023,0.6155960431472899,0.2417847592596396,0,True,False
0.6128577542353476,0.46093038439680634,0.10134599159954943,0.5235794500649474,0.7964673375500511,0.38840506071732567,0.5334355502632254,0.417231367310061,0.3300417955153895,0,False,True
0.4929793001826564,0.4560230803115686,0.16423625937041406,0.5545837617062226,0.7039492538308599,0.6245195352829254,0.31425183781642996,0.292173562594591,0.29980536901342725,0,True,False
0.5581607319260912,0.5656727913712087,0.3964988863766483,0.5698165937612019,0.5481754895323363,0.5860940222270414,0.5763566712862027,0.6483261519145906,0.5019213391170126,0,True,False
0.4227823961741525,0.3893530334981471,0.15419792761791432,0.38937549253689113,0.5816987273307171,0.35801546530062583,0.5509310622525673,0.5285029889116056,0.5323401661160195,0,True,False
0.501521093270995,0.6453524166140615,0.374163740978892,0.43485500731104537,0.5440889683932963,0.4868616240875802,0.43946739098113796,0.6214560708484347,0.4207899330015225,0,True,False
0.5026251502738249,0.5164556169582257,0.32126138324776704,0.6077313409568155,0.8150651216310678,0.6392189303027016,0.41221904284884237,0.5695143785585635,0.651115710289574,0,True,False
0.5809097832189769,0.5780162211373286,0.41895839014074276,0.6522765242778419,0.6181616687523264,0.5085053132991895,0.3614182081929429,0.0,0.28728189085613975,0,True,False
0.4326477172323956,0.49671819203336365,0.2378462813070947,0.42281057157700297,0.7267036893522446,0.49054483977797575,0.48095997694250014,0.2720048373062651,0.5524197114451413,0,True,False
0.38164822164046325,0.5957013302641241,0.736311413513469,0.49313513049138796,0.42827947788373766,0.5324320068997843,0.6698213399533625,0.5663453639466017,0.5275159212927877,0,False,False
0.5026251502738249,0.38113430720937336,0.1818826126338837,0.6557317532571826,0.7717214606479976,0.3564726587102813,0.36308817406266025,0.46943048237856366,0.7553275106328043,0,True,False
0.410180933063001,0.49152326499846755,0.3443480098251797,0.506803346820758,0.5043398221682854,0.4437300667829292,0.34268476008491683,0.5506513852020077,0.5335985551344532,0,True,False
0.47034379367459483,0.4894717866061872,0.4006512028534014,0.46081563423090116,0.5816987273307171,0.40721060908444123,0.589372220372495,0.6285451953282462,0.5585426727931001,0,True,False
0.5764626519204364,0.5492866954987387,0.2946442131086582,0.5127491060865168,0.7602165194850632,0.34138939080007163,0.3342705193701767,0.702905687067435,0.3036094676700075,0,True,False
0.47520173912334124,0.5096789488755697,0.30924221897131066,0.4381700158610218,0.6146014204471254,0.44135270143130473,0.7020379534273355,0.2060883540397157,0.4181375069045696,0,True,False
0.3932901074509383,0.4246194017309227,0.3484499998987649,0.4408607752318312,0.5816987273307171,0.4763405848545616,0.4268090463105464,0.44631242411574157,0.25125845168169214,0,False,False
0.5026251502738249,0.6077087296767733,0.5876439614514806,0.5277546665934939,0.5816987273307171,0.40677486455632755,0.5239296399257835,0.5751473915861752,0.18576426733074144,0,True,False
0.46012617760000785,0.46192798178522954,0.1803643843034765,0.4957929822128621,0.5816987273307171,0.6345454277683171,0.5712578258084976,0.717041958569428,0.4220333411639277,0,True,False
0.5026251502738249,0.5332520196748826,0.6754704499697035,0.5166078708643999,0.3150632041407882,0.31654079549536224,0.45633138134805984,0.47065164803008896,0.6513220765217297,0,True,False
0.5891930753150593,0.5582565209234502,0.4037670308519484,0.589093237131975,0.7388244451298916,0.40954107381250276,0.40774130512314416,0.41473568936183863,0.3952603525073212,0,True,False
0.1835173972877085,0.5592156620783751,0.7861792001794118,0.47191261156268655,0.3770125202048573,0.43413277391235566,0.3288942686685084,0.6407624919938787,0.767051320039887,0,False,False
0.40463183988786267,0.5049706140832214,0.3014141763099805,0.37588045511194923,0.5229189365611676,0.26933527890704284,0.5881827504673951,0.47730717727272903,0.40088683236439254,0,True,False
0.6428213528005111,0.67975667414495,0.33843109679107813,0.5971390068192266,0.6705693691840561,0.4591924310847246,0.38194496846667575,0.43538725349236446,0.4244817650648079,0,False,True
0.3991812279095628,0.44941863906056634,0.28587044984692256,0.40991111281436143,0.6080197273129871,0.4983076988420618,0.445507855015717,0.4757220488111722,0.5528452600125945,0,False,False
0.4475455245597634,0.40573607680839985,0.301941443207177,0.5075513288961753,0.5261560510333028,0.5562926347456401,0.492785979878809,0.5465530048955143,0.3433595516757971,0,True,False
0.4944315591486347,0.55851501941731,0.2658992903269974,0.6349122124397082,0.6503275419271836,0.2702811948900012,0.7175901622948846,0.4850067682230131,0.5280671612156117,0,True,False
0.5766151716418351,0.5906510879871512,0.2712762712325685,0.6607795419044538,0.654818477790167,0.6604493567821899,0.5771485071886102,0.5516784500342534,0.6867472578492272,0,True,False
0.6305781696353894,0.540932826074905,0.2853347075060324,0.6722802456356485,0.7127626275247673,0.5340120287272647,0.5868690742217044,0.49037695597677783,0.44305496052120313,0,False,True
0.6176752862404987,0.49390397363726635,0.20810577090833438,0.457412843794267,0.7197040210456568,0.5390823915923053,0.6083127761002448,0.7518263020622232,0.41106081660095467,0,False,True
0.5339669215499492,0.6093651697185883,0.5096101321872547,0.5594124895412169,0.592171116941416,0.5171753327328161,0.3826172226805216,0.43136425153429003,0.485077379900461,0,True,False
0.8239200350798308,0.49268844014873314,0.06224061749204788,0.5530154747069482,0.7668518372058346,0.5137135374153885,0.3310266485229524,0.5572036378347167,0.29307926624964076,0,False,True
0.46093320018407047,0.47722184679846735,0.3744856446532478,0.46986364945251746,0.5620339869714616,0.3329475514583106,0.4206245468037363,0.3309037905962856,0.37641497484066627,0,True,False
0.5851578682793158,0.4528994766825649,0.2168514074517992,0.5481553909703503,0.705778652511246,0.47832004234218156,0.1932092498272474,0.0,0.3855706330923208,0,True,False
0.51769292727028,0.5906548073512297,0.5129360480538541,0.6832802896951371,0.5816987273307171,0.6593282705555847,0.42970132442547415,0.5913520808536309,0.3535550535981412,0,True,False
0.5637951409105999,0.558598905846587,0.3317410933591962,0.4130548486911292,0.48296430856778794,0.21403015103255235,0.5001782796336284,0.5744211992409359,0.35020074213209473,0,True,False
0.44031782397039265,0.5643416336063733,0.31048928613045357,0.6418222158549368,0.5816987273307171,0.33169679759803433,0.2311978896369387,0.6159180116987502,0.3774628841639424,0,True,False
0.5669565857224914,0.4461983966406873,0.10352687060549978,0.37302263530931,0.6920569632566941,0.23526558777330825,0.8021437602891918,0.5926255576344533,0.5333430043730766,0,True,False
0.5915086182269086,0.6537090325434026,0.29019126316750715,0.5590041999767301,0.5521678058228024,0.4868015075085677,0.46604066328966065,0.12618247794647913,0.4231414377797,0,True,False
0.35046368521345544,0.45829098856954575,0.2374993614442952,0.429883115883588,0.3936053481737166,0.7674325122540708,0.21363584645909173,0.30874321958646067,0.3218651739472781,0,False,False
0.5816773840222764,0.4896785442077457,0.16997663597984808,0.4896935450950341,0.5816987273307171,0.43028355426277237,0.4413536734937683,0.6249398361093844,0.2122954098515017,0,True,False
0.36556525207247326,0.4797733588119081,0.4251527067890707,0.4032018371447206,0.4950068862694732,0.32898827636016464,0.4812980016407117,0.6660086176642245,0.4455852698454083,0,False,False
0.4606478577789625,0.42081615949660267,0.2723101120476959,0.3757515201612271,0.43807927521835566,0.37775632095163575,0.5588993180541619,0.6593926598563877,0.35574776858686363,0,True,False
0.4009687605012473,0.5699743402213255,0.26754174871147696,0.4122856431159845,0.5314873244883189,0.27985911769621447,0.49708644658275103,0.589899275511598,0.38099615725573505,0,True,False
0.4110152119810778,0.7043020094993468,0.5180149306213687,0.5438201111478069,0.2114717067994542,0.5498937047376822,0.7878815103204436,0.573501796375148,0.8451945386157587,0,True,False
0.4933267856018484,0.5520875610182957,0.2443164127288108,0.3745282841575113,0.5816987273307171,0.21778139371015065,0.4985746410176476,0.7288622576885675,0.34652098758892635,0,True,False
0.45259050695724207,0.65661327860964,0.4764989722109204,0.5175324977589982,0.5816987273307171,0.3789363834993808,0.5113037967308512,0.7404817130280333,0.43405651083978386,0,True,False
0.5800895482548935,0.5546831089244159,0.4119735779396516,0.48498238673997435,0.5257801894599361,0.4030771351188342,0.39154632937107264,0.4788596149445485,0.5631143283553303,0,True,False
0.5026251502738249,0.532241143371874,0.17986543964294172,0.5412600973276162,0.7677799851958156,0.43089854525205046,0.4985891088892278,0.27367520697637876,0.27597015729809393,0,True,False
0.6382225661445117,0.6201197498549594,0.3850723753322614,0.47458720667572646,0.5563285345764517,0.40485704443293263,0.43105668691465426,0.509819063188995,0.703024732075214,0,False,True
0.4609129107308853,0.5182935694673868,0.35651531285347604,0.513713724873861,0.5816987273307171,0.3014973212514373,0.3815347013900682,0.5392935812775446,0.3734288327232781,0,True,False
0.6042010472846275,0.6466649690825135,0.2521420579787852,0.474210814064669,0.5264638528482984,0.7952556621797766,0.3223643588890172,0.5778373678300284,0.38905436491652673,0,False,True
0.49500589630004443,0.5912172806898294,0.36910983790056545,0.4378319203525065,0.5816987273307171,0.5111607379885825,0.44828006186644276,0.5135783786349098,0.5103826261429115,0,True,False
0.4467907143441191,0.4585124923608994,0.41268886138460326,0.4603632379932388,0.5816987273307171,0.5255423380253508,0.46111513539223536,0.5676231329399775,0.5188504204139951,0,True,False
0.40498705527819867,0.5659239855952876,0.4420513552696294,0.4894676785345066,0.5816987273307171,0.3143340716254895,0.34080687933296594,0.5531723316745147,0.784734084118216,0,True,False
0.5675291061847203,0.5962018648287527,0.2564160978052894,0.4919337879804672,0.7290636063142474,0.36841666117820665,0.2842536901561977,0.3204217275202594,0.7523003827135364,0,True,False
0.5357031594252057,0.5932454829059012,0.3839757231617548,0.5320170922282181,0.5816987273307171,0.5304798160806281,0.6085040842476104,0.4237272560099025,0.5680613863984784,0,True,False
0.33539401005754466,0.5494482530151056,0.40137462304099675,0.589256362573209,0.637685038691404,0.5794403820894369,0.6803644989276921,0.3537803991192144,0.6034672888288993,0,False,False
0.4793309662867792,0.5666138903989912,0.3846442700760439,0.49899523175418364,0.6063149278014005,0.4799852210636623,0.5241206348584192,0.5106111574928991,0.45628415749538936,0,True,False
0.6787754818738518,0.464843641070659,0.06806057909069474,0.47471301041524167,0.6870194348170263,0.39314962787239044,0.44269044129715496,0.45999800882278624,0.5270079886018376,0,False,True
0.3146662247823113,0.44364920701002253,0.24166266965898242,0.4662386202271427,0.636074552829469,0.4245232918517023,0.469032705554013,0.6362998925645139,0.4985568622660555,0,False,False
0.48645320350924276,0.4322230069911074,0.3042574339108149,0.5867484672719417,0.5816987273307171,0.1974266150387442,0.43093157662207837,0.43305856081259664,0.5040075333161954,0,True,False
0.49879522236149776,0.4849162439693281,0.2821117481430594,0.5150393676886831,0.5816987273307171,0.0,0.3600896525284133,0.578409412451402,0.5628630259731507,0,True,False
0.49772366520901423,0.575100408788074,0.31008916337342146,0.5427786844922775,0.43882133215122643,0.4855969629348183,0.6021825183347917,0.40678246627642384,0.29888893615214174,0,True,False
0.4116108749791465,0.4984384287325444,0.3585522708016379,0.46577407631760537,0.6214662233669466,0.4685625038016455,0.41189825970883903,0.5281574353269395,0.27539973764347003,0,True,False
0.5998034354265268,0.5515713595344277,0.2701082847419276,0.6078448201983141,0.6090485846084718,0.38642603074202225,0.5760937610938665,0.6093974509704547,0.2620144231980607,0,True,False
0.6305947612516003,0.5170391329918834,0.21684222124874075,0.5318174083267384,0.7942240669642224,0.2745934608497454,0.626187750440978,0.0,0.3030482412515123,0,False,True
0.6711315858695637,0.41613721241261326,0.14620548470712372,0.62019842632532,0.5816987273307171,0.4722159457132656,0.399720580238381,0.6450640565412905,0.39336326808997274,0,False,True
0.5423697809609225,0.557276731058,0.31020203496213306,0.5759780798493072,0.6317236438599614,0.47166829232520563,0.08321450607054222,0.5998278938600378,0.3955554251756002,0,True,False
0.3677952348707318,0.5473515378653067,0.2704874318217029,0.4975395546468309,0.562316438285944,0.2130768371854727,0.39505312862510494,0.532511025033632,0.6407971559214828,0,False,False
0.3511957529472001,0.5224493647871644,0.3793434568092769,0.5092432597542877,0.5816987273307171,0.23596468542755006,0.616159158008212,0.34637795989894626,0.4090021576112948,0,False,False
0.5026251502738249,0.563871966344842,0.39729305837584117,0.5374096633736177,0.6566306609790554,0.5436101908058277,0.5572141252889538,0.583895498287354,0.5151387550999241,0,True,False
0.5265207054717901,0.4835270021231075,0.41623590306458647,0.5499352143045061,0.5157717689487397,0.20384278409677054,0.4012109999177651,0.21759629798914826,0.4981464880191842,0,True,False
0.5913394814825148,0.5539885918809503,0.47714302182858237,0.5399513681161465,0.5816987273307171,0.480865009505896,0.49657627210473243,0.564643253842269,0.6272872724827617,0,True,False
0.7287836819717698,0.5967942648733154,0.35116273752532495,0.5588958910097762,0.5816987273307171,0.3736184606368888,0.7402526066364656,0.502356444565093,0.344281291897895,0,False,True
0.32586832019086903,0.5144487965057517,0.38598417991894346,0.5841976297903793,0.557245159301753,0.3848290477322434,0.4377068284585349,0.0,0.637716725981634,0,False,False
0.5026251502738249,0.5749903883294668,0.4830847136901876,0.5609935036241642,0.5816987273307171,0.4350063819900886,0.7095966622073907,0.6624812656702945,0.4620771395150807,0,True,False
0.3716194294868563,0.5364598490540698,0.37320468717569627,0.517226397057065,0.33158746561613756,0.510728691334674,0.36242131095673286,0.39577753306379815,0.46851589636017715,0,False,False
0.6535524233383373,0.6642553982449031,0.4949852853199717,0.572654032546935,0.5924426652905518,0.6262756506227032,0.5338505343597522,0.4656465634205398,0.753794536507006,0,False,True
0.5439683556647233,0.5710647188033763,0.13270134822355067,0.44307753721229953,0.8218302494796916,0.22679582063509424,0.40392064111226417,0.53986085295718,0.5281024265037618,0,True,False
0.5580762589247389,0.49426707918613955,0.15583260047888703,0.5679561073762801,0.7708804111668253,0.6262507500720567,0.3888154531243234,0.7273310233834873,0.6170768574915447,0,True,False
0.5515023348548453,0.5655687810387893,0.5825306053709282,0.5738864482061146,0.5224518048214071,0.42577505643044017,0.608912195413345,0.7764284963690602,0.5139888640390459,0,True,False
0.6468746219529904,0.5449352936718241,0.28047349168560215,0.5743183617712289,0.5921648613666187,0.407937851135213,0.5038263981778413,0.5107717371903694,0.35344181067973945,0,False,True
0.577332651820817,0.6032934467865091,0.3508456109897347,0.6590829035062085,0.5568670481833694,0.571177152863872,0.5685138773969372,0.0,0.7179296934292397,0,True,False
0.4177619335891403,0.5912728893322896,0.538113004130308,0.4496190855176814,0.5209085906733346,0.5262980029640913,0.3683271145458132,0.49647967813404603,0.6474823683087739,0,True,False
0.6050389999065788,0.551549252352278,0.4308003912753312,0.5911844435497503,0.6327259558241904,0.5421546643251727,0.2798804470623883,0.5306449279911203,0.28092304695108294,0,False,True
0.6591844021323814,0.4842820848577899,0.1645882999574897,0.4465744926003373,0.5816987273307171,0.3769450623413278,0.6136193269299294,0.431915219027526,0.4517272453154972,0,False,True
0.583613431768681,0.5834307173126548,0.20500176942398862,0.4021337526812057,0.550872493463996,0.5080703460552931,0.4287183432863565,0.22576596495010473,0.48134941372597456,0,True,False
0.45585550750688786,0.5966269478201588,0.3347494881711542,0.4555117029229014,0.4259551725206596,0.6008330807314046,0.5549453695384466,0.5986581905263126,0.6696721478660997,0,True,False
0.49927241216392715,0.6295729845999902,0.33573854709944007,0.6269290536588863,0.5071239186854811,0.25373849138434473,0.3864458594892403,0.503242000004496,0.6350127984682418,0,True,False
0.7412934431111838,0.5534151198594587,0.13666722169534948,0.7414095617560253,0.8912901056389098,0.5111933293791777,0.4580935390412392,0.5145657945322745,0.4022400188409874,0,False,True
0.5026251502738249,0.4884747210689929,0.2807998263548192,0.5059662404935542,0.5816987273307171,0.5491378954952246,0.35855831014139355,0.6906112080825594,0.40049094341059804,0,True,False
0.25648731171471406,0.6031016460259014,0.5436343013132309,0.4062906961956652,0.5095596535527074,0.49688198010175116,0.6102269612848782,0.40031034674593863,0.5095066879768836,0,False,False
0.5277513216279971,0.5572367513054728,0.22329732740137534,0.5803909721599597,0.5816987273307171,0.6632597619691105,0.4700036360101577,0.5973943118725846,0.5594731571639947,0,True,False
0.49763108341997375,0.40121245920967596,0.19596896886015772,0.5286590259975426,0.6889100150892132,0.3514155691750767,0.4677425467431062,0.6276284282034621,0.2850143829371454,0,True,False
0.4788204895560401,0.48857969877231044,0.39398142549248666,0.5211589674540975,0.6031689466343058,0.5212015775659002,0.6853886352975227,0.43149588142775563,0.5244627927462836,0,True,False
0.5099765183055444,0.4932895214849613,0.2724756490611164,0.4843378388212966,0.5816987273307171,0.3187569010925531,0.3043847794792152,0.33730974082645226,0.3216843628442796,0,True,False
0.474913786429997,0.6040363443631669,0.26380645266600844,0.5717813095443974,0.6497392664297642,0.33435389903212204,0.504962399288114,0.2527746375931656,0.697305318242548,0,True,False
0.5026251502738249,0.48832586445721893,0.2881233346536611,0.742145690233848,0.6605610643381293,0.31120557372104335,0.6900126616995771,0.39281075719956327,0.5142892021671851,0,True,False
0.5671938017466798,0.542699698626444,0.17144374245413208,0.5607682680517588,0.7266161047633718,0.3928120092286623,0.5378262585167239,0.5993222039215693,0.29119888279244055,0,True,False
0.5877545589008925,0.4888241422994253,0.29243551845969973,0.49784790402458373,0.5873935203496577,0.679277977808149,0.4949941578271112,0.5080373962228635,0.251832881127409,0,True,False
0.6189780059193408,0.4168698648011616,0.057161110322802786,0.4641528734856428,0.5816987273307171,0.2736498081397423,0.6540501429614517,0.6770503527093388,0.38646855444837663,0,False,True
0.3617173185410712,0.606101476622141,0.3400991374254025,0.6875000091566831,0.5816987273307171,0.5065836559145729,0.4265715545988089,0.4661308622285307,0.6944039645933512,0,False,False
0.563880198751624,0.4675046935841374,0.18678975846609583,0.6141765722059885,0.7038705137754772,0.3524214792954535,0.4014363196827151,0.45871611279144225,0.26754234127162557,0,True,False
0.5030567055339922,0.5318062143497878,0.26946627934182865,0.5753367114552492,0.6284792840567842,0.565597093159824,0.6706291773075114,0.6613186022150771,0.4756375622245898,0,True,False
0.5932188560167672,0.47060630540974613,0.1334900120471066,0.42701539786580284,0.5876525894003732,0.3151261502071118,0.46587552408035293,0.40717066549438213,0.5693346061727501,0,True,False
0.5905933994313837,0.4398237535797811,0.21115616521545408,0.47211163506295,0.480944192721387,0.19727649170566391,0.3895181746087792,0.6365990594249608,0.5587839286151036,0,True,False
0.5026251502738249,0.5518423644356054,0.41020681663473574,0.43873128968350333,0.5685108931499943,0.18555681283934106,0.4439134671502659,0.2680757842377477,0.5072923687982235,0,True,False
0.5283973155538481,0.6184611773263102,0.3970234776629004,0.4357807493019504,0.5816987273307171,0.4275867077331877,0.38556130751625284,0.3956167614023298,0.19083699011619049,0,True,False
0.45480703788802,0.49460082638431735,0.18551078839108973,0.4448705539983018,0.6102537378986761,0.3170217270917653,0.5533983158037912,0.5883501871987984,0.22022425026247083,0,True,False
0.600758968937176,0.4996580936860243,0.4870486299040241,0.6126033651838731,0.5816987273307171,0.5393299138965997,0.5937841175386169,0.5962265453848515,0.548741875367699,0,False,True
0.5070175388686767,0.5807327775320279,0.3669662128858178,0.46438998903908063,0.47321359461421253,0.20218754551010015,0.5710853538860331,0.5701905325996767,0.6541069153501476,0,True,False
0.5230358607471188,0.5392695387321141,0.31545987424583594,0.4938675092972226,0.4796212629271196,0.41372403365590843,0.5732478039759773,0.5575875702518551,0.2895914525311045,0,True,False
0.37130178366387245,0.45589941429598435,0.1782651259444506,0.4337736478888918,0.6084978144110318,0.364743601289472,0.458272011203954,0.5248576839534802,0.4457020425070752,0,False,False
0.5026251502738249,0.6022761137787829,0.33339061580207585,0.6332725248703845,0.5389836881109141,0.2735144297052227,0.21031779337945472,0.6187236985790727,0.3377897605244835,0,True,False
0.5026251502738249,0.610529941752521,0.5985460089017268,0.49448583956571485,0.4690246356260185,0.5392976063345578,0.3440746973818598,0.0,0.624751961387629,0,True,False
0.44863607948485446,0.47616615685691777,0.27302735545858486,0.5881906229781448,0.6855265444593167,0.3620978517165166,0.336070186633904,0.5992927540893606,0.2970861995265158,0,True,False
0.48742358121692997,0.35800313165004716,0.21585529294623476,0.4752426120386681,0.4561434159948491,0.40456966987137594,0.46389604148006547,0.655445584705976,0.4851851154367149,0,True,False
0.4735709655969221,0.5866148523983644,0.33111511691362444,0.5422240014761437,0.5791472364984932,0.6004970737720237,0.710795069349675,0.4827022402446824,0.322407572793192,0,True,False
0.7358265193352681,0.551983240708043,0.17991399004420033,0.5567822421239915,0.8648342829359257,0.49049782852995577,0.5708466036894105,0.5066673871494477,0.45525656548358756,0,False,True
0.43737099538515434,0.48561589826605833,0.24322928760820264,0.42833987351621,0.46825668822235,0.3674448025406373,0.35983888071053194,0.49657382711150877,0.7577672435715608,0,True,False
0.5026251502738249,0.5393965433424274,0.1677890051784199,0.47807903883686836,0.653831496409942,0.38330410055212855,0.4361516975704749,0.36639601658123533,0.5103957770447375,0,True,False
0.4891452477981947,0.4294042831771363,0.09436653796882333,0.4524564777803231,0.6937090250568515,0.4569353182309583,0.34169239317213695,0.5134558866967732,0.5307312427109493,0,True,False
0.5026251502738249,0.6516354975446589,0.7363069352862706,0.6046158490689325,0.4282526902995718,0.5084509501259782,0.5675785859665456,0.5830534301486525,0.32043670370328603,0,True,False
0.4579661311369037,0.5450026809930241,0.3149816851909384,0.6192092325912032,0.5816987273307171,0.4451670623559311,0.41004247543468636,0.0,0.14193197234911467,0,True,False
0.36590346106786414,0.5353325007196861,0.27843727355474074,0.5225394360287479,0.5893408613937362,0.4638005653436293,0.10197821833240382,0.5849291726059027,0.38845236033122826,0,False,False
0.2453468399984751,0.5002356306838995,0.3672743034642836,0.6104856647834355,0.5119373970221225,0.379265566247499,0.30018966480644277,0.4479022097030979,0.7448497345583495,0,False,False
0.7748664586738009,0.6866105970667616,0.22518576138731689,0.6771729935831031,0.5816987273307171,0.6704784728238553,0.5825983798984956,0.0,0.3183661754012228,0,False,True
0.6232423865824349,0.6027682044394773,0.30443065217613485,0.6511253751137057,0.5540060496806811,0.3755214252064542,0.6841278623458107,0.777639985659723,0.5890607211286519,0,False,True
0.7394101805984881,0.7045536314900958,0.29992586468324667,0.6600687419943413,0.5816987273307171,0.21369670016241787,0.4373926159149839,0.6035266025707235,0.7142388726036465,0,False,True
0.5838591521839681,0.5257984627497259,0.3199604977863877,0.5169331750483394,0.7064731266297833,0.5631431771795954,0.4437154407854744,0.47707134962243597,0.47963333410742964,0,True,False
0.573857994046733,0.5447288728079143,0.4085579079780481,0.481338309232551,0.572541559460976,0.5409337246618799,0.4945321323350741,0.7225499132410872,0.18947264255493607,0,True,False
0.5861101296181418,0.5108787623978743,0.3215085499527296,0.364054161403553,0.5816987273307171,0.26206084112438716,0.492829151880148,0.46304891478473914,0.4129382999566949,0,True,False
0.5638441756755983,0.565357794422942,0.27144558718376927,0.546569725844978,0.598719411310732,0.38034864802157015,0.6558911808065547,0.46921686922106753,0.38920471029103637,0,True,False
0.5026251502738249,0.6201614291290922,0.18142154445418932,0.5099668369355478,0.7494856273338818,0.18023226593501968,0.5323954109547147,0.0,0.3434604656876591,0,True,False
0.3920096763456446,0.5262248582266504,0.3512747969923866,0.3993787419216134,0.5816987273307171,0.6501665166599613,0.41691663518554867,0.7020942178301363,0.4165232411288851,0,False,False
0.5830767164724449,0.4164061550805115,0.16703754032126628,0.6055182586057617,0.8378589613751812,0.5348078172794246,0.5291803908196149,0.5617199075638014,0.5063704173280236,0,True,False
0.4905000493746937,0.4962657457839168,0.23221216455321503,0.5015539892037865,0.6882463917797396,0.5529686433907282,0.4821019352188535,0.5897639053788661,0.38459454975066126,0,True,False
0.41583620811573274,0.6263998322468494,0.6516372094080869,0.4915722889879596,0.5816987273307171,0.5449501797455087,0.3916028292970817,0.3925889687977083,0.46477573197364414,0,True,False
0.5322777699436971,0.5650083629967722,0.2545590821162908,0.5011540115074229,0.5816987273307171,0.2928504906528118,0.34080070852222205,0.7362779053067974,0.468912981852773,0,True,False
0.4927367886234957,0.657874742974779,0.7489993884499444,0.7210979773319608,0.7067950214578479,0.3687947925515051,0.4472411594668888,0.5374372363897788,0.44853604450103096,0,True,False
0.5388814367169736,0.481289728897622,0.27800748172887607,0.4218593983727739,0.5816987273307171,0.6897478406674464,0.48513050606255814,0.4706801827990783,0.5644761030811319,0,True,False
0.2931334182307742,0.4383574834419234,0.3593477910796786,0.43037807789405513,0.5816987273307171,0.285709922948949,0.5082932989334623,0.27568612390449376,0.44599181207650546,0,False,False
0.380709915374948,0.5390168124285046,0.3887873446818817,0.42094519753462845,0.5854385870927957,0.5774526779300357,0.6278961925992304,0.5493991453007648,0.8223335886422525,0,False,False
0.49735668178869036,0.5781302582047831,0.38937957751488467,0.5745169627533389,0.6466271230567137,0.6483930277324466,0.2442410331523518,0.7129702497568879,0.6258993675478476,0,True,False
0.48900428155706366,0.4729811785999922,0.2658959774514266,0.453636785670015,0.5110398762942241,0.6321723193615052,0.39948175367101774,0.488084358910001,0.6162552709948504,0,True,False
0.44856015596403676,0.46594982694049836,0.18489994064135507,0.5250868974587125,0.5816987273307171,0.4351394249319089,0.516275293764391,0.6978814006176293,0.3457334865632875,0,True,False
0.48141783771423563,0.5438767965797193,0.5644982792322074,0.431912695381465,0.37516053970950247,0.36471030026559065,0.5960887660319755,0.7353978131197503,0.5539100849787316,0,True,False
0.39250253185957995,0.4969416459251802,0.4338365546552192,0.5482987939725341,0.576740375369684,0.4864109562363665,0.6213763981681348,0.5771249342930539,0.5039569015620672,0,False,False
0.5416978785030777,0.6160906461183889,0.5914411482413224,0.6403699234989224,0.7015423134880997,0.3714096987821465,0.583996218818256,0.6245579074711096,0.4144997568409832,0,True,False
0.41905019529552184,0.4062547161274561,0.2623221400847283,0.42526094247317725,0.5816987273307171,0.6010749459431008,0.339289116822138,0.6372664698870363,0.7284879431582939,0,True,False
0.4567843186665502,0.6274770002320608,0.34036429987651956,0.6565561744318043,0.6222406068079779,0.30056658164395783,0.6680858859978849,0.3891871678643173,0.6205336977291948,0,True,False
0.415804402118288,0.5680864514920273,0.6050784730165647,0.5883221324289738,0.5681879078990696,0.4988984646431171,0.4516745846054311,0.7795505619272566,0.552293209529266,0,True,False
0.3938615846570838,0.5989403619836466,0.45215070964617177,0.4927088555418267,0.44733266812888206,0.5999106450206062,0.41639092189477256,0.8046306774868907,0.5691743123941028,0,False,False
0.48077740011265563,0.52596403379762,0.36080231200701834,0.5556588052652637,0.5816987273307171,0.2533264760570471,0.3688659453375162,0.0,0.5500354251682665,0,True,False
0.37129054592179966,0.5550848224749109,0.6055092440745716,0.5517886027919884,0.5192584527457008,0.6848748912552791,0.5761937132097721,0.602052676130199,0.3488436111474046,0,False,False
0.5026251502738249,0.5207996916959352,0.15279138143992108,0.4561547455077589,0.6364670104790374,0.15717983740938624,0.4306963742990939,0.7443343430763084,0.6058191217089942,0,True,False
0.5258807990504347,0.6101201893743069,0.4587766685452645,0.4796045774095227,0.5816987273307171,0.41290688080986676,0.5499058647021383,0.4515693921266215,0.4695717469723493,0,True,False
0.5047244171660933,0.5801018144927479,0.36453549053783263,0.6037333129023311,0.608736429873896,0.5626730343706332,0.38192849498260845,0.6727021706547816,0.5062580966029483,1,True,False
0.3871676962112806,0.670874843584162,0.4069576543674516,0.48412366358404363,0.5816987273307171,0.5102383821981629,0.3301579507998711,0.6529748235686199,0.4361354075223179,1,False,False
0.5010951844819193,0.6336092603429188,0.2631960230924213,0.5860574695605071,0.6368474181623075,0.4173287038033176,0.2544258410317232,0.5338704155706392,0.7187035553638378,1,True,False
0.5026251502738249,0.7211227136417789,0.10923808562404151,0.7405454731078522,0.8207008203578374,0.304356067696035,0.42644025101079175,0.5488340135409951,0.5083563182629672,1,True,False
0.43176226809493456,0.3744723136300837,0.21791945270792487,0.4778268866462095,0.7747546925474933,0.3684877513190709,0.6753789967515754,0.3474411627806834,0.6551113169852677,1,True,False
0.4427607383176913,0.7219830915004594,0.5097768668746372,0.45925232515861686,0.5816987273307171,0.6041998513624642,0.31888638436579037,0.4980242814474075,0.4016207264966976,1,True,False
0.5484960762299542,0.4743283865452479,0.3270952401909211,0.5281780335292712,0.5816987273307171,0.3191177346839627,0.37215340733562485,0.4667756495362233,0.30999237050186235,1,True,False
0.5758618659391765,0.2839158517496855,0.5756507122387057,0.34349203467229655,0.5816987273307171,0.4930899966633511,0.18740340833185454,0.7938907405431657,0.3006298918143828,1,True,False
0.5182713283923832,0.5539942929648565,0.5298992440427382,0.5652004282816355,0.5554957154478818,0.5382244198865345,0.38718905793082403,0.36466568329866317,0.4761159165322883,1,True,False
0.5026251502738249,0.6964581963306803,0.24802005746714403,0.6559492119674438,0.74798083396518,0.32083569620703195,0.45831457724956937,0.5681231165333883,0.37439351926540565,1,True,False
0.4851719620394564,0.9401632307795685,0.46279770541569826,0.5056293952997629,0.4660909736649289,0.2179415110769371,0.2607717476588934,0.4881799218581208,0.19959357924681365,1,True,False
0.5262975411808487,0.5680594693231367,0.1346976964893587,0.7137192561036972,0.8545117555144728,0.2571990094635129,0.34379904123892446,0.7151500010379254,0.42243588251202663,1,True,False
0.6312704939628171,0.5382644861013548,0.18535478227397972,0.5884979680100821,0.5788104901720325,0.5830848536462192,0.3866519353210892,0.7033074089193069,0.12045381304213207,1,False,True
0.5077243365055678,0.3670494844594707,0.38365949814613715,0.5206643966391783,0.5968590451079214,0.13723667382205518,0.5754243457950815,0.4486941179284663,0.48501539881285644,1,True,False
0.377829888373738,0.5318413044091634,0.3522664154625885,0.4638976672759354,0.6536355229945617,0.301279189665378,0.45906017758143236,0.2665381931795188,0.5857629702556436,1,False,False
0.5120893598799989,0.41729983585513475,0.6453055700531798,0.3958007007146082,0.4877277974818157,0.5692720207933866,0.5501620150530196,0.0,0.5829408498137479,1,True,False
0.5496463883682904,0.3858573433138195,0.18516554749135475,0.6028682589582461,0.5816987273307171,0.203183214580191,0.4102433298784233,0.5918348104294701,0.33066345346776926,1,True,False
0.6209392786120741,0.6229643827167091,0.2666217957166248,0.6673198115941866,0.6428559142538267,0.6360746259031311,0.19475145578298736,0.5889368104498464,0.6121850630231013,1,False,True
0.5026251502738249,0.49821553727523904,0.2921222977760711,0.6236461751644121,0.7173046365341215,0.6098788603819807,0.658465172720863,0.5696773166417405,0.30762618509570794,1,True,False
0.4999831793409991,0.6228377052810972,0.2587175519133016,0.5714391492821814,0.6439464780750258,0.17664950257034628,0.5784504029277017,0.5218726701905305,0.36115157454129365,1,True,False
0.4927087654706751,0.4568827827886168,0.26755173888625644,0.46974039382071703,0.5690975260104901,0.2727112284424354,0.3926044302880378,0.48207405985561586,0.5747977461601678,1,True,False
0.45587961459002074,0.599968494863337,0.3930435336808882,0.5486109177966965,0.5816987273307171,0.28170882594991004,0.38823674879569026,0.5436467960891929,0.2706315098222699,1,True,False
0.7083637183529636,0.5410811562969216,0.6057552741550725,0.5523301399157866,0.3378537007276224,0.5964142896445184,0.1268980734846557,0.6254386269567062,0.36742775198022737,1,False,True
0.4006446681246725,0.8132220876630255,0.43730136211251314,0.5026030045597336,0.4762413955363872,0.45883489807948946,0.568915069690582,0.5848468495672305,0.3601607388847752,1,True,False
0.44839022095469167,0.6474976953268129,0.3691968391786686,0.550861809122044,0.5816987273307171,0.25740733333271465,0.42243930492676296,0.40617021423705324,0.3163483001094479,1,True,False
0.5026251502738249,0.5180976140934807,0.24519933198778623,0.56717710949025,0.6737831831337439,0.4144256595745834,0.4257748176249404,0.5533488705757653,0.4437015477514376,1,True,False
0.5510223336879576,0.5232674133326721,0.3196501571354667,0.5874408533947432,0.6003065898153875,0.34351590253098635,0.6404991078849128,0.47017088894144715,0.5625135130384143,1,True,False
0.4536633249550568,0.41633904953501766,0.3614818603007447,0.5100558616076686,0.7119090585279676,0.2720839072714812,0.3644501626883333,0.5291964572628904,0.42674493621908577,1,True,False
0.5684908175747485,0.4983697642690641,0.43550073962934177,0.5731286907697787,0.5631302647382517,0.3633422060282227,0.33842402946821826,0.42002011588947646,0.4836268883549097,1,True,False
0.4727276119066371,0.4237430351321354,0.22092442779096821,0.4362788511507872,0.5816987273307171,0.23382629405499894,0.37862715379181777,0.49274247430990176,0.44376401231802415,1,True,False
0.4286230954282509,0.4119463216122128,0.3413561060392279,0.31210379640357333,0.48946640493269733,0.35545403916154167,0.2705733841260658,0.5700395681548401,0.5154506982023078,1,True,False
0.4566377028653123,0.4052962216598368,0.34308818584326595,0.38723109682011064,0.5347738681993949,0.21641676623213119,0.5618947503974198,0.4982588263731149,0.3443635582095508,1,True,False
0.49837627511706456,0.6378382081435359,0.3278221208121478,0.3853420476439261,0.4348647557238404,0.34189666334115437,0.45388036415024446,0.5426590600134116,0.1733865209569844,1,True,False
0.4538169174083813,0.6206830910135736,0.30118256603801885,0.49615606616457125,0.5209575451751679,0.5629555864211604,0.5066076337145703,0.7597550930739213,0.4558724148878341,1,True,False
0.42999571391940355,0.3389140719045848,0.33404562579724745,0.5128395020030672,0.5816987273307171,0.43229473503018995,0.2374803567284159,0.5399308452357168,0.24523106679699314,1,True,False
0.5235854911976665,0.40759877031788794,0.2391116927203724,0.6921780696768879,0.8013526601885668,0.389453012803095,0.5814459519897468,0.4090147183170909,0.27126396254854235,1,True,False
0.660095626211422,0.40079324911962966,0.5135366570963263,0.5030179337761207,0.5816987273307171,0.4940759789644216,0.37753360940375186,0.7555750534602014,0.4523686148357708,1,False,True
0.4709410326156637,0.4685693774373838,0.35360730757618064,0.34106021722922514,0.5816987273307171,0.22549659197371857,0.4641487285333139,0.42154077036856774,0.46921028006316784,1,True,False
0.4963046749559893,0.6449217241912346,0.10760214328830621,0.7643823230250372,0.8523281319335863,0.35865200581125406,0.522804318997193,0.4765135461144433,0.5002102123759368,1,True,False
0.5026251502738249,0.5923307661878274,0.21919708855262426,0.6414236400005298,0.8222879389314279,0.2986201385460014,0.31240071803968317,0.36155511823045205,0.36205159417983934,1,True,False
0.5026251502738249,0.6068137782621936,0.3410532357356387,0.5490800158244493,0.46099189132013696,0.6251940613158551,0.4777871877600618,0.4991126481201492,0.4044718536062772,1,True,False
0.4241657984842402,0.6058847365658818,0.17230507945748982,0.582664791734221,0.5816987273307171,0.7775432188659857,0.585348581863457,0.4806975167613629,0.4612403176141831,1,True,False
0.5892536077822379,0.6656008593694779,0.5348844320535123,0.5219546829621611,0.4308573328429346,0.32079134415999316,0.5690109093203571,0.560137278058226,0.5359862203384661,1,True,False
0.4931297841276159,0.7656908495766801,0.5768663321348627,0.35455003117135014,0.2194332542767456,0.23981243728505913,0.4506413643952729,0.5283759730833122,0.4571456423975851,1,True,False
0.5432624871893453,0.5910198178127432,0.1520823776458881,0.6385442927009519,0.6887800700713677,0.25216000994751736,0.3670982764383619,0.6958793008884627,0.775964175899432,1,True,False
0.47066360721167955,0.22223015834589463,0.5578607849847473,0.35987551970534304,0.5357777410752164,0.2502479686680323,0.6626587416247206,0.0,0.32730422827484607,1,True,False
0.5365583315294269,0.4613196378661162,0.25310950005231164,0.6013529464781949,0.5816987273307171,0.21268253269244747,0.5833509658434868,0.7295381925625504,0.15797313837818452,1,True,False
0.5215317610205523,0.34821231757762483,0.7617873496843159,0.3457362662203379,0.3507265274380243,0.4640234410843031,0.39752555142153917,0.48604114730720055,0.32332668559531264,1,True,False
0.48487797022703943,0.48824374804590975,0.4160560946550822,0.5156832270199828,0.63444741000309,0.41690729797409226,0.36917173096353356,0.5735590722900491,0.5305253009308794,1,True,False
0.5026251502738249,0.495513066413958,0.3842980020717121,0.36105275519746405,0.42235197552253456,0.352121824222053,0.3070353477274322,0.6070244646651962,0.4281469564335157,1,True,False
0.5026251502738249,0.5343978605566715,0.6205970791074394,0.5202471892271027,0.5803165737456369,0.44669004627182946,0.44239838799434217,0.48476076195315976,0.360555489055288,1,True,False
0.4780379763614187,0.5548668475619762,0.6027658480507447,0.3424714147238268,0.4313400538573776,0.3413237985475039,0.39407114903895224,0.463082569734962,0.282116726628553,1,True,False
0.4305786513047462,0.7812213547882118,0.2763124802501796,0.7065667391157592,0.7138621470947332,0.5824197860087981,0.7064214074379047,0.6148778780858386,0.4974071225842555,1,True,False
0.4797100402813766,0.6189167025060738,0.27680647935003827,0.6703695450144886,0.7507180911907305,0.29293821614024035,0.46569329825874706,0.4584469047795812,0.18051223407222353,1,True,False
0.5350561911239227,0.5623161381377891,0.43066887274592,0.5298451900478763,0.522494359000152,0.21834374884891855,0.6052934904162096,0.5404591737876687,0.5491653413943819,1,True,False
0.5026251502738249,0.8703125523719294,0.6732395878876589,0.4043271794885467,0.5816987273307171,0.33966556477743975,0.4512389863787426,0.7879295702404182,0.543075314232872,1,True,False
0.45261347729722395,0.21381872720812936,0.2503716590734373,0.5087596776798942,0.8879558090021553,0.3478992411926612,0.11564110831924142,0.38939424935455036,0.5495545199901916,1,True,False
0.5272683969576281,0.565951502436442,0.017258464830794334,0.8436128108261398,0.9849638596282695,0.31451596270652254,0.549748597270734,0.44129209483128995,0.35697140455431,1,True,False
0.5182867884667077,0.5412482863269236,0.7201770820267472,0.3846229030330835,0.3733356954029427,0.249653196269149,0.22792831627071458,0.5568386370881925,0.5832785540817916,1,True,False
0.5018444121964121,0.36466803642610157,0.3432442774099969,0.5471922221995406,0.7340351254463763,0.4190127623042947,0.4519578756487277,0.4091776705002552,0.6231975701567628,1,True,False
0.5433486053839124,0.4947843959643662,0.47645332029037385,0.41891327856565286,0.37080499057034405,0.4293055550394293,0.4523748364109863,0.7370698465978984,0.5888561905821815,1,True,False
0.4988471742128189,0.5615842372850409,0.18927165069219407,0.5718617701281896,0.5816987273307171,0.5341996198286676,0.5310896467050052,0.49580047150925677,0.5123022327754917,1,True,False
0.45335857270704905,0.1808137653533923,0.3188868912819411,0.2388009072377287,0.5011814741197514,0.5620884427878081,0.4940264809144169,0.6962094420286957,0.5816507730800412,1,True,False
0.5230591726154664,0.6634610391554809,0.3999783368133831,0.5537049312705263,0.5534539156488448,0.2934805576345583,0.27961444725053336,0.4050084007817591,0.47872354544128864,1,True,False
0.4841075971025676,0.5789749005798804,0.24476912412558818,0.45639213166260023,0.546541637150445,0.59762643994774,0.40167526412516297,0.6930600721027776,0.5318926579120019,1,True,False
0.5978832117585255,0.39218245510007976,0.441208796596696,0.4257888461122172,0.5816987273307171,0.30608271031521156,0.21578958415332677,0.5572006350130726,0.24515973413326997,1,True,False
0.4744825496616259,0.440580146280542,0.5941028979542387,0.44701065257309475,0.48164125380772227,0.5116187818385496,0.4635724853918477,0.5757564466934252,0.5387047232184431,1,True,False
0.44411320817745936,0.5668471396286707,0.2508231490181178,0.5792141828501647,0.6597374824112164,0.474659548468818,0.47498637997855175,0.5688125821440774,0.5105250349317186,1,True,False
0.47358015398776354,0.5262746225799723,0.5902309976513896,0.3617899281468036,0.4218362814212899,0.24304440718735015,0.48223553112844364,0.6509890540711948,0.3597588591123989,1,True,False
0.5750730145019243,0.45093711111280055,0.46001387158702267,0.47280788500872734,0.5397401482306047,0.5515740529446294,0.5361252930768224,0.7332772413030014,0.4381628144594267,1,True,False
0.6011490583604673,0.5836006187052777,0.45831031608840395,0.5817708844268503,0.4781701018511896,0.460037205557097,0.4001983056772958,0.6329487825595924,0.6579852165350818,1,False,True
0.5026251502738249,0.4333894035208318,0.38939462791106616,0.5310929637170653,0.6274603672466078,0.4021878838152541,0.2780257919552116,0.7639266137674241,0.4336743685350026,1,True,False
0.5666476922509944,0.5705362556811154,0.20378770552810058,0.5765312518303292,0.574061325202795,0.46900007080800504,0.5160777103976684,0.44349499161064665,0.5831410555915743,1,True,False
0.5655434711043587,0.48638839643274456,0.2542383856862648,0.5409798803278143,0.5816987273307171,0.19290129056740685,0.4154642452172703,0.619761574208399,0.4413093933189874,1,True,False
0.6387175708205001,0.6102526952922813,0.9221997195570384,0.22539635235842118,0.0,0.6302808881507123,0.27255826358951085,0.5686292112287404,0.5491184800887748,1,False,True
0.5024246684669083,0.7225123364080437,0.24804527387523576,0.5650699488343937,0.5017075256053797,0.585343890616546,0.5872344574974919,0.7371679329654375,0.4692249693193827,1,True,False
0.5026251502738249,0.40180943749202,0.7375611507287888,0.2906362338165067,0.3357095204969552,0.3817081870667452,0.5320395574484795,0.4280644948381734,0.5027144457022373,1,True,False
0.5414320577195565,0.6444022841021652,0.5160222478365026,0.43309550807262226,0.5816987273307171,0.5638191492410203,0.624613260606439,0.6296858780431551,0.4745011389191744,1,True,False
0.6052320760119233,0.2967372307559726,0.3307484022497157,0.5370580572127284,0.5816987273307171,0.7159508127718586,0.5016362345934232,0.5127437546764445,0.6353158310155046,1,False,True
0.48688692323540916,0.6885854678822652,0.3915744435627276,0.6539344373753443,0.6271390879936062,0.5168062068066108,0.550730261737556,0.7480631273455077,0.5340779379108717,1,True,False
0.4614309658643306,0.6094070241501349,0.5821216838552276,0.48145159587684344,0.5072383861987799,0.3210764062947678,0.2271089221635153,0.6232006075017187,0.3943274302689144,1,True,False
0.44484477105827896,0.4443154738375301,0.3649797584536843,0.36176850929330895,0.47838022370717315,0.48776306395718155,0.7122448932000917,0.7509429743217858,0.4835219295116539,1,True,False
0.5026251502738249,0.5191863429097968,0.29993781475205994,0.5572095908320324,0.662291713562898,0.5070499596978744,0.44292072567363594,0.7266498170061121,0.5577998617517689,1,True,False
0.5026251502738249,0.5372262050549085,0.06274489360676362,0.7468261009504932,0.9472874658182346,0.4440509822744713,0.5228370730299261,0.0,0.40894663707418427,1,True,False
0.4023379747617573,0.8580781599656656,0.45963252711428304,0.5317146829566162,0.538206403674771,0.4275538483587192,0.36832303340587064,0.5428520110946629,0.6928733316347503,1,True,False
0.4422315316124622,0.6670153529273805,0.4836517372681281,0.31538917574304964,0.3389034265204141,0.5376683460934482,0.41464119250136733,0.4325976464994686,0.35263198957256425,1,True,False
0.5500737712146869,0.2689346779388484,0.27350203450118127,0.5057076822181149,0.6398597869097019,0.3265505393971668,0.41368824756367834,0.5559070048057486,0.3678356228479066,1,True,False
0.5026251502738249,0.5064030998490164,0.39919726589222443,0.6833565927839713,0.5816987273307171,0.458783908454478,0.33923082768831025,0.5952376265448596,0.3873542860617248,1,True,False
0.6309029368301708,0.5513146469729985,0.4068414557031247,0.5061182182420786,0.5816987273307171,0.4761213555349126,0.4763386315065302,0.6645408546135658,0.3785497705472745,1,False,True
0.40329166513299625,0.6235615559113793,0.36342331314326715,0.6208812285540753,0.7301602739609035,0.3843125490047475,0.5536442287282811,0.24692151169434934,0.47050588531603293,1,True,False
0.5237217116558165,0.5004972094142012,0.39555151699832064,0.5402623763641484,0.5816987273307171,0.22519231222708674,0.48820755966325546,0.0,0.4634329488011684,1,True,False
0.5640531373041597,0.5447023406864989,0.14919192891903688,0.7247010477925971,0.770599336007566,0.15617543099087344,0.34868150629344263,0.425628728700507,0.650304058615858,1,True,False
0.4053781939421536,0.6571042769784345,0.6378892948606109,0.443267143556809,0.5816987273307171,0.2598453355398567,0.3533860928987113,0.4748348981233609,0.6752627401043038,1,True,False
0.4293298268952562,0.49739050005965124,0.25645364454773145,0.6116025080894182,0.8308540621668168,0.23265541100157633,0.694046618306688,0.6731185425596643,0.6461121959408701,1,True,False
0.5704298927906788,0.4837411246170522,0.4004851630240544,0.4176802696942162,0.45044625346728395,0.44324007222699263,0.24683886630134416,0.6802093319145581,0.32198992769089796,1,True,False
0.5026251502738249,0.7850270425439168,0.2684462184127114,0.5797445798005034,0.5816987273307171,0.4307491186129963,0.5728723748740874,0.6252754254114878,0.5396202744707864,1,True,False
0.5114009937114276,0.4366877360290624,0.5020346142284922,0.40179416124682665,0.5816987273307171,0.4474265353575227,0.5127165799377532,0.49581807819613066,0.6605866138525346,1,True,False
0.5403712909400178,0.6021076761033567,0.1793819751733165,0.6150041336479457,0.70511382373575,0.28019624124448067,0.5160902410529953,0.5394367827894944,0.7061826476833085,1,True,False
0.49039775107341677,0.6674588101109101,0.3655592809643673,0.41678177963778906,0.5816987273307171,0.5510444792330802,0.5346729428002367,0.7360233387779526,0.6553636313407215,1,True,False
0.4097625506387575,0.48191063803165757,0.20297654167485973,0.5914580582844892,0.8376438342341732,0.40835743859838775,0.39053139480781524,0.6731113023982709,0.24424112466353343,1,True,False
0.43779068729679377,0.5462222156492365,0.3593479985008484,0.5507202530432977,0.5816987273307171,0.49552010990075773,0.45320314800159367,0.49251954966988876,0.45143488173653573,1,True,False
0.4279550772530506,0.5052400186762804,0.4659950035706954,0.43603075920096956,0.5937767159661618,0.43489997752895887,0.5925116850474961,0.5503334177652496,0.5841125259478933,1,True,False
0.6945269450566282,0.5203829676664539,0.1437570591506978,0.7358190183833303,0.6487637190624996,0.45737450040566935,0.4255871186089436,0.5037131270608536,0.4957578659416126,1,False,True
0.5525937743665732,0.6443099646564905,0.31484297442880427,0.5327861386028844,0.4571931110281423,0.44152549467993024,0.49631482576066,0.6005670892576825,0.4255845483790031,1,True,False
0.4796999627804707,0.5285989468345729,0.25754383337849673,0.47101078764302357,0.5268076208228797,0.2357124864187315,0.6002120004934319,0.6851625871774735,0.6711575009685108,1,True,False
0.5690544681025733,0.4225557574385328,0.2139971377601815,0.5577275335718401,0.5816987273307171,0.32332416402974534,0.571872163715185,0.0,0.6364809543193294,1,True,False
0.5887541882387209,0.3924093278450599,0.38947142905566906,0.5704273976690578,0.5945330969147163,0.4140532179427095,0.4239790267602255,0.5341463909819951,0.3931607556920666,1,True,False
0.46711043770967037,0.6094235757474235,0.4705399428079667,0.5215941546983738,0.5207940732616385,0.42772743338686453,0.6034482971999837,0.44008597824550066,0.49657842452986495,1,True,False
0.4846702900160236,0.613783019398108,0.2097964489054125,0.4081040701521791,0.5816987273307171,0.28414117753794604,0.49956481737538105,0.5263317566111987,0.6103083080166215,1,True,False
0.5005696133682369,0.7307891109538505,0.42385419427935755,0.5809578072519759,0.5853304194122758,0.38868069539937805,0.333543151551014,0.6051745482556495,0.6010540487017458,1,True,False
0.5528845671011321,0.4783250198540936,0.1995990317641464,0.7544131812893694,0.8305924395265778,0.507641687294804,0.23802306730009276,0.5307835281128976,0.29558722624642,1,True,False
0.5655776485127316,0.4639425139015294,0.4801603590080328,0.5542214889278233,0.5816987273307171,0.24665118919945433,0.34901322101553456,0.5628559173571542,0.6031467214163676,1,True,False
0.4123406927035224,0.5028386876625692,0.43300675258928,0.42712951083603196,0.5797034112931378,0.2297518116119573,0.389895489477382,0.2597975119320117,0.5113793578522289,1,True,False
0.5408346066557903,0.4554950397263523,0.139798670739526,0.7212606974430639,0.8729185310338328,0.21745003969910087,0.3375322618363008,0.7442998249060424,0.4670613893009902,1,True,False
0.6238232378264192,0.5657187375585983,0.3982756655896193,0.48862190889150653,0.45359251001024736,0.2716420283950001,0.5556291253783513,0.5521171309483747,0.3212709019138067,1,False,True
0.49413273964936705,0.555959205683528,0.4487333395728521,0.4835831307746235,0.5473854603838875,0.4759107047787063,0.34802247667324604,0.7399213100766782,0.7740910034397639,1,True,False
0.6080557792042312,0.39984808231877267,0.538068341331105,0.502032811902731,0.5023868642127745,0.342978316793177,0.4256471633554021,0.343020774003056,0.4871662117438063,1,False,True
0.46707966153544983,0.6209382182184344,0.37742190635418865,0.5342814331713742,0.6432503426225579,0.7059131147790614,0.3272852815795711,0.32480290931390104,0.5221538965468046,1,True,False
0.5026251502738249,0.6577079458437721,0.5227853578836398,0.5173617676646456,0.5259294154659634,0.22404943756257717,0.6520449825102963,0.4342782695896259,0.7728258348445887,1,True,False
0.5876487950068776,0.823092026594718,0.6604578590382834,0.5305801290153137,0.3194236631063701,0.41302139825042644,0.291558204667213,0.6381456157258569,0.41013080876571323,1,True,False
0.5195855750430383,0.3942037824813678,0.261630914252137,0.5716281955115,0.7163594192852064,0.7175157065763487,0.3874518322328323,0.478188885607615,0.32194418491931975,1,True,False
0.5084985834546162,0.4118023114215925,0.5287991167905322,0.37081233390831425,0.4638456679148889,0.4526188758472364,0.2991626813419728,0.4944086682133656,0.7372302109198482,1,True,False
0.5026251502738249,0.42067894330427136,0.5343386778737989,0.4473419144604795,0.5353724255737297,0.1716560776648341,0.32994915682840004,0.6554206276143156,0.4017026209494739,1,True,False
0.42442446688580815,0.7317280402724181,0.2373662712414199,0.47269505760904135,0.5874377303663801,0.5876678375838063,0.5261256473811391,0.533931129828908,0.5392662667283866,1,True,False
0.5199222073702003,0.31857026128054844,0.35897109413262634,0.532645052034855,0.6502553120412403,0.5222606006290449,0.349272090862002,0.4397623919687729,0.5202452725711394,1,True,False
0.5317992161360365,0.3748520939414196,0.06316682061243713,0.8001098167825015,0.9872428009561112,0.3044365269992663,0.5039243224798886,0.6005336255360594,0.24499976649046995,1,True,False
0.4601783168919892,0.4919959770552016,0.18506314843378385,0.6738736601009908,0.7932339881354131,0.35591144082717313,0.534416032964166,0.6700728225852776,0.27245582881286723,1,True,False
0.5026251502738249,0.5203105994507349,0.6482351171552964,0.3807971163683541,0.4523228910676116,0.32117084938316215,0.43987883991468757,0.7397879449859125,0.6692902566856517,1,True,False
0.4942661539437194,0.5347525495567713,0.5785578174807152,0.47123111899850273,0.4851472862953541,0.37307382082672264,0.3748644016569164,0.5607172911141017,0.5049778559930375,1,True,False
0.4623122178343401,0.42560865555026983,0.39282601734942896,0.5691594725857009,0.6937259964460641,0.32629686680684994,0.40475634895943063,0.7792945354745059,0.5075770838945374,1,True,False
0.5893726985486462,0.43509914412174333,0.2839927385688425,0.5238694790549727,0.5522247447437895,0.16774935721995077,0.3943873641118383,0.4911264950667978,0.3866634498065637,1,True,False
0.5026251502738249,0.5231678220747324,0.3060958211128746,0.6102824633840148,0.5397041707524997,0.30185433211496754,0.4931973248149739,0.6764264199928923,0.5957011525921757,1,True,False
0.47907915755967334,0.5936135359235254,0.17196659953517074,0.5961008553624403,0.6947459919797557,0.3929550009257426,0.6353133669857022,0.0,0.22504186292026013,1,True,False
0.517156747886805,0.387046338547947,0.5060853162695326,0.34873340638693084,0.375573319755535,0.4713262320036207,0.33149106393301897,0.0,0.3616603825392185,1,True,False
0.4663207696677061,0.4969210551628541,0.1726301973860373,0.5067969183496595,0.7095283477214639,0.4353085132554348,0.43759865782112517,0.8119598249475429,0.5929233647589834,1,True,False
0.5022742266934583,0.4644090523505502,0.20249154701701397,0.5858791421693935,0.5816987273307171,0.6825780584903216,0.42208768530130025,0.48958034060726885,0.24117318001075583,1,True,False
0.5353136501039393,0.5722280903586481,0.40615234440469644,0.5111279014832577,0.5651479516876553,0.23014029085347015,0.5513054421402805,0.5860584887516435,0.4026568043259107,1,True,False
0.496959545566561,0.6055603316913568,0.24113252915657354,0.5201690810600849,0.5676175195633913,0.5019967772457896,0.5826536796914843,0.8394241861371655,0.6507941841919122,1,True,False
0.5026251502738249,0.4787087337770797,0.26711327713908756,0.6304377528593433,0.5364235452972728,0.25560004175596834,0.5116317422819995,0.0,0.35496018695011533,1,True,False
0.49730889963710984,0.5722002083420217,0.5731453248844557,0.3707796857832326,0.3571562155633467,0.3122714652030643,0.4374543976340185,0.0,0.5817296893609208,1,True,False
0.4649729741579403,0.5452733579871449,0.3251102940710732,0.5096502585921115,0.6363422596216236,0.5092613657522937,0.33941833331083676,0.5186132714890969,0.4448515103293688,1,True,False
0.5763784209151003,0.5207699430939531,0.26817552957053475,0.6016604866994365,0.6294280196807288,0.41394185174085435,0.38673447469894034,0.39161506713299726,0.29710371628942156,1,True,False
0.5152410991585957,0.6033369712753597,0.44423611132929497,0.5137613676761936,0.5644889511372124,0.4826852390766326,0.604166130842036,0.0,0.37879351039089354,1,True,False
0.48505987137551854,0.8131146800421755,0.23031510772801836,0.749222345679564,0.681310041341194,0.7504400512037652,0.27535627945654245,0.7355398394496181,0.37592736601020454,1,True,False
0.49822922696838223,0.4642464757940271,0.580896225525308,0.402524801733682,0.45749654399339623,0.3839672005923362,0.3097809442972201,0.5328696507863886,0.719698156497452,1,True,False
0.5301589474535999,0.56545459387547,0.6539095559027477,0.4109834479055011,0.36244132127520595,0.38522040399552465,0.26151958252127194,0.424150062234254,0.5741184897955821,1,True,False
0.46464755760749554,0.649230334415242,0.27355465874145035,0.5155747203835109,0.5375830611803692,0.5291664583049942,0.6255595696624123,0.6467914719029771,0.27245198003480786,1,True,False
0.47270444694241054,0.4601097103334346,0.5405797621750682,0.5221281424937788,0.5600889690021621,0.5218713947857991,0.5256288212092773,0.48353745302401,0.5958311964819697,1,True,False
0.48355495275873234,0.47480432043216314,0.27352389846147906,0.5244381552198012,0.684333261273638,0.20620686285356,0.6323240213028116,0.5040525650643248,0.45313138606822584,1,True,False
0.4529822302845123,0.3356189915942783,0.2912242453161244,0.6269540030365139,0.8198219448026116,0.29024760314631154,0.42583991351261763,0.46634795429212395,0.4857270844763489,1,True,False
0.5042047200914018,0.522744224255044,0.2651964876701227,0.6327819456582525,0.6785011041991779,0.49227176777553544,0.39748737451044297,0.13621201149783085,0.4702843985601322,1,True,False
0.5385205282195893,0.7655574908069739,0.4380246358448012,0.5205551842879808,0.39145206835117785,0.2985214855375909,0.47704248862722654,0.47395664100743407,0.752008444814477,1,True,False
0.5026251502738249,0.41979908784165265,0.5944317086236083,0.40398645983466536,0.4420759195131925,0.5965051490734112,0.4672612458804103,0.6338568633887389,0.6042147230861227,1,True,False
0.5350576895661061,0.5496514672878985,0.10758529557631616,0.6404954086294143,0.5816987273307171,0.4528869957527584,0.33898297629049784,0.4883742521421737,0.4285058715763191,1,True,False
0.4312448709828243,0.6514588515152234,0.20798929356410306,0.6360004219753073,0.748175007708798,0.2184149554455294,0.1885973606340745,0.3281831169363448,0.4054107324364226,1,True,False
0.5026251502738249,0.40357793811809484,0.13792162224657117,0.6068491195509765,0.8428537038703428,0.5064007925235701,0.5039827483622755,0.6015452919093426,0.36720252757638516,1,True,False
0.4790496543927197,0.6728327191547221,0.4525079160054842,0.5893892835369406,0.5911730163695493,0.4576741500883346,0.4721605026678857,0.5142196307615579,0.5524451587320244,1,True,False
0.5026251502738249,0.3952095800040303,0.4361603422550499,0.35556018764387737,0.4627968548273582,0.6518000475296799,0.4627242487869727,0.42790107850912684,0.6163123516950203,1,True,False
0.5026251502738249,0.5039447987605501,0.11880682617181086,0.7125015486561357,0.786971459122147,0.18690793349817997,0.40848342377735986,0.5796515947555002,0.5041148128587306,1,True,False
0.48277512122904265,0.619247120050647,0.36482021659517894,0.5357679172212974,0.4990491680894279,0.3515184565177371,0.6374994405916883,0.43060663320174086,0.4140616139092221,1,True,False
0.5347700628290384,0.3764004448928473,0.50584740175502,0.33127759254303946,0.5816987273307171,0.2974364264579407,0.6413229080554703,0.42510369685805693,0.2454960856798738,0,True,False
0.49315152665882517,0.6584464471242825,0.17265923586956752,0.5824339152132206,0.6627166048054177,0.5800471191559791,0.4024697332483628,0.32295465633340614,0.5089467202439802,0,True,False
0.5026251502738249,0.3911270871822391,0.694450215357635,0.4287611892684097,0.9097721874653453,0.4803660492918655,0.7080833229927288,0.6198138956887227,0.26403879723922596,0,True,False
0.5249240815756742,0.7988016429410116,0.25444544433967664,0.8002098994531512,0.5816987273307171,0.6300004252682856,0.42943090013554797,0.4371268326148344,0.619350814187675,0,True,False
0.5604327090240901,0.6406673999388058,0.37669641583628666,0.4360365589944023,0.48689687637399937,0.36108136857287526,0.4293769139828073,0.34347314229947157,0.19625045320521,0,True,False
0.5026251502738249,0.6608411425292855,0.3223768798065206,0.5680354871145004,0.44437234314728036,0.5427857163734635,0.3381957653493454,0.6855630564522613,0.31457067617831447,0,True,False
0.4414149857176562,0.7305299500249026,0.24743955996988645,0.5997852887549716,0.4093021253152589,0.5353453403189694,0.28722137174336054,0.559450807901643,0.42622881839379495,0,True,False
0.48254780771817235,0.5873586279005248,0.22166219060048226,0.5640246467080102,0.5840955289535434,0.5553593280843703,0.656672148175601,0.6519506913202592,0.47447866089713636,0,True,False
0.5026251502738249,0.6029202638589997,0.45883322215594574,0.2567603590468425,0.5816987273307171,0.5286517912705337,0.5188471581804429,0.6333894670577304,0.5411778611993875,0,True,False
0.5190427708874013,0.18506496564857258,0.5938503586080786,0.5312574470296527,0.8356871521497187,0.5620255847433302,0.19773071199858483,0.6129406098873794,0.6622675757586073,0,True,False
0.5870122189896302,0.24893704002524467,0.3635873774918898,0.36387088890740676,0.5816987273307171,0.3967350312902466,0.1736702527856558,0.7322229706723422,0.5287287147477103,0,True,False
0.49857585276399147,0.4232809815548676,0.2841173580043926,0.4796522774125552,0.6924065403816341,0.544224599748139,0.3626725322666277,0.3891896384615736,0.47635909517988756,0,True,False
0.4558556426009154,0.6837815759978376,0.3064055020799681,0.6210969783795288,0.5816987273307171,0.5770679151165579,0.5357679092443569,0.6255092517779249,0.3496024237241172,0,True,False
0.4748575328569088,0.5238084582130819,0.24390513680605297,0.41562916558176266,0.5816987273307171,0.5063546132072891,0.5072140523238242,0.4526487250957448,0.44994962264713206,0,True,False
0.4214240404792817,0.5748508713086047,0.4935193868153315,0.7118706831441972,0.5206456149056472,0.5785566922223995,0.15732013255145993,0.4407460775055463,0.4554696189370235,0,True,False
0.5186360259477993,0.513783359549635,0.3459451001783674,0.48726936927186376,0.6465977507863429,0.36512769972262676,0.4671113479594732,0.651818530043698,0.5547028521518015,0,True,False
0.3982800462939617,0.6381832164096911,0.2336737018431283,0.7308943592247611,0.30000174742070035,0.12500387438677024,0.3850378986158832,0.47691099132488934,0.5378044165371355,0,False,False
0.3905286610767985,0.5426233846586945,0.20625502668653362,0.6976816514547215,0.6204609474483189,0.30373221199587924,0.4046952613464651,0.5388646331060366,0.4287810017696497,0,False,False
0.43500114693981573,0.6141064372832832,0.2009310157666748,0.7002191491573253,0.5368374602022581,0.3986009407918058,0.32777170699607505,0.24523246654600855,0.28238262661916935,0,True,False
0.5861033609016931,0.3567942393023442,0.2899589316394086,0.48755069773588783,0.6544673644333775,0.41777872684110134,0.5232489317771233,0.8110715861392629,0.4329592871493984,0,True,False
0.5478932760132331,0.27532407151491833,0.5503979471132834,0.3807725029206296,0.7435313691580324,0.4922261458018162,0.6321352461898434,0.6666016890572077,0.4696211874572355,0,True,False
0.48507836900139184,0.5865101753734163,0.32555338666149897,0.4267710294252734,0.45267893395490966,0.19204119089464172,0.3880205052869429,0.4589052371943788,0.3089506072363146,0,True,False
0.42905496293432227,0.6508788741022032,0.32769637457460665,0.611695990879103,0.27417109826272473,0.16525553236843848,0.2854707454466479,0.4210707718510201,0.4887038776749288,0,True,False
0.5026251502738249,0.5693048542587407,0.5357475125744809,0.4417437838002302,0.5553641252289035,0.2765684643559398,0.0870916576191791,0.5715670383199248,0.6532860159965527,0,True,False
0.4525959115635537,0.6044425747112988,0.23476546089607098,0.4878602078551246,0.5311946472940295,0.3310464554798364,0.38388546681243463,0.6728016662857215,0.4422014218952978,0,True,False
0.5338025268994416,0.637787589923637,0.3219971927402731,0.42411795142029485,0.5360580336887016,0.7149340459930138,0.4351306974026826,0.7197317539026168,0.45901195875498163,0,True,False
0.5026251502738249,0.60488181664991,0.35054422986754163,0.620034425981936,0.5816987273307171,0.5104959308615407,0.517505516592623,0.5876279650350613,0.528717720579093,0,True,False
0.5271503453303813,0.6909545332431936,0.2715911740183275,0.5283614000369061,0.5033167676250436,0.5196575272956321,0.42354311831025626,0.7474043673271175,0.6769620347829496,0,True,False
0.7191166427027199,0.35250190693456607,0.6468168208644144,0.3249601515405951,0.7439986661905577,0.40843469671382,0.5922909422548515,0.0,0.43992985389715694,0,False,True
0.4225674499705284,0.8227718537631278,0.1091315354859841,0.7606602382146488,0.3370324311922241,0.24438383035093897,0.37901022081121516,0.31405131240566986,0.21475691344030906,0,True,False
0.5026251502738249,0.45073133218854877,0.6345835812215835,0.6272859888573075,0.7299186478169409,0.37764205789107014,0.5747742478028087,0.5914961270014312,0.2256026492041076,0,True,False
0.43748909494214494,0.37817331571166135,0.24252148522614028,0.4899246884374386,0.7195934962817218,0.3613719910983226,0.5525654948262203,0.5551576884941436,0.5222098041998396,0,True,False
0.5026251502738249,0.32580352912048005,0.3328556589176398,0.28251355919755744,0.7518793974370832,0.5926755214278245,0.6532394809111114,0.3998956149458064,0.35023998668506295,0,True,False
0.5626067950964951,0.7380142382151345,0.25317825602417765,0.6045978942940706,0.5816987273307171,0.36683009101200487,0.5495735204817476,0.47466442396084013,0.4658545503700177,0,True,False
0.4300750944872912,0.47441232456687277,0.3061331044932951,0.7719432173343255,0.5816987273307171,0.38310602367439056,0.40773288457018075,0.4878401336503378,0.6071199758329316,0,True,False
0.5026251502738249,0.5286174831347498,0.33778892534981847,0.5463458648594627,0.6545638629920257,0.4125860881697186,0.5588944570035235,0.30316727481025535,0.44779806071017875,0,True,False
0.5026251502738249,0.43260121724579603,0.23784866306267247,0.504881468052602,0.3997026646183628,0.6205258853483802,0.4459500577985144,0.6231630775936231,0.3752691614637666,0,True,False
0.47038930211956476,0.4335779076392081,0.4907428398451432,0.7167357107189677,0.6000777792270066,0.43471361884119103,0.8059128701951849,0.5846239505313013,0.5342484870356324,0,True,False
0.45304794167485085,0.3975963228408602,0.34082975782583685,0.5419239018029496,0.5393094393290035,0.29647262972419214,0.4528409547066452,0.5165379257069869,0.5922843250955842,0,True,False
0.47378501815502594,0.6924130948379038,0.20536725654433918,0.5475820459458272,0.5746712164952331,0.4725827979586717,0.6682345785782409,0.5878822690198112,0.5503594573575247,0,True,False
0.3857642955493853,0.5458518664766031,0.15840771002569065,0.58919747910556,0.5816987273307171,0.5637975071994357,0.5827173067884235,0.6218042985170723,0.3981352932522911,0,False,False
0.5328677012980374,0.6308170330005137,0.4130934739158776,0.5146726606014906,0.5816987273307171,0.44964919955561705,0.417206361092905,0.46523659085352426,0.18219490481356596,0,True,False
0.4792730000529945,0.365702254662138,0.338244608776162,0.33515254538731143,0.5816987273307171,0.38271516122020205,0.6180404692319758,0.3225454420933705,0.04492805914677566,0,True,False
0.575349522999762,0.6953693925611711,0.4634074704579065,0.3714202545378529,0.5816987273307171,0.6870909890092474,0.5968587973316223,0.4511930113040781,0.39220654751245704,0,True,False
0.38322802914285836,0.6922914426253128,0.2617464668292011,0.5601511569997356,0.35947063449300926,0.37080849483068873,0.39329668500749343,0.21383478199030848,0.32724493416090816,0,False,False
0.4943134991782418,0.7432961390935131,0.17675224868344172,0.7547065138116309,0.4452588483013701,0.32725800771860075,0.5716782882825899,0.3482750747375768,0.34554762034848485,0,True,False
0.5018183248363522,0.4971215215520871,0.5145451966858439,0.38199761950922523,0.5816987273307171,0.6601613134253836,0.46716652742065246,0.45068433079428666,0.27926856528053623,0,True,False
0.5695891734361781,0.4581880352363856,0.4355494838543913,0.4464605668422713,0.5935292459960257,0.2907436034296191,0.44281854608695403,0.6068161246174488,0.33010857457317033,0,True,False
0.5736468014476281,0.6354788114498252,0.29248051580589673,0.6577309618731135,0.5268619930101912,0.47474393947612187,0.37800623766447067,0.6312708879248188,0.35713369739968825,0,True,False
0.5438612011915052,0.6030612732427071,0.28366968538359394,0.6089486837535624,0.5816987273307171,0.3542893868907037,0.10926033008648926,0.5686685159423683,0.375864321235243,0,True,False
0.5459698829999975,0.5891677830235458,0.3540615285067716,0.7183739978216467,0.5816987273307171,0.27305411990259504,0.25531088840755933,0.5103675219479833,0.43716446578344176,0,True,False
0.5522367863644643,0.4411360650535846,0.6244889771426853,0.44434084923662104,0.47816676947798364,0.602238900440184,0.5314605299384985,0.6017402396622599,0.7022658866672346,0,True,False
0.44774305398150177,0.38902072698981105,0.3731864525884567,0.5073141499301684,0.45934420716782565,0.4192231483816538,0.44756158921365485,0.5285764645778409,0.3667432955078648,0,True,False
0.5264222601680659,0.3925134031505235,0.31133846497473827,0.3978884297357487,0.7696511377600426,0.3669444930260157,0.6110560072696325,0.5107869161560721,0.4484252538175501,0,True,False
0.5026251502738249,0.7027722237332829,0.4166300981461549,0.41820403686293134,0.5820572545993451,0.358155861496014,0.47245803674876385,0.26918556214819755,0.5090538965316725,0,True,False
0.4514553774798779,0.4294268432298963,0.3310119788247614,0.567824522472605,0.6399699563336326,0.4211831078194033,0.4825271972235309,0.3675509444063136,0.24175030295618571,0,True,False
0.5207206122956737,0.5723093347465257,0.4235143729364685,0.37462940272361267,0.6499266275146526,0.3871428037636124,0.2207079517380659,0.5107860852386569,0.614599798818173,0,True,False
0.45403650446157073,0.4250619721700346,0.2826901607075786,0.6256902048630225,0.6139947254549135,0.43625405773211684,0.5030435975212243,0.3754878376981664,0.3716251702396465,0,True,False
0.5695760715256023,0.40912388337100547,0.4787163905464069,0.16469773747220956,0.5540869708297241,0.3317745142387705,0.6319507679671943,0.4343806189364766,0.4951950648134627,0,True,False
0.3531077459662062,0.7983584103840938,0.18962719912617826,0.6673869778578733,0.5816987273307171,0.4125646928181536,0.5001070579979693,0.1785768122932646,0.6845985209632947,0,False,False
0.5500258789382915,0.6280189348595134,0.4779684189461661,0.47000341651386957,0.5503791558484262,0.46073232356517163,0.4148444170471912,0.6254303969627781,0.44176347027336144,0,True,False
0.4324719414585109,0.6556810744503213,0.16246065475448784,0.4408590359011943,0.5050607537548714,0.45468342296516623,0.5758294800274144,0.5241048555355166,0.6502483191046583,0,True,False
0.3015300485606541,0.265252998186277,0.5590436548509947,0.5956076561086,0.8027165709478365,0.4464228139856004,0.4672735159471083,0.5181115704048124,0.5348293441995823,0,False,False
0.610420739034835,0.7540765488738436,0.5046384313116854,0.25579483641627826,0.5816987273307171,0.42912618383457873,0.4437926718716316,0.2734848797481937,0.6781779139015457,0,False,True
0.5537268723218016,0.4883446198017881,0.21893873449331122,0.5060858892368438,0.5929988776733894,0.2565904037774626,0.49927697175046293,0.7424596584115628,0.6193055605171248,0,True,False
0.39915212505152853,0.6289102420656694,0.1380707128637528,0.62386668020683,0.4863793287932453,0.4043389317849983,0.16393202926806505,0.6482111751339266,0.3243748311312771,0,False,False
0.6178477589338354,0.4757365228765119,0.29853788240327356,0.5392422547685247,0.6455775506011162,0.258840854380931,0.5011744535466757,0.6737313745327834,0.30850467754313016,0,False,True
0.564232608235292,0.5087875389334486,0.5235894823769578,0.36358224048942867,0.5440786673432363,0.38237765465572643,0.6771495890290259,0.3746113286606958,0.5668690810378781,0,True,False
0.42516199780606134,0.32448721983766604,0.4561932597459907,0.5462980512959825,0.7408722848590276,0.42402112769422234,0.5047425231056731,0.5535509159234119,0.6276740917732059,0,True,False
0.5742991111909929,0.5599626267026528,0.18948149979335924,0.5360712195851557,0.48688498800386637,0.4180497653056939,0.1903680910668063,0.7303449200392096,0.3348721817000635,0,True,False
0.3080870821957641,0.521187910074665,0.20441068895232992,0.6167964362526017,0.44298970191294607,0.5567300986375809,0.43299887232453704,0.6141873522023769,0.4676858011712372,0,False,False
0.47907263768690306,0.5888702077525225,0.23763518492192662,0.5837410184072299,0.5816987273307171,0.6507911792818859,0.22327848564773478,0.6287353741284938,0.3243774609260225,0,True,False
0.4181114714859376,0.5055487673118281,0.3196702018147998,0.4903155172988645,0.5816987273307171,0.5391420033267542,0.6693755830108116,0.5216693492745815,0.4361644725160611,0,True,False
0.6298144838849257,0.46545772536347774,0.375205757111074,0.49932375328267725,0.6765154940751531,0.6480458944035754,0.2119965237568825,0.7358744443388803,0.4564375911102199,0,False,True
0.5026251502738249,0.44978809856878077,0.6384672257552192,0.3411749504802912,0.6404118910613267,0.3500892881741446,0.6901183294334432,0.7843527256023759,0.257610821601454,0,True,False
0.5026251502738249,0.5301030015681865,0.3177080765765337,0.5649234133931984,0.6069738925401373,0.24700488148028493,0.6249649631164145,0.6244609611612091,0.38410236238324086,0,True,False
0.5340291756906418,0.7209230559848326,0.43983912166583733,0.7389401775085397,0.6026851237274554,0.2767225329935395,0.5370758542107104,0.6235905744307488,0.38347396112726934,0,True,False
0.5493918784589831,0.3908467394632936,0.5952965272388788,0.5744600955376088,0.7845038266871045,0.6214922187169061,0.5369718638637311,0.623420441848199,0.4901677979327526,0,True,False
0.5262408466162763,0.4675623880071479,0.2683248268350027,0.6035837697718995,0.5816987273307171,0.3030139021533392,0.32501612653661927,0.2971343249986074,0.44757328517142886,0,True,False
0.6377075661384864,0.5100707280094297,0.35823803009482835,0.30534022777198006,0.7025938546576426,0.44946725234866564,0.245133077223337,0.7471103877201936,0.7608914157958757,0,False,True
0.4015162371492903,0.6319278017154001,0.1773700227056016,0.6620299917139879,0.5279976212325294,0.25332669867635,0.6556527336263539,0.6785491328740999,0.37639503208098085,0,True,False
0.46076035180909225,0.5591916829294303,0.44924064949795806,0.4151185018999582,0.5315045617601705,0.6846969567723122,0.4767321484832914,0.0,0.7168726026815458,0,True,False
0.5404655088937834,0.572974847798443,0.5008153708012026,0.5843159332070704,0.6396487840238613,0.3738921162981356,0.37912840974538325,0.5113473904317892,0.34508263138881645,0,True,False
0.4368312532721572,0.7020267396013359,0.25358388088488054,0.7621405001873378,0.5976821742066314,0.3949152472196466,0.7319941902317427,0.5057000329870224,0.429878138260626,0,True,False
0.5425163374320802,0.5112273176864606,0.5344037759895855,0.5004765879988529,0.6709890099823089,0.25380978787115666,0.44763712451065674,0.5898023761690703,0.3871439050110685,0,True,False
0.5026251502738249,0.8407948676274767,0.18157997591255323,0.6445479888472662,0.5259843311813958,0.5003757670916946,0.3325681174945303,0.5535945865462877,0.34151535065825867,0,True,False
0.5093729898997822,0.4297441358046472,0.30618994334858884,0.5744315169290882,0.5816987273307171,0.5761886281314681,0.5451241123799013,0.376425827584039,0.6169772366556768,0,True,False
0.5285517648320661,0.7638522229805702,0.2990514573572563,0.4027521849438997,0.5989222285259271,0.3028431807989374,0.48961686074094457,0.5863161051790988,0.4433964983321608,0,True,False
0.5001771386210876,0.44078388385986944,0.3316180473277793,0.7658698166569498,0.5816987273307171,0.4829216518370579,0.291682802637098,0.4558084539346518,0.3596967892306647,0,True,False
0.38181038364849146,0.6930858711299851,0.16409499525433766,0.5847828326694801,0.43397275322232254,0.55060285019307,0.3994104674223569,0.7026077229946189,0.17260087396575982,0,False,False
0.44185365447383934,0.4619797576673107,0.35920756225890244,0.5680231323919743,0.5816987273307171,0.5204222737581805,0.4423097232251588,0.41179854380483977,0.7101010210435575,0,True,False
0.433577925159558,0.41386136154485975,0.4341680918544508,0.4610196906291547,0.5816987273307171,0.5322685757518311,0.6352689588550324,0.658825156585127,0.6143803008008758,0,True,False
0.506826380791427,0.5415569810829636,0.4911520003890053,0.4409316035213579,0.5090570893392047,0.4764654703160904,0.5311394242351899,0.25001225164449026,0.6449756649137653,0,True,False
0.5026251502738249,0.5162632714892574,0.2695316932464795,0.522851170291639,0.5816987273307171,0.400441426283968,0.47300632683396093,0.4819175149870364,0.31061008873554197,0,True,False
0.28061117802309715,0.5231707763692323,0.27923600447134306,0.5745923423806663,0.5041594024032381,0.39275750307840634,0.28270507473122597,0.3629889021788951,0.6827067459523023,0,False,False
0.45378379324270135,0.7160698051674834,0.222272107859789,0.6909934962718707,0.5816987273307171,0.3883418473460332,0.39540713165494246,0.47304922481231104,0.5115323577255043,0,True,False
0.428508941266171,0.6249151545007163,0.3123628143200279,0.4444337756905838,0.38429912830770807,0.5525723488320884,0.5433407978882739,0.36966399037111325,0.6800856713835776,0,True,False
0.6356848841636551,0.5828045357416758,0.2888725275311059,0.3476770668744448,0.5839599180162185,0.3491693698931579,0.4673846834058988,0.3858569269674241,0.4686356041178417,0,False,True
0.5268098299923314,0.5347854950663077,0.46705901652062554,0.3696395952302147,0.6277443383476455,0.5483054165463483,0.46159701088436433,0.6194628863463848,0.6952911606742033,0,True,False
0.6413802037608722,0.4964860132816874,0.40466091759223155,0.4628246015336449,0.5857925500653502,0.5317735759885536,0.2329571276808044,0.5127791074692801,0.5322261383233883,0,False,True
0.6094555338513078,0.6130831057461853,0.49169792903960896,0.4655162305780543,0.5737525133597898,0.44535677710132754,0.37148277546844893,0.4476953738034387,0.1758532897274591,0,False,True
0.5152526772178977,0.46866816356625474,0.5649085936849242,0.37653839875418427,0.45083266320371085,0.26355410792120354,0.3113975555075778,0.6208196186768528,0.3871206203361884,0,True,False
0.5026251502738249,0.49778336297345627,0.23063617882238452,0.6088384900253883,0.5844758548947779,0.508597939630028,0.5315497789772512,0.5920090373119731,0.592382272348248,0,True,False
0.6353981755661416,0.21745762344630273,0.4482594501185364,0.4548978218442737,0.9405632044520824,0.4606833004926217,0.4519209017402165,0.6296378039602452,0.624737152941702,0,False,True
0.4701974431198492,0.6229880216285472,0.3553097276388,0.5194503134254441,0.6246615755208096,0.2793104944685388,0.49725549502595545,0.5536496743404437,0.41952726349694097,0,True,False
0.5026251502738249,0.5687817172651971,0.23551706741255635,0.6441737570212119,0.6572973215702466,0.31150768721120764,0.4966735214486274,0.47222667917037237,0.5535076757974001,0,True,False
0.5026251502738249,0.41047168568380576,0.8013038850908946,0.4690716253841883,0.7968111849005459,0.2560785811281558,0.4677223990830177,0.51846467371068,0.34744135600993686,0,True,False
0.42761384945520703,0.828658476719145,0.3432839739152652,0.6722841382845323,0.5816987273307171,0.301871872263441,0.3671794312516495,0.7422379398340595,0.680940418584003,0,True,False
0.4886586473685441,0.4325295980218341,0.4587847643023254,0.5294492892542783,0.539129776667364,0.6132649293505974,0.7382946849932185,0.6286588538157057,0.6886679244418669,0,True,False
0.5026251502738249,0.4004300159440417,0.351285457369427,0.3956472809339787,0.5816987273307171,0.5202598693586047,0.6409570516852691,0.6446824243492623,0.4491907874880395,0,True,False
0.5104369446244391,0.486058425170001,0.5409235854559298,0.6285508976350571,0.6936815051082444,0.5309447471249209,0.5084283617144039,0.4224735239518152,0.6287014025058485,0,True,False
0.5026251502738249,0.6901675833770403,0.3536880007628001,0.6739276004201629,0.5373756276231965,0.44224994122889066,0.3626562917452898,0.47896060467602164,0.471410617603542,0,True,False
0.5362553783179558,0.45366576051885044,0.2956634546353171,0.5131691700159622,0.6318161191153777,0.34202736094520486,0.3248373542549769,0.5525968761778608,0.42597864385032563,0,True,False
0.5712268444810804,0.6071544582309683,0.33255420287464477,0.4570958293430759,0.5198641040444121,0.5806618807394541,0.593988656138716,0.5642713379539803,0.6367306128579974,0,True,False
0.36959614273901437,0.6779179993406949,0.187594282585621,0.5173593257483813,0.5283256003863834,0.3945353675094129,0.44335938587126733,0.28756255676374715,0.42335885652081234,0,False,False
0.5026251502738249,0.5213008698229534,0.3751887142087889,0.5307360992419494,0.45936106265884236,0.3211576080172804,0.4015134456621719,0.5543998764749725,0.48562044596078685,0,True,False
0.4627923262191594,0.4843327597412065,0.45717686438370275,0.5329224269598516,0.6885917809052785,0.33016202953623236,0.564849263635155,0.0,0.3100013806624229,0,True,False
0.5579651746587424,0.7670139182907748,0.33807632068190996,0.470431019535577,0.45490975964409985,0.4190706749756155,0.2847375382106085,0.5757267203658492,0.5853791284350843,0,True,False
0.5312297609361086,0.7083918598589429,0.3261511492929892,0.4516369654038644,0.503277925043829,0.4059956240824307,0.30891868333050737,0.5175251475671774,0.45696248299675774,0,True,False
0.568134151082518,0.4738423661475093,0.30138673103554137,0.41859412549296865,0.6795365262303891,0.30568833939501266,0.6298315238719513,0.4926482330795017,0.26663338442481066,0,True,False
0.4568978522200438,0.7120000104934473,0.19633522013737123,0.5043093074940322,0.5816987273307171,0.5385341902120133,0.5914957651354116,0.0,0.5177254135609884,0,True,False
0.5026251502738249,0.5837494219648162,0.363232775334749,0.3954793159943284,0.5938792392047931,0.6285043530513896,0.29810032424272825,0.680112952643201,0.4054536615437047,0,True,False
0.5755811426151677,0.5217631690822814,0.4757707996199228,0.4522248594919853,0.6466631784466385,0.16965528465540441,0.3987051496796747,0.5254933495424748,0.3177555189713236,0,True,False
0.5026251502738249,0.3714540149353077,0.32776340530041426,0.7556845999685751,0.7218494176115143,0.3037483394915848,0.5671837146466363,0.4304791434420489,0.10944888888001988,0,True,False
0.5026251502738249,0.6295182959620798,0.42970585301402103,0.3599050817639139,0.5816987273307171,0.3628260039013685,0.7235843069309428,0.5640696623965815,0.647642825672149,0,True,False
0.6783757973486609,0.2794814873957915,0.5477333716747746,0.34932727828074484,0.8470413438891322,0.6098239878496647,0.6808550807599965,0.3981100501935863,0.7169796426481184,0,False,True
0.5703364815887171,0.26709283350852375,0.6631312352884059,0.42621067311851546,0.8986704810291877,0.2745891323783734,0.40685119912419965,0.4748518836175217,0.5895027362988604,0,True,False
0.44722218430381416,0.8089976156171255,0.13547835299479544,0.7491253421931379,0.4469143973919685,0.5411455787265693,0.41097451883687197,0.17427371591601015,0.6245071989331831,0,True,False
0.4969859106644901,0.6231880223290981,0.32664445978175743,0.524625691229135,0.5046361399179184,0.4369730422086922,0.5834155027316935,0.4518638865966458,0.5932587386670719,0,True,False
0.690225643928993,0.3057030894085063,0.39514867715550206,0.3038859462842971,0.5816987273307171,0.43266388375845816,0.6108610717748649,0.5242691616233695,0.7222949090629579,0,False,True
0.48090812238724334,0.5453004597263075,0.5500207495992776,0.551449242699986,0.6368091334729785,0.24460714508740916,0.6567240915529645,0.6866184297726025,0.4604660686909738,0,True,False
0.34900407548605256,0.8178996310357087,0.24916438396808907,0.5192312443783614,0.39076771730255155,0.6786596434175531,0.5786029154115873,0.6397753403490256,0.30806827645594304,0,False,False
0.6864443103499737,0.3971734622635609,0.5522173994293612,0.33557945554407004,0.5816987273307171,0.5314167893714439,0.3389978506898666,0.0,0.6640143642215676,0,False,True
0.6084665568033053,0.2931948180118551,0.5204284494996156,0.4467115648852687,0.9358306711612889,0.6516560394110154,0.5278235910059375,0.7036541781250991,0.5099581429649568,0,False,True
0.49648475110610446,0.5599491121867485,0.3511742046988877,0.4515672059694786,0.6343304924828287,0.4121658436490219,0.6698656291107044,0.393461154749105,0.48174989886281544,0,True,False
0.4302159100946445,0.4472392696455121,0.17411048786028663,0.6144009858486303,0.5022191482887889,0.5724617013229736,0.3848514276550191,0.5048578899227059,0.41937768562580385,0,True,False
0.6436771719579296,0.437034523001813,0.5671735354570469,0.21820373054883577,0.7717844460357874,0.3566017190090845,0.5507352500801211,0.40392457708075025,0.5333335960248361,0,False,True
0.56762627887187,0.8331215476576789,0.39278675041558336,0.5643190453297614,0.4101469965362232,0.21920382019849055,0.36767182880892685,0.5620683245017651,0.30033713844591337,0,True,False
0.5506869536357426,0.5164129313376129,0.5350777753288384,0.4231746012292046,0.6782416911114876,0.3783482689022187,0.49963024572289216,0.0,0.5086828808569329,0,True,False
0.43440109703300406,0.5862617689271054,0.16088939184308146,0.7087885349503401,0.5816987273307171,0.4004927605224016,0.22208026295998812,0.8146928926552885,0.4840304024725223,0,True,False
0.5818704138636531,0.5221421368209672,0.33142337084730367,0.40117015374976017,0.5816987273307171,0.4624348225733565,0.2765096397533772,0.4593925723215156,0.7048522640569997,0,True,False
0.5815615083130341,0.5910384103187011,0.41231435202876754,0.6292612016800903,0.7278816830127052,0.24548665517742313,0.35569055998359883,0.6860404424232014,0.5080261836836341,0,True,False
0.5502397729558648,0.5945500293656619,0.20590667183448158,0.6961491842210543,0.6210562584155106,0.7295141309950528,0.3196299536850721,0.7332405622914616,0.6205568814636514,0,True,False
0.5026251502738249,0.36856653769058956,0.44932652246639887,0.6503883593568605,0.4429891604737406,0.18716846025491624,0.5186452833893358,0.5031502541882196,0.43889300676561244,0,True,False
0.6609183220703816,0.43747642683777954,0.8202494330571654,0.4346814711758112,0.8137098754207144,0.3821219680066607,0.3735576186013847,0.4990904030697473,0.3498933307540141,0,False,True
0.4319751063370107,0.471585189619924,0.4648603746711324,0.6123197285242338,0.5816987273307171,0.35879036478718557,0.5101505591217786,0.2419100003777375,0.21551671447483206,0,True,False
0.4394898430088938,0.4486647686943396,0.4048441529495975,0.6156153372254467,0.5534301623400101,0.3927729141515606,0.33261361437452125,0.5271431450159212,0.5583443739264237,0,True,False
0.6482087767467823,0.4986835121981882,0.34992760064422124,0.553845841106972,0.7533336287441899,0.27606738075527076,0.17080990900163828,0.0,0.4519718302020957,0,False,True
0.5311812304986909,0.4348927988812068,0.5190722845494833,0.5905569182646543,0.5816987273307171,0.37962244519531246,0.48369474654043254,0.5558467579521511,0.5762203002718512,0,True,False
0.5026251502738249,0.769841130386376,0.1909271161135452,0.7110329533888561,0.42610212242985845,0.5032778086390977,0.3659931356495338,0.5943360172702082,0.3797224832001143,0,True,False
0.5092927997285757,0.827908608688013,0.15038973298165573,0.6312288262263102,0.47330776836024613,0.3531838473383439,0.6177348216655422,0.7599933562716149,0.10137863359017049,0,True,False
0.4851518178727433,0.4293279684298974,0.28669735574429256,0.3615343404576098,0.5077759754930318,0.33070541559923977,0.4957124054205915,0.7777136673734631,0.4901942978703014,0,True,False
0.5026251502738249,0.663779730915809,0.2396476989746859,0.7253633247865576,0.5816987273307171,0.3456955230775391,1.0,0.6400599047051846,0.45659501510780826,0,True,False
0.6346875960037991,0.45125638996761597,0.3085408846073221,0.4815105527386266,0.7814783120591253,0.38154309661061997,0.5909423015579145,0.6173291561557517,0.2917944686135222,0,False,True
0.6768083042639532,0.3704354453325984,0.5294564858409673,0.3899694694270928,0.5816987273307171,0.445423467412246,0.4493466002917288,0.5767881230962977,0.6147737438888302,0,False,True
0.5026251502738249,0.44082173551917037,0.34001914031641683,0.4079845378275417,0.7821565608708372,0.45372789167140887,0.388993162436945,0.5784073303736621,0.6127845534572093,0,True,False
0.5130791953184662,0.6445021218799709,0.07843009497572384,0.448505992371371,0.6608270789734859,0.1984886088388816,0.1278566792639047,0.6548323183166183,0.4833474833148758,0,True,False
0.4398173674887881,0.3932058464402527,0.4205934103400241,0.6114398354404299,0.48061840601119354,0.6151947935592312,0.46576611787378996,0.5466628926782267,0.6277470811322722,0,True,False
0.46199059297796413,0.6865003267730337,0.12043871077143092,0.7427748378716007,0.24276532637820875,0.3057818955266121,0.46792082705705873,0.4373057027646962,0.26679219938968124,0,True,False
0.5026251502738249,0.41895800863392363,0.40382853323196755,0.47142823655343497,0.7366197538210398,0.5469969062186029,0.46351324712513453,0.6820023189210771,0.5390950048670585,0,True,False
0.5348666760236012,0.47125434115736475,0.40168466376029394,0.6466773971052419,0.6823572791990206,0.36090079844549877,0.45783421828354787,0.3912641007129006,0.3826876001357849,0,True,False
0.5231103656904614,0.49585795171828306,0.34024847853898993,0.5080976283006408,0.563193024328435,0.3462544892608633,0.2350668402051273,0.7266964819757571,0.6519986843326374,0,True,False
0.5026251502738249,0.7480450541661633,0.21750358707877676,0.6948417108265471,0.3610183362791309,0.6524160599160675,0.4410627382894572,0.7867473260321205,0.30573529614349515,0,True,False
0.4664854374086427,0.3285393541798901,0.30955196860057255,0.5476282994793531,0.5816987273307171,0.5406235738903635,0.5416838808256448,0.0,0.3274030836192091,0,True,False
0.49510503049523724,0.3968529913461657,0.5824166353588918,0.5428051497321554,0.7262288329157062,0.3797513745832191,0.5999326325748734,0.5800532587016242,0.5292745649778222,0,True,False
0.5553318030660428,0.5342986316765124,0.22179982687072353,0.41104660459330933,0.5816987273307171,0.24555346694786012,0.6387332888866829,0.0,0.4654597780722754,0,True,False
0.5791071527583153,0.4578757420605032,0.44259227664200296,0.49249472794216526,0.63925484353941,0.2600777399095768,0.5385824663137306,0.0,0.6046134670766569,0,True,False
0.4504903185266911,0.6294632406465387,0.36281932224182817,0.5323963664963963,0.44023438268744497,0.29627148034594725,0.676681285835114,0.49567738073221934,0.5992007504894353,0,True,False
0.5026251502738249,0.42912363614366056,0.37072015401112546,0.4214238087599571,0.7112305098666946,0.5111771000282752,0.4169682661533245,0.5054044465324012,0.49520997668049166,0,True,False
0.47212002301390193,0.6129885230654296,0.2896734448490895,0.5771674331554153,0.6172341346647968,0.49770891229411934,0.35511233851784474,0.328689045481157,0.40445196472342465,0,True,False
0.4737289913324973,0.6721506070978368,0.1557961762487186,0.6250315411177242,0.49235989982663597,0.48418070859984536,0.4254732701640558,0.5239314224840511,0.37695983357109514,0,True,False
0.5026251502738249,0.7244752051910723,0.30569396098329465,0.5271526149068533,0.5000701779315114,0.41613297965027335,0.4045254430092224,0.48337040324240244,0.5364796139402547,0,True,False
0.40833969046643814,0.5428964562957928,0.20228768821809992,0.653625159585083,0.4488602566431691,0.28608489313645585,0.5775465899733352,0.4678937121240161,0.4973860836003831,0,True,False
0.5528895621590226,0.4900725175852705,0.3184001752796967,0.6655488165390927,0.7196577773009131,0.537830763184503,0.2554393305112543,0.4635609952774637,0.395408710617608,0,True,False
0.4483769550910314,0.36545860335594427,0.37099030674937106,0.3666249089016951,0.5816987273307171,0.5125988547950926,0.2836840982649278,0.49567353825620997,0.41015715294388005,0,True,False
0.5718838070288679,0.2513425203076921,0.7342465516047383,0.3767743561966817,0.5816987273307171,0.32561397192177227,0.43008293988605706,0.7029253244224324,0.1789573374614821,0,True,False
0.46521547042575034,0.5002195922490237,0.4259267550400485,0.5002074532042647,0.45454664735251704,0.39977968103064726,0.41090624897983574,0.6726662749270443,0.4310759908899127,0,True,False
0.4452998337482096,0.6533699447019697,0.3591465006123432,0.7126104388292157,0.5816987273307171,0.29674515313836564,0.4153166285013764,0.5064494287221353,0.4604825705255972,0,True,False
0.5197959976265369,0.5348318450742701,0.29470147068776603,0.45165803065510945,0.613241371024236,0.3867752017020038,0.5080364596869451,0.618594794110913,0.6582252830370597,0,True,False
0.431750930679453,0.595394055570057,0.4904381435391512,0.5763046224972153,0.5686068022827948,0.4364934882045582,0.3225988832142358,0.0,0.6953636463082632,0,True,False
0.4745018955815061,0.5723819312466031,0.3315000595690714,0.4349206252842913,0.5236868352393882,0.4795055537461939,0.529576273052481,0.4171234594047261,0.4272998038364974,0,True,False
0.3678897528307348,0.5046531850580344,0.30102983287399004,0.5222940513006359,0.5816987273307171,0.3463340254310719,0.590194117172682,0.47130477358362016,0.5099317350205105,0,False,False
0.43646751148468566,0.43238579727494375,0.34477332974022923,0.5737177761032456,0.5177207398393366,0.2782974910748423,0.43769400257487046,0.768742027021288,0.8724823690980879,0,True,False
0.5593655526262085,0.48982877839141215,0.3088355935756621,0.5049754591772041,0.6001635186147025,0.44062739687246927,0.3292718658233936,0.609739417845131,0.44583049040457373,0,True,False
0.4986233688318903,0.5550949087905165,0.5014565852288011,0.4574775949573632,0.7461477671673143,0.421442871211734,0.26309969998540794,0.3854591661482586,0.7539456564116416,0,True,False
0.6109130297052324,0.6179770095738066,0.635561357573202,0.519350698879957,0.6952411618756281,0.2781848810890894,0.6469303772697693,0.4309361800297934,0.28187710264409005,0,False,True
0.4606699599109905,0.8281514025872833,0.1360561426203645,0.575313533723493,0.4067758527707206,0.3548024301973975,0.5317358320253608,0.4353852871649151,0.42832837021946196,0,True,False
0.5280060026799218,0.4573827981967077,0.3261526117590326,0.6864134187597813,0.7247018183383885,0.22486509336971633,0.8091072459980211,0.6522005386758055,0.44024550871769946,0,True,False
0.5971997019453648,0.6191968645752277,0.466310627428178,0.40584776581014226,0.5149738553592703,0.5072402616564409,0.32354614624768263,0.39780257489949433,0.4284271902319991,0,True,False
0.5442746483538299,0.23966128221237173,0.6068044622301816,0.470299038645241,0.7069702555076293,0.1816290611421128,0.5682156707246183,0.3909650979597235,0.4404704921628126,0,True,False
0.38603647672482055,0.7670570376014907,0.16167853669871501,0.7276866586109585,0.3400612020785741,0.3767143839033575,0.510046270352073,0.5278782654022712,0.48178784010381975,0,False,False
0.5056645369842566,0.32491097015739245,0.3934113628993742,0.4190757576093674,0.8653618841797095,0.28196041741765115,0.26490211555139354,0.7106050918702574,0.7757938818073797,0,True,False
0.5026251502738249,0.6761698591418975,0.5282823324489689,0.4920066039421756,0.6220664378885853,0.42522033578923774,0.4148658939011765,0.44819955191611954,0.538133628837297,0,True,False
0.5115510637601067,0.6924451347542273,0.2193505720964676,0.698404659836538,0.44146112113757496,0.5198541710396452,0.5607774423980628,0.5974718876712858,0.4651112816123221,0,True,False
0.48963906134194857,0.37150692431071064,0.2607638329392834,0.42135449274320247,0.7008442730566052,0.2952843167058134,0.3647086103592668,0.606518933844111,0.6596708842943896,0,True,False
0.5221111719629801,0.7160446079786782,0.3604996562117727,0.5764048358062778,0.6818691675836398,0.517175906685827,0.3936827095719543,0.48732701132717715,0.42681295599958496,0,True,False
0.6652475637785674,0.3108895113574589,0.6840294012646034,0.49127492481560014,0.8188076637283519,0.15094276207214913,0.31295901081036026,0.606011155198867,0.5754609122536573,0,False,True
0.5026251502738249,0.612421193415337,0.4374489167177027,0.47213685478268697,0.8223552407863937,0.6849169616260156,0.6778804693876919,0.4010361871372409,0.5768622688925108,0,True,False
0.5026251502738249,0.7370234637155849,0.5003850292564889,0.4719727631694588,0.5816987273307171,0.27512104843502866,0.5865331786700406,0.6002646451073542,0.3621052069857167,0,True,False
0.4419955752852211,0.7330467011478252,0.20295466623168162,0.46193534998943,0.38141116174323275,0.16311882955979395,0.4656304696966511,0.46149963241504466,0.39632883387606527,0,True,False
0.5026251502738249,0.7020594974364208,0.18238289121925738,0.40422523612732825,0.39394532615726985,0.2477425323630031,0.24775031830566974,0.7134499281616943,0.44477722527732627,0,True,False
0.5689526646646287,0.3776311569313672,0.4097061681191199,0.5286922493703416,0.634365748798209,0.6054019769079266,0.5207902288808146,0.4180565763420265,0.36698470619269996,0,True,False
0.6617422077596159,0.4098656978446962,0.31666390940780015,0.28467702040394327,0.8172538127549314,0.43071830231781877,0.4901528651261139,0.7712579738465015,0.32624707385812535,0,False,True
0.5538603109962815,0.5296412440130891,0.3070019226385557,0.6070502467969192,0.7072964074316329,0.7274562169397454,0.25823058588315334,0.3649405986487699,0.4368118897736966,0,True,False
0.6709922608737103,0.7446978819450308,0.21063953423579077,0.5334318812702061,0.5816987273307171,0.3276172864353378,0.467333062933768,0.405942573260421,0.3022434990168539,0,False,True
0.5840056868072597,0.5590358108681811,0.35359334741136766,0.3827042970147189,0.5433053165183702,0.4954361876746373,0.5144689923828649,0.4942053833083615,0.503369721631815,0,True,False
0.5955497286212674,0.4390304424077436,0.5032012851376431,0.39922988902891393,0.5816987273307171,0.21148323789776785,0.47240858656660656,0.32982401912637554,0.378936936409283,0,True,False
0.5026251502738249,0.5803392460278917,0.1911524754171203,0.5724106188351805,0.5585677385947657,0.5605740616964148,0.5675423840064396,0.5172869625826644,0.2578042647201989,0,True,False
0.5136446326204533,0.37677797531626467,0.3851884629346399,0.6937306563265168,0.780580997456211,0.4960019007226864,0.5626135645294043,0.6228800792165161,0.5333041581979149,0,True,False
0.6152641853488399,0.6837791298120535,0.33726443696289554,0.5691244492701388,0.7094800416469812,0.41481174803552606,0.43709100132080836,0.0,0.4725316881973221,0,False,True
0.5566456551006548,0.7625384089011795,0.28038899587049426,0.6199018171810117,0.3476513944353234,0.4515412125094668,0.2818785787306397,0.43401399370114974,0.36666101310434085,0,True,False
0.2770628135049143,0.4725593812238521,0.3549147706895076,0.5493360916876601,0.4835988787500758,0.4648349755006232,0.3927935585907004,0.5064424839441672,0.6575365996402086,0,False,False
0.5026251502738249,0.42396987132276187,0.40908375274732,0.3141478054855114,0.6294461866929079,0.40605905522215974,0.5065572504910916,0.36703446243901267,0.42990660581385126,0,True,False
0.2841631876654813,0.4112795233979908,0.23171410318767569,0.630833050708335,0.5178393780599312,0.4071712005515213,0.7115511507109432,0.6290279246145557,0.4351608562863915,0,False,False
0.4260046685622342,0.7022289312008836,0.3587051859387623,0.4584045277380528,0.5816987273307171,0.5334063150873218,0.4204210387100241,0.5190670270306931,0.6138628953328112,0,True,False
0.5380041842719444,0.5008290509924528,0.3962447516819854,0.4257614476737922,0.5816987273307171,0.37157443651796235,0.4931129548823091,0.6006931821410217,0.44593872622613434,0,True,False
0.5166813168202333,0.6678787641258882,0.26763347388312136,0.44783099076229355,0.5816987273307171,0.5147037295282912,0.24860976526114864,0.2847265866979396,0.42144357492367696,0,True,False
0.5026251502738249,0.5635968467609187,0.19011369023395888,0.672883576354864,0.6775928679324973,0.34638058706468927,0.43646964817320544,0.4712284381110985,0.322140332518025,0,True,False
0.5026251502738249,0.24651052410543398,0.7512597364372445,0.38648193205178377,0.8766063596207829,0.4206170734091635,0.3298709560752495,0.42899705805552574,0.5223125070235811,0,True,False
0.5343377224001556,0.2525474604067399,0.46033040285997107,0.3405730653513467,0.8120196074074135,0.5081246491344675,0.6183989301929443,0.6133811025991067,0.4282236315824958,0,True,False
0.31979226528274923,0.6850053304195362,0.4354647720731718,0.3515192423688946,0.22410117982144745,0.4817552624172759,0.5373833674969448,0.5946495695709347,0.5440877840575856,0,False,False
0.5026251502738249,0.5802094245313436,0.4070041027437315,0.46792885091662245,0.6152664241243198,0.4174724989557487,0.7718932824198799,0.7430494411488325,0.24375779677565912,0,True,False
0.5026251502738249,0.41652165582127154,0.46743320243454684,0.569020278937282,0.7065276620236732,0.3196414974543175,0.46015673566526605,0.7981421798925012,0.5723182481739616,0,True,False
0.45100553355359946,0.2808060870083262,0.5055916482150816,0.41972136232652796,0.5816987273307171,0.3762977813470794,0.6215795582520167,0.5870746649080327,0.5509294313675882,0,True,False
0.5026251502738249,0.6756156768498962,0.2790640318814235,0.6727596238156469,0.3860915211850595,0.22818651202134904,0.32755198014400905,0.8749769951458553,0.527875909018697,0,True,False
0.6301864559828011,0.6130050057387654,0.43982835172470414,0.5456096151425213,0.5816987273307171,0.35416919317228696,0.5270303088598669,0.633535748488901,0.5607101826975588,0,False,True
0.4944751693326179,0.5019622953621661,0.23580047082305475,0.7463664433432275,0.6024089342156659,0.6632824489848206,0.776479983439311,0.5164399591538462,0.26987223795396253,0,True,False
0.5026251502738249,0.44339890385415337,0.41408244223773105,0.3996320323531126,0.7506866387455968,0.31178039003914065,0.560165046605349,0.48383152457777134,0.40864631770976806,0,True,False
0.4931812041596969,0.2300893327462928,0.5362391206918599,0.1776334681503859,0.6800176154977692,0.4122794186561048,0.38002759862714436,0.26578654427499343,0.6823417372639943,0,True,False
0.4677155458918009,0.46637021076860374,0.6246824896418005,0.552880931020212,0.42352366925959484,0.19172173460655656,0.6598672421660399,0.6541396991001398,0.8470840568314311,0,True,False
0.4700773397196762,0.6170164677304367,0.39667074949558717,0.4293660901716707,0.5159576714666461,0.5158176801813878,0.353802274237446,0.3879047045352149,0.3897465907140298,0,True,False
0.5617606908953122,0.61924577758472,0.37311084442811737,0.5542082923498576,0.6275671079636511,0.407235787345332,0.4822215522865172,0.5830667980982818,0.40384449266313344,0,True,False
0.4383505126522276,0.3785105082375626,0.332326337456877,0.6368576097681441,0.7248121270433429,0.3184959586783351,0.4411380430885866,0.777570257017711,0.6153497859660159,0,True,False
0.49621632426123924,0.4405189096144466,0.2827146088613508,0.47416644020689597,0.7337426804975623,0.3331924613921327,0.4980149946288809,0.5944197935893811,0.21746790180872178,0,True,False
0.44309446483497555,0.60726503204463,0.47787426653012505,0.6013986876365547,0.6838230950403125,0.24181303429428797,0.30834725172501515,0.5238486918492959,0.38531292317792026,0,True,False
0.5026251502738249,0.698977742746818,0.6202382362793102,0.39518569488659455,0.5816987273307171,0.31142750485708653,0.43352055616216156,0.5843894889921215,0.3332374160449252,0,True,False
0.5980836375174945,0.47911947535846755,0.35631289720168147,0.38066867708023294,0.5979372159820818,0.37633926194649187,0.4405014344451491,0.8899180632954696,0.2526620660133082,0,True,False
0.5026251502738249,0.5726395719464866,0.19487701719235917,0.5239008227497479,0.5238512941068044,0.3375648339715917,0.36928402060799825,0.38061723759420263,0.6761714361936454,0,True,False
0.422946219248287,0.5568233044028033,0.28037285654868155,0.5013072429655723,0.4266739568935962,0.34801605069925373,0.34694854026904764,0.2533489381093287,0.43425516363499356,0,True,False
0.6307004412964748,0.6118789944479147,0.2858815160679142,0.5874216674302916,0.7052051839677421,0.21056280198184701,0.5368089230101943,0.5165530240991759,0.5622775650615445,0,False,True
0.5026251502738249,0.5084711836999086,0.21518522727851452,0.5452500770304711,0.5816987273307171,0.5702171531622815,0.6106394838075743,0.6377625005173307,0.732584232340659,0,True,False
0.4880155276833915,0.42381495695357985,0.22483901724679758,0.4464958922459751,0.4337066770779928,0.3645905587866303,0.48416232735137277,0.35395802244574914,0.3205550220136454,0,True,False
0.6629501865248661,0.6111008838645153,0.5960190287632556,0.2780036184845043,0.5816987273307171,0.3528427840612614,0.645014459226205,0.6456133808176263,0.4953633179715184,0,False,True
0.5325893418154942,0.6496608125498456,0.145179703951123,0.42068286420373235,0.5816987273307171,0.4120622584805769,0.3013822087325194,0.5400384886602563,0.5350155847585697,0,True,False
0.5063036411738625,0.45433781148319163,0.41175027186685503,0.5157899535587436,0.6427084796289807,0.20492469813724296,0.43822921841825646,0.0,0.3366695852145105,0,True,False
0.40347346697199,0.43381054649254036,0.23358755585111518,0.5779528599769159,0.5816987273307171,0.29082099909273945,0.325278497201771,0.6048148458629846,0.7411616909333242,0,True,False
0.3067115167710253,0.5256907600555247,0.39864245008201626,0.6191495245694438,0.37598159063484804,0.5147995053521512,0.3294800171153916,0.4290198715095035,0.6910797423087317,0,False,False
0.6912893467073257,0.5112108468332349,0.42822797154025183,0.2913613434341986,0.7581845884686182,0.2509664013247726,0.5639078085457928,0.7356596515755236,0.2986765617282884,0,False,True
0.6187649643849447,0.4573942923382661,0.32857277812976604,0.41365075799541834,0.8828434263248335,0.48639512732107054,0.5395904666835476,0.7235502638479354,0.6939123705472133,0,False,True
0.4212422229173669,0.45196228151903517,0.4967374093801857,0.6495197445919855,0.7515109778677524,0.4284659993192827,0.5406765609921664,0.5987731877408337,0.2858011756317672,0,True,False
0.6781601891456029,0.8248203402844559,0.35396630714240596,0.3846354863456278,0.6694946576370687,0.6987640246324942,0.4381614549842001,0.49797701667260597,0.3288004423724479,1,False,True
0.5026251502738249,0.4571847783665143,0.2954996696908518,0.567174450049131,0.4363203105518463,0.395480811625119,0.6896778704645976,0.6357678668016716,0.5164046333565829,1,True,False
0.5057280756438002,0.5019867329599687,0.6421371839668667,0.6617919960045371,0.44661985853172814,0.3050645062981902,0.21385032081019917,0.31547301475584105,0.007980074740829677,1,True,False
0.5399894506978085,0.7140669938392171,0.4801929964027559,0.6493839164525712,0.5816987273307171,0.1696079884477879,0.3006491641050595,0.8670377426122425,0.5862168663430228,1,True,False
0.5028853540051635,0.5500602734126595,0.36424135041201733,0.5950350120540224,0.5816987273307171,0.6120267316827332,0.4785806083229891,0.46790462726989485,0.46926007813617504,1,True,False
0.5752174058739686,0.5961407487998559,0.6036425061886275,0.6196114937242698,0.3478205729489641,0.5795403417483898,0.6500620778825495,0.5882671409794316,0.3500803356007749,1,True,False
0.5031696656238656,0.6607778708988016,0.20119998082575172,0.5859708799103269,0.7427412623765931,0.6587164429870043,0.5193404065861434,0.2882439845623511,0.5344486809685135,1,True,False
0.45070654115572895,0.3127327767440915,0.5047335468736823,0.5184815658687609,0.3497108215240307,0.34899349179731404,0.574712959797698,0.5714944136672832,0.40707893019003055,1,True,False
0.4431123463006027,0.3326069781542661,0.10470676044344392,0.2759148896262456,0.5816987273307171,0.7345211175182618,0.42789902450535533,0.548106383588796,0.5399034527959338,1,True,False
0.49138606837830595,0.6068362066345855,0.33146661015107093,0.6797064856201167,0.5464958289816981,0.21911096566150273,0.3937664048164578,0.6405386888218535,0.6145717961360347,1,True,False
0.5539203138883713,0.5922869314227039,0.3043384685859279,0.4181410504839891,0.7030201138240016,0.3395749345666748,0.47925666721478954,0.345295550144408,0.695479306963153,1,True,False
0.5654764070596652,0.5586807305225038,0.642139482230692,0.5615217984217273,0.418165074409691,0.4391052699324743,0.598541066897922,0.5638526120428002,0.5341638720179319,1,True,False
0.4575280344125889,0.494882858563103,0.3317453150879634,0.6339156441962022,0.6737386042206598,0.6420359466241048,0.4309883768386864,0.5542351912209796,0.5827038724537855,1,True,False
0.556854128614084,0.6958716774774405,0.4519765695940659,0.4793733409117997,0.6453151368621767,0.5291883167667482,0.6318869105462234,0.4006945797622016,0.5297553733224291,1,True,False
0.49742709650341854,0.482311804583768,0.20617314384129035,0.47531103972605643,0.5816987273307171,0.3095741509740158,0.5413649424844357,0.5319127507908382,0.5747533509515678,1,True,False
0.49770438547419077,0.49512309463384807,0.21475794443803273,0.47794023915331557,0.6896796312624073,0.44024092264297116,0.4744916243556463,0.5296941159229819,0.6510144211377681,1,True,False
0.4730565254604732,0.5384092278023276,0.22296189888935938,0.47057045321123697,0.7339046859456878,0.226222573118048,0.3662212352249577,0.41917369400720095,0.786404010160278,1,True,False
0.5264277586243995,0.6857098527508194,0.30665823573395823,0.5520496692322671,0.6559956376168464,0.3070380819485972,0.6061429538141039,0.46675582955429434,0.3807624195780483,1,True,False
0.5026251502738249,0.31513123270359733,0.12734127021141786,0.389049861939759,0.5816987273307171,0.7311782792545276,0.2702433191059402,0.8080159737463237,0.3637618657312869,1,True,False
0.4960620276311639,0.5478738557468895,0.2722751368722964,0.4688381181117393,0.48439440441867687,0.5055723081480938,0.4921768870581915,0.49007874842287863,0.52772455690681,1,True,False
0.3774864367856205,0.36791331788462756,0.177473874205375,0.5063380806579277,0.5870524462838425,0.5321622088404587,0.44342337951162436,0.4884420392272107,0.48028788659404004,1,False,False
0.48938875735349224,0.5437501249001234,0.24674313614150248,0.5553355559132379,0.5816987273307171,0.33586278891431215,0.35123658912780065,0.6361881356482808,0.6590199552837718,1,True,False
0.5542992403359488,0.5759210789225274,0.5570728689030089,0.5932197148486077,0.4832863337137112,0.2897516089733205,0.6571174377075226,0.6480819096630149,0.5937847700513231,1,True,False
0.5200400254953781,0.656919833354339,0.48221607649188625,0.5885733973213612,0.549013743737323,0.36905757033274605,0.49686548672640707,0.6784955050942076,0.27789676781619166,1,True,False
0.4881614207057541,0.4897583599485763,0.3505325986996033,0.4740233181425348,0.5594695105841224,0.3774598372324141,0.5481478193021377,0.5981133334699344,0.22855802835104422,1,True,False
0.4806410819830099,0.5069813857868954,0.4277905506121817,0.634494062602293,0.5933060854652689,0.5377072188974186,0.5934783394979706,0.6197683742313523,0.5944010460876213,1,True,False
0.572601312472256,0.753839402502925,0.5013259912476259,0.6583104714369471,0.5816987273307171,0.456433910131782,0.3407740412568808,0.7507279816105562,0.7317102392514382,1,True,False
0.49035119567502866,0.4475856837770177,0.3307350060099292,0.5261888793736214,0.6730702320684948,0.38380364372281545,0.45225568997736343,0.4126576258885766,0.5754862486630502,1,True,False
0.4149268228504882,0.3994321141613906,0.12550871020499907,0.49535720660593335,0.38063662718518154,0.343115304543502,0.58241528257722,0.5575368815636678,0.40649141648929604,1,True,False
0.6041997848677565,0.7049038057052067,0.4760791907533963,0.42514876588667305,0.525197314038209,0.2572237384364681,0.6167050306342333,0.6796335067196377,0.44950489901378615,1,False,True
0.49909537706849555,0.6405786792986057,0.2164653015013971,0.43202974036770103,0.5816987273307171,0.5217051978479468,0.5257246186256095,0.5867681717569802,0.45760876944053724,1,True,False
0.5206240472333582,0.6766457122768849,0.5138410435458194,0.6404609219300941,0.5761946340831893,0.5395795347527876,0.3841127121137069,0.2520162273910475,0.3935308492053479,1,True,False
0.5797393053778319,0.6432232681598122,0.26587853591286226,0.3865902898439574,0.5816987273307171,0.4111379475121352,0.37791193338569024,0.7392234133221462,0.20344417393047254,1,True,False
0.5331368536592477,0.6095464079679754,0.4405040745764829,0.5816763450350637,0.7214108838967496,0.3885919428106564,0.4818809076241717,0.45609302834643467,0.6855442625183242,1,True,False
0.5365972297229873,0.6421646406060129,0.28855188086618055,0.648378145933435,0.5816987273307171,0.5086191509104927,0.4462984108740793,0.5990895898959273,0.39058471303078307,1,True,False
0.4582220336934345,0.5259346121911412,0.3117761861944714,0.5082818388248196,0.5816987273307171,0.6089729111622628,0.5295570366190502,0.5013350164079238,0.8740794127616367,1,True,False
0.5042814453181158,0.4765222796546814,0.6430160143731252,0.6449403600522121,0.4328776500691457,0.5924348243630599,0.3293288018208548,0.6093487245780769,0.28359592032118375,1,True,False
0.5026251502738249,0.47997296930890365,0.4167423076313791,0.5428814252419513,0.5816987273307171,0.22664562591687548,0.3079797266881408,0.33536138089366974,0.03966711750887452,1,True,False
0.5303644445158612,0.5696729743573212,0.3002647058839588,0.5544025634113213,0.5374057649580037,0.2753328249625277,0.5381132189287633,0.7615267567709345,0.20963750129013226,1,True,False
0.48161588558991403,0.5868336554702825,0.24903869948698096,0.5558013165928957,0.6307753234042325,0.3975977673342053,0.44909125135565264,0.5635738557213101,0.6645249839999109,1,True,False
0.5487802460605579,0.6179248299166981,0.5061807136488743,0.6003653850588986,0.5816987273307171,0.7225887656005288,0.3829207498640421,0.6200758435166018,0.39567613669098295,1,True,False
0.5029761012436554,0.4746374523546678,0.41208948978601245,0.5026028022732968,0.5324361905430643,0.36172478115944223,0.35850945526240485,0.5883258465293338,0.31192024266249807,1,True,False
0.5132340320584937,0.598679584461276,0.41578858014642384,0.6098248793957363,0.6359365857264142,0.44381444791897545,0.257863695406077,0.6073484086889553,0.2853382157511035,1,True,False
0.471235168796668,0.5236112834193152,0.4058435826504691,0.5434502849398637,0.7577167911418967,0.5596641372349578,0.47875061433754984,0.6434426757367265,0.54231525937875,1,True,False
0.49348950595097674,0.49878934431707744,0.2732785316672173,0.47376548064899376,0.6316078754080913,0.4421833437247558,0.3683119429166674,0.6217111638295849,0.6133388950036179,1,True,False
0.5026251502738249,0.44376868115276924,0.6067108802645785,0.6008477402391091,0.31786332061941475,0.47749545902011886,0.6291838246480539,0.5093339050849638,0.4015392524294528,1,True,False
0.5026251502738249,0.42968591715010973,0.18464332164860678,0.6241999950976888,0.5816987273307171,0.32841324086415075,0.19930529411190684,0.5350306648346567,0.40708823767973806,1,True,False
0.4487074235056298,0.4094231425371242,0.2754122364073915,0.49930152745945505,0.5002235001773566,0.42486432514015054,0.4664738270252671,0.32890777157509143,0.5686764824076734,1,True,False
0.5026251502738249,0.591011359234562,0.22151202966822217,0.6282804052373369,0.6064766404627747,0.5387016262265278,0.48367446448804063,0.5553646575316106,0.3470167962203248,1,True,False
0.5259223476572965,0.4840031654031792,0.33017897118941686,0.4941515748789274,0.5816987273307171,0.4474981287729332,0.28640485315905906,0.5540808477367406,0.34022308152278335,1,True,False
0.5263633670467598,0.5468859539903467,0.4582628915542137,0.6690968004641868,0.4562094106132154,0.42487843614253923,0.6113698841529283,0.2503724063885535,0.23921094446561175,1,True,False
0.550579284909255,0.5134927748597858,0.2485012068648502,0.36758636936745365,0.5503912898353834,0.597295817500757,0.5321913213046652,0.45876071450377914,0.6516592754533809,1,True,False
0.4645794842677375,0.4508311994297417,0.33710531743354555,0.5755765082179726,0.43492107491473764,0.3112257358645653,0.4320027930643089,0.6724234576523237,0.7461945816391088,1,True,False
0.58470881552236,0.702041059451539,0.3828922009922179,0.48997640681674653,0.5388423267059784,0.3998792038151287,0.4180042480194408,0.45574451874055966,0.4002543288011046,1,True,False
0.4392275123966759,0.3740826484829899,0.33289600802904007,0.5131045553382119,0.5816987273307171,0.43746375905872154,0.40725594519930197,0.5164357758033319,0.5342436896280455,1,True,False
0.5057461300801314,0.541281381448894,0.6016773100381335,0.6759126683199459,0.46960608751262745,0.6095370488702265,0.44528955340700527,0.6899062333439212,0.22971186524054077,1,True,False
0.47345909624218946,0.6086993169907451,0.2912408373759656,0.515051795343121,0.5816987273307171,0.33744568701754113,0.3609607010224197,0.6263310835971204,0.3696877705300451,1,True,False
0.336049890122644,0.40907905253493215,0.07893302848893595,0.6208273137820981,0.6497476337154221,0.285402563077548,0.4605184723895728,0.27218780111139773,0.5029163758154139,1,False,False
0.5697786338341124,0.6795531957592196,0.2469351112257002,0.4214502448451397,0.7049901032874596,0.7556930909728838,0.4594357781812607,0.3908575348596264,0.624618629427015,1,True,False
0.48640317965539437,0.47983808225873825,0.5694029799299826,0.6520535003063921,0.5816987273307171,0.31379954153508055,0.43805937699921416,0.5839587202132757,0.32781311626287113,1,True,False
0.5026251502738249,0.4724596862508893,0.32845165158320555,0.43033814546325966,0.6380886809875036,0.17168775668981529,0.4507402761101187,0.35538110015507834,0.4882335675162644,1,True,False
0.4976926202258588,0.4701764653800343,0.3705042071229359,0.4758461689235584,0.5291667249235705,0.570606363723902,0.501457390648039,0.2841881604804921,0.637102874678061,1,True,False
0.46032536930051876,0.4323780902839166,0.4028303509548028,0.7154881666503443,0.4499959973129124,0.5211000003188995,0.32555814390716326,0.5266613042324493,0.3974107315346879,1,True,False
0.4484101773850454,0.3704542813806251,0.253348477015279,0.6188454892243744,0.5354688401356358,0.741292382584622,0.4987884426105933,0.6649694992361311,0.7194199174172947,1,True,False
0.5026251502738249,0.43342200656276386,0.3426448216373807,0.4882959287834407,0.445698091652751,0.4008061371194325,0.501556082283542,0.6073017006161563,0.19955833363886988,1,True,False
0.6438826238800813,0.6454141548468919,0.7994085882747817,0.44232117691285733,0.476182691442086,0.46215084546966784,0.5384717190325086,0.6746047400780416,0.5860123676721208,1,False,True
0.5558331256995164,0.6142756454670264,0.5702973330592251,0.5817771694066388,0.5046246404773489,0.46459600960386155,0.3222047857818394,0.29314862560283655,0.6377325553698702,1,True,False
0.4345971511563733,0.3911590657309434,0.4431255697341211,0.5843545342461351,0.5816987273307171,0.44679762054154665,0.40067097587415323,0.0,0.5384970541741904,1,True,False
0.5110525628860623,0.546680086767566,0.5313089145267854,0.674807141465267,0.4377701072208028,0.612247009282596,0.6745703896530539,0.6586687376194421,0.6012395038975357,1,True,False
0.4820579678431774,0.43149208195025646,0.36374180176218346,0.6687609910995869,0.5358066122077879,0.6050022249902176,0.4068685778446476,0.4445673670597022,0.3521483769881313,1,True,False
0.5805907192317732,0.6664521911630055,0.3223582448074141,0.37470360071585285,0.6251369518414822,0.35775854412971714,0.49111436131143804,0.5078853843337037,0.610463635062137,1,True,False
0.5026251502738249,0.5723894554502419,0.3660109369824144,0.48014165139186044,0.39098693992796074,0.22999710734728235,0.36105764889517167,0.22442340169805178,0.47806683567031244,1,True,False
0.4525487958511366,0.4230749225977861,0.431374579782313,0.5502353073503352,0.5949182734876348,0.7442724854885636,0.4877068938072845,0.9111557955389555,0.5915789733966411,1,True,False
0.42431970546068487,0.46503246419349475,0.2767552999148612,0.7873843651781864,0.5084717330370818,0.3871646800958493,0.4962453612034884,0.597235342179544,0.48174885061400846,1,True,False
0.5439198313784829,0.7203649585162141,0.5422600577991927,0.6160887130572277,0.6158805018231849,0.46214741973314527,0.3281107634453416,0.7920580207030271,0.2913179985473151,1,True,False
0.4798749603497317,0.5447582586137547,0.3402390257524483,0.49148137063201586,0.5909677367608231,0.8044678834223371,0.5116668859874011,0.5106711901718539,0.5745706780706009,1,True,False
0.4904540367900001,0.5012821804189784,0.224253477715322,0.5237905772276716,0.7000357435868864,0.49146979716372247,0.5745207526247336,0.5988852206646941,0.5475805564467665,1,True,False
0.5026251502738249,0.3440267133464252,0.34294796525998605,0.7162963104534052,0.5816987273307171,0.4340343686812222,0.5399508734784495,0.47236701000843895,0.21771933992826997,1,True,False
0.5395603296601292,0.5978861959416542,0.2298361494593309,0.42591091125127467,0.6642963019231994,0.47048698854871746,0.6121257838456331,0.0,0.5529521364734084,1,True,False
0.5261908563876658,0.6774539747173018,0.24999475695294945,0.5870371992603806,0.6678557601386649,0.37031892631033886,0.496612162351428,0.5191730669252052,0.3676404372645937,1,True,False
0.46912568666193477,0.5086632137309591,0.32567486761838754,0.5437581542631394,0.5816987273307171,0.3653753533963768,0.38903816826681004,0.6853399173035166,0.44893704647731875,1,True,False
0.45240286045190997,0.5005743369671996,0.2985792916719882,0.48694182766349253,0.6475886053410943,0.32408233004533965,0.5455796712918275,0.6167868834701072,0.4787298799907212,1,True,False
0.4208866561266022,0.3334527402127492,0.1754352845572723,0.3882575665466074,0.59747044621942,0.4634196585612787,0.3205774237871393,0.7216732057084962,0.35201610759783086,1,True,False
0.5655742264497667,0.5438155199364386,0.37070282678687794,0.6208967068943094,0.47254713149386296,0.3088412946985915,0.4121756721960235,0.5756547139215801,0.3660634927606201,1,True,False
0.46779464273898347,0.5326409788917034,0.1164388720718306,0.42935267599328586,0.6414816402425275,0.31398216422571484,0.3629191762881157,0.45901394326981065,0.5617430220287388,1,True,False
0.4860568675012396,0.6404382446633744,0.2770669867008184,0.5292072369500999,0.6968402775989658,0.2854455346567831,0.507945725839543,0.4820086143700498,0.6423355193390466,1,True,False
0.5026251502738249,0.5644788738812974,0.3248461877885435,0.6520805918094712,0.6315805200015009,0.2877402097713863,0.3584789936975937,0.504725928304667,0.61529088573168,1,True,False
0.5125836335764029,0.5762332623901332,0.4182494597541415,0.5826009353583014,0.546214040204622,0.5311986818529355,0.512447391075869,0.39277279501960854,0.6226066834155396,1,True,False
0.5060782773402902,0.5776180493121319,0.35303684672368213,0.4334986563904134,0.5816987273307171,0.3604636905806889,0.5930995522230246,0.44040568647997047,0.46943454201549467,1,True,False
0.5144073124926313,0.36373593040248453,0.6072948094091339,0.4168650581016988,0.4265664072965144,0.3750804322812287,0.4262883143911348,0.5102050421373923,0.46005864974443705,1,True,False
0.5554317223304849,0.6097449153718525,0.6333407716477435,0.580248014406975,0.6058066322367363,0.2936867031910923,0.15036878766597622,0.5281026599307223,0.7517386905698831,1,True,False
0.5026251502738249,0.5887728145021028,0.32662120605162337,0.44564210866796905,0.5533279188580301,0.6259953127372586,0.6926815993772268,0.5840989668971958,0.5310056223517775,1,True,False
0.5033248955011631,0.29398937001668723,0.49664634176409056,0.3207141004079542,0.4338392632389997,0.29164684989194817,0.4958622822000128,0.4658313536572524,0.2683354323727858,1,True,False
0.5026251502738249,0.5528411226016475,0.20218654744926443,0.5897756157316014,0.5784017903389133,0.1964654520113846,0.422127817522154,0.43656291505238554,0.572995725305041,1,True,False
0.5523485769855503,0.5153497797158149,0.7667817445586413,0.6164168139743373,0.44907185344390754,0.6754088296152574,0.48965724184722736,0.5716945138116056,0.3896252607964414,1,True,False
0.44762856771362264,0.5092553172390168,0.44751186441551144,0.6880310766375326,0.550855023157953,0.16711649236285742,0.42491386688096,0.4763538204875298,0.41649550494893334,1,True,False
0.47358940778447406,0.4116491742565026,0.3650994064610489,0.3877412136376832,0.5954902853812168,0.41166506504314787,0.5208084835500318,0.42623057081380017,0.7054646421275571,1,True,False
0.4839736523762249,0.3878986070598661,0.24963695029587632,0.44869924399891375,0.6079929848777609,0.7283187247119844,0.5715916953819011,0.449335756793178,0.2963782011578644,1,True,False
0.5026251502738249,0.5705834479679164,0.41637390847252587,0.5971188057320751,0.5388089840505448,0.22759430302678402,0.6964305811449106,0.5539625344366226,0.5433512725273298,1,True,False
0.5832137447265633,0.837559152188842,0.4716152599286044,0.5981146284330832,0.5839036174725539,0.3555063027405975,0.5826293413750561,0.5149418863860864,0.512856023778883,1,True,False
0.5552684383895072,0.7400680627405113,0.35082890737563754,0.4573706457997898,0.7558667140557005,0.30487929708341904,0.4645422356670166,0.5423107750182278,0.48987984161323145,1,True,False
0.5210815236927955,0.48958491564809725,0.219767978657523,0.43333738572775654,0.48748095310348305,0.4252210468184196,0.6077957878505451,0.5930368579748048,0.681812067366076,1,True,False
0.5026251502738249,0.29907032672514156,0.1409712883828001,0.50691983403038,0.5640184825625053,0.6010940525019286,0.5922379645031156,0.2551263018656293,0.4522809578566072,1,True,False
0.5469672662915148,0.665191618592072,0.5703074427573657,0.5718048451071914,0.6679252098893486,0.21709142375221507,0.6238082914789387,0.5797981106244937,0.6319772078758025,1,True,False
0.5474852516679755,0.638924863483746,0.3273684084497282,0.5505608057884014,0.6310852079668867,0.5745528531092277,0.4599701550070008,0.5878086520976744,0.7622784901389619,1,True,False
0.5026251502738249,0.5891868274825324,0.3250235794824992,0.5157778264184812,0.6856894397397334,0.27537116891933194,0.3502897306908906,0.40906093693068424,0.41019959111342846,1,True,False
0.5571729492077824,0.5921038846419022,0.32102382294688886,0.5426751938893285,0.5816987273307171,0.46709407268594766,0.18485621058096346,0.44673543059176435,0.35846291959044585,1,True,False
0.5188620783394691,0.6136935136398792,0.3134517237019198,0.5151043396378834,0.5816987273307171,0.2106635117458619,0.6517620997437382,0.5433514357425075,0.4746232016937593,1,True,False
0.5388789739726156,0.5934852885216797,0.5588663936396209,0.611725503855306,0.6727036913172136,0.46521426427023554,0.6265700508858926,0.4821010977621868,0.42807646718282794,1,True,False
0.5535552702952458,0.6603665218760183,0.3558604288989175,0.57901536554698,0.5438181813858046,0.3795709425643398,0.613138532768145,0.32715879091441874,0.5421036675503265,1,True,False
0.5315730774302387,0.5344074956742446,0.5622535810254544,0.6372874852218504,0.4710846095739899,0.29483037110867266,0.6422227589771505,0.6426986524857948,0.27314259257693263,1,True,False
0.4685180443494988,0.4251263033227267,0.4981305754885707,0.6653831798839794,0.40770389152726727,0.6157115413557221,0.33556726685593613,0.6727485465649314,0.5230317670924406,1,True,False
0.5025026282283439,0.6277653601421449,0.3189418090307464,0.5250397538732099,0.6900325870478986,0.6202581918805039,0.5020472503962986,0.5448861643269266,0.5874510995788974,1,True,False
0.5629061387644917,0.6477222567134282,0.31467933355058547,0.45844023503914705,0.6457905990310829,0.5086663109334648,0.37529653249989947,0.44045338810677265,0.4027195710120712,1,True,False
0.5355980327890093,0.6865719681153883,0.351613003897689,0.4881852127697132,0.7905905024719557,0.20583836038848285,0.7102553104643148,0.5482334143280458,0.5279337869209749,1,True,False
0.5026251502738249,0.5569183088765086,0.20325573708750858,0.5762648306586171,0.7558727347150993,0.49407498949812495,0.4938444114898577,0.5101861506517283,0.4360182307926274,1,True,False
0.467014798047397,0.6077828376683683,0.19717948957186282,0.5438819316761758,0.7408929915287256,0.49639680012641046,0.7620460470959758,0.1930422461043855,0.3736559744210338,1,True,False
0.4552348622263095,0.48433362170181526,0.2821046423424091,0.47903243868937556,0.6781583525527045,0.40236773421228195,0.36010136376074836,0.0,0.583873847880149,1,True,False
0.4111768349636218,0.45173528315794664,0.1275055179826064,0.5442370266479472,0.5713530375525842,0.45688721053891984,0.3511398872893231,0.7720180971240085,0.4825262841362647,1,True,False
0.49414731699599856,0.513184513188493,0.22545309774452454,0.4571579453198482,0.5816987273307171,0.27425837958984595,0.6000038622385744,0.5354369603515241,0.40013205930270307,1,True,False
0.6295360471160069,0.6854055141898309,0.6627143380479217,0.48976709759841125,0.495780186903248,0.1693973376770153,0.4741784457792422,0.5852143958521157,0.5279750166836134,1,False,True
0.5258285594000198,0.6687215534133565,0.47365872243758633,0.5931823395931086,0.6990788824771818,0.36335694683988345,0.4464795544609661,0.31473436153339246,0.4351651771114909,1,True,False
0.6553990108991332,0.8493617329992188,0.7804115933776814,0.6245226058785134,0.5277488347026619,0.42114320087347307,0.2976680435086372,0.5138043159718497,0.28543857453350396,1,False,True
0.5026251502738249,0.5270746893888262,0.5258599565788741,0.657426968184284,0.40645625700073584,0.7003431463757404,0.43613165104277807,0.5167695326351474,0.47316968071738547,1,True,False
0.46791979947754564,0.35682671485729744,0.4063468814343362,0.41991222489950575,0.4437651839297363,0.32897860193149403,0.2473089955653937,0.0,0.638083936295304,1,True,False
0.46506111507675724,0.6399482822541587,0.24342703787814063,0.5726444865783044,0.7396831897493198,0.44690679060402655,0.3787366216472179,0.4186292240666962,0.5247888780312312,1,True,False
0.5247878825443819,0.5519990451392467,0.3078882042083374,0.42386162074045275,0.5908415628154403,0.4052231948460137,0.3939648426425283,0.45477181912327524,0.5384535262157281,1,True,False
0.5794252264542338,0.6160297449049071,0.6216689559909405,0.5402835190972218,0.5195860869912119,0.174143402848768,0.4148628602742874,0.6315335939469868,0.563575431254088,1,True,False
0.5026251502738249,0.6879124104229236,0.5765144873084532,0.5687396230229698,0.7168055755634283,0.32096861728962595,0.43118284273857177,0.2653037246771511,0.44922229106813155,1,True,False
0.4275008893512472,0.37697491009513473,0.3256560821266617,0.5770091966243464,0.4149631323494527,0.5190941754955014,0.6059871939767918,0.7976767593004789,0.4375306624151201,1,True,False
0.5026251502738249,0.5994854118812475,0.4154834196421001,0.644867668375967,0.5955831952047405,0.26015093990997,0.33918920952206305,0.5170612304146724,0.5235820700830848,1,True,False
0.5026251502738249,0.4120793169571978,0.4147775965271602,0.5044942578095042,0.5816987273307171,0.5001166620237327,0.4561514974115355,0.418567459967599,0.5793485750453807,1,True,False
0.4595515966273118,0.4708896541633095,0.3283782153348237,0.47177440133651005,0.6932685476078176,0.33844796352303935,0.3633964740601044,0.49400320147614096,0.4143486429273971,1,True,False
0.48357822473908996,0.5593882094532792,0.41977116774035006,0.7057168444492806,0.564210693196122,0.5908741357269418,0.5946475206011693,0.7246908959927262,0.709673164557645,1,True,False
0.5662835394800452,0.6430692906752559,0.4446354171795409,0.5106300527972294,0.6087149461122867,0.23507488417060812,0.45736093315026216,0.25718004078825457,0.6423260090794926,1,True,False
0.5242018650437663,0.6621399755729699,0.20166168620064456,0.4401947611122613,0.6315325986144965,0.33116016747263394,0.6585952962645918,0.6428067632307523,0.48535850245784634,1,True,False
0.5055972195793558,0.5476417414902693,0.2680785148577479,0.5149977219046208,0.6236615651208128,0.5085035214015836,0.5766136545508683,0.4777862920870705,0.34287478373473446,1,True,False
0.4822620447720016,0.46922345263875165,0.5207932074182976,0.5933395661464707,0.5816987273307171,0.4995369225922864,0.3453987639659684,0.37963358940921477,0.43206152695000727,1,True,False
0.5531518013881986,0.5657190890792481,0.34613948915388937,0.5691774242570163,0.5800941133787149,0.4246589514549402,0.5651268478028302,0.3868079784879506,0.40882211990199163,1,True,False
0.5400280016307374,0.6376690293674635,0.2367265284722563,0.4993824403618295,0.6903629386528668,0.5243566864970959,0.25672064105359954,0.4980957694258775,0.5308763675963383,1,True,False
0.5593291136120476,0.6014583585242351,0.30375283274740184,0.4793043224223011,0.532829794242822,0.3913465331694686,0.5621607411728089,0.4475651023493661,0.39734694895257844,1,True,False
0.4819239263040616,0.3877521350660982,0.40745381109095563,0.6374875828840801,0.4144073602976487,0.25985427153932766,0.5281085208083478,0.5614484072225383,0.3848621623138719,1,True,False
0.46730584191492425,0.35773030591437394,0.5852404306969123,0.6439669658254489,0.5816987273307171,0.5115317416796887,0.7343443137929723,0.4331370750717807,0.44319444747998954,1,True,False
0.6106923224362845,0.6871055547418354,0.28744752691588366,0.3444436448512836,0.6023235238212098,0.4225279001887095,0.5024230944752286,0.6505922766662571,0.300438415312298,1,False,True
0.5357031787111192,0.667799095658075,0.363373081107054,0.5846581183956445,0.5816987273307171,0.3488891327243245,0.4650669791759997,0.0,0.607651649930606,1,True,False
0.4116980576470595,0.4920042241985366,0.3563633089307335,0.6732599557008521,0.5816987273307171,0.34116395894622603,0.319823691590227,0.5075510442237814,0.3409340341643906,1,True,False
0.5197759375149309,0.42934126442501686,0.4938074553982166,0.5858034235872042,0.4343283321828669,0.5143966723650075,0.3879763829969744,0.6706194063233265,0.8761150224779579,1,True,False
0.535235058280593,0.612821117760856,0.15013862754280297,0.3597284819689014,0.6035288019486442,0.5593365990514139,0.3466477863760022,0.42359658875405515,0.4346278899084481,1,True,False
0.4368588557109393,0.40370014855207603,0.36383923605862484,0.6352301561698163,0.5816987273307171,0.4852756485430941,0.5093978598939082,0.0,0.4791659725108413,1,True,False
0.3733496594456081,0.2890383295707657,0.12455843869294234,0.5017556564117039,0.5864882687568047,0.5138481202344085,0.4032570765275149,0.638331464191379,0.6973068236788106,1,False,False
0.5026251502738249,0.7563570915463261,0.24260368400562057,0.6364321816177432,0.6617930115420673,0.5071070547437213,0.4739820646983939,0.32085556231781803,0.33615821496077014,1,True,False
0.45861715760082433,0.4819182264629256,0.4221830132856473,0.7325729031039517,0.5111994944772297,0.5098829224857586,0.5948044439408885,0.4612827615430021,0.31951980982553596,1,True,False
0.5477866097513093,0.5736968622359822,0.18484964110661334,0.3061666608175334,0.6452180309375312,0.39561834730831097,0.3306147455925026,0.6693531487724876,0.5935929198453088,1,True,False
0.5091473039464585,0.5222089166007491,0.40893342067857275,0.489694272184611,0.5404383472465365,0.4158739866549012,0.40863471908219057,0.6306119584923692,0.5786718214358789,1,True,False
0.5026251502738249,0.2230192723747215,0.23241280319537538,0.3950028976681878,0.4323438249888285,0.5783744422568715,0.4909499383137991,0.6971609962106228,0.46238836495899466,1,True,False
0.47252500963666094,0.4781011465734175,0.4280664061026513,0.7011475559100564,0.5816987273307171,0.5506250344337855,0.4056166806597733,0.6289397269260942,0.567865998248071,1,True,False
0.4646340158815127,0.4053441477502414,0.21479147128621298,0.5171259666436441,0.474609008364983,0.31212366082822857,0.5148218460560025,0.5092916871926852,0.43457050502976285,1,True,False
0.5327945838012675,0.5353681529124992,0.5393954637835042,0.5635517795730153,0.5816987273307171,0.616731267890007,0.579848717951602,0.3052852305601877,0.3960581435859108,1,True,False
0.5026251502738249,0.6320137482193448,0.5245530720613107,0.6585704822299836,0.49700712863130525,0.30754933290217185,0.4068866113510756,0.4108016956510239,0.6343030000638278,1,True,False
0.506860507214692,0.6314156545314137,0.27778885598742287,0.6911524804765319,0.5500000710051587,0.4565109701154891,0.5508122718604035,0.6278016794743377,0.6306744900611388,1,True,False
0.4992458697891744,0.5450061608537867,0.19422930572152208,0.5974298307383972,0.6025046962454241,0.21353703161760845,0.4647849157320736,0.5688603588299174,0.4543481849198738,0,True,False
0.5026251502738249,0.4980536036062777,0.5255252197498136,0.6297132613517246,0.4656930418939109,0.7618331484049943,0.23557495294584724,0.4114737251308515,0.7644509291348054,0,True,False
0.5926947055565513,0.6347820076199141,0.32835981079356247,0.5455858037466802,0.47762514583647664,0.33685893509808335,0.5202771181718195,0.7521241757234776,0.5135385656402957,0,True,False
0.2747467107210162,0.5960463309246544,0.23585986623168367,0.5640604876110967,0.5622014397279652,0.3318749275303035,0.7496233526499188,0.2843011540789174,0.32017974460724763,0,False,False
0.5026251502738249,0.4624208329848103,0.4707208812260465,0.337253325443871,0.8190771855335841,0.5025002632914712,0.2995493411875202,0.42680670146458644,0.41956075551224564,0,True,False
0.6700005065724645,0.43105261180138077,0.5278688462900706,0.5472042785647244,0.5816987273307171,0.5540340931284822,0.40535959179368003,0.4547655990119655,0.5891952535388597,0,False,True
0.6427410730485077,0.44178405610115623,0.352493661782983,0.5926698291328941,0.5816987273307171,0.4466797136508968,0.6138772013021537,0.5880147607309985,0.579870104944341,0,False,True
0.4064562445974947,0.7028993567559444,0.22596837778054116,0.42168002869940246,0.46718990916722813,0.5539814862195256,0.8641912785395913,0.5678222186966557,0.29090962963118216,0,True,False
0.5215402463842436,0.4723782142982471,0.37960510198402836,0.6853242460134458,0.5604359579258978,0.5193296998806782,0.4522373856175613,0.441704233990877,0.2505125636800041,0,True,False
0.5022631464746987,0.5570350461059315,0.39716061320792184,0.42788834619780175,0.7734236719646659,0.3324817617850268,0.40792409836686006,0.7176131604512959,0.5619555412001481,0,True,False
0.310619642359989,0.5435209002212295,0.15642224632491183,0.8187035606205518,0.5816987273307171,0.19981463631050295,0.6803921897790454,0.6572051232681537,0.5503781530017807,0,False,False
0.3781568135917265,0.6777106301776273,0.4349349858162613,0.2551356737200519,0.6834872757436478,0.6810968519126566,0.40520204172187413,0.3564576477117817,0.3918423318608692,0,False,False
0.5184236424902351,0.509023191403975,0.3945964695486342,0.5357537198558179,0.5816987273307171,0.2881970369813251,0.33306332250701776,0.4934462051166033,0.5326002195785312,0,True,False
0.6607494027912922,0.4969676692982782,0.36824192082133844,0.5518327017410332,0.6988264484702095,0.4459317201053217,0.5058605648849482,0.357376728685629,0.48144057084243214,0,False,True
0.6914624841764686,0.5517014146745078,0.5351731070108394,0.45211775654658587,0.5816987273307171,0.4893101383204796,0.5329378642618721,0.6149976361302185,0.2544602249499096,0,False,True
0.5026251502738249,0.4989688909722748,0.3192395484769078,0.5599289145004162,0.5816987273307171,0.19584245501891068,0.41127047899929714,0.0,0.2964615183688919,0,True,False
0.48151755863436485,0.541912718169025,0.38164866171944567,0.5669341698660136,0.5299953464378684,0.5572338973409523,0.3625698530715422,0.25182524889958,0.38778040724025725,0,True,False
0.48655016213537683,0.7760746238849878,0.24346510305237642,0.5247833399058277,0.5816987273307171,0.37824606373939956,0.3752304934913278,0.5315478357386378,0.34505736577667434,0,True,False
0.49763878299173725,0.6364285688863224,0.41243898795600137,0.5504331305856193,0.5816987273307171,0.8146523782400164,0.5820414750190006,0.30824298498291575,0.5496182894366518,0,True,False
0.5318635042226617,0.47776082061891245,0.28638058341926814,0.7455589079195794,0.5665956259429402,0.3193977227410532,0.41312226309846145,0.3919556770339994,0.2833536469488458,0,True,False
0.4436176861610444,0.5251684430824213,0.3121041287825028,0.660734723007146,0.5816987273307171,0.38453458264131285,0.6140035351496931,0.4911182358372949,0.3331677027580926,0,True,False
0.524396222297923,0.5086850631269432,0.3440125321578073,0.5817614922232048,0.5816987273307171,0.26335263552680604,0.5610089689227978,0.440372142445344,0.48698122438246255,0,True,False
0.5036711732729129,0.5077654870008855,0.24796213564574446,0.6668903136149913,0.6038186674633458,0.6650364790607903,0.46285849440078486,0.0,0.3255986224356494,0,True,False
0.47447242211273843,0.6496228833054138,0.22016321408853673,0.681703871278381,0.36490994159639273,0.16365569181901612,0.405334475316486,0.0,0.4457781809078362,0,True,False
0.7247350342737493,0.7062944659985911,0.39944555410860905,0.3484440316670398,0.6194623377510063,0.29203059559377903,0.5906053234644705,0.5862597179937082,0.5731806321605869,0,False,True
1.0,0.6828107366006168,0.3889263927319241,0.41354434664454826,0.7161243400709753,0.4883399210832777,0.4311317056470503,0.5851070702837274,0.3253911654014492,0,False,True
0.6049669499828118,0.2944883386330327,0.24549378499428684,0.8120175030906884,0.5816987273307171,0.6502697231490648,0.5644010811512765,0.5597725830279331,0.5104090183884745,0,False,True
0.4316580050462718,0.37620359655909075,0.3921787621149018,0.6310819458672285,0.5816987273307171,0.401192582223803,0.30210919990698837,0.8668362263614114,0.51932813317149,0,True,False
0.41722277425364457,0.5338743741041293,0.2857016476242343,0.41442637668009813,0.7992448360604865,0.7720083526948769,0.591170141835715,0.7490766876818954,0.5270486704275584,0,True,False
0.5796189589896276,0.685769897763223,0.4319797852562057,0.4629966091974785,0.414994754149263,0.551720112495264,0.6279131894089579,0.4670972837322857,0.22775467766381507,0,True,False
0.39893692845378603,0.3484809607136866,0.35979481423048637,0.6967399189090231,0.6800188271712883,0.44703496968033546,0.35920364990367765,0.41932126987025453,0.5101801768466351,0,False,False
0.4217138214894262,0.5398877218858222,0.31324007465410986,0.570637536088948,0.5660566104203824,0.24929564854572311,0.6247269073692673,0.619978595138503,0.4481038411590725,0,True,False
0.7345804345815415,0.7323106897322851,0.3766127213308129,0.23321064247154813,0.4414556417358426,0.5025409715216953,0.11450063047462257,0.5426215394223954,0.26368552480921603,0,False,True
0.6841590514541123,0.5742522173548295,0.5378699950716713,0.41548711774226643,0.646813866251977,0.26507616861187006,0.5664736178204933,0.5530340902248129,0.3723272380161111,0,False,True
0.5067736309998686,0.3354281821497488,0.3062854771627655,0.565162536818798,0.8352851667715206,0.6064132084888296,0.6266734332734155,0.5509449926732845,0.4118849742781476,0,True,False
0.5026251502738249,0.5923737658165261,0.19551942876680853,0.5165542822328736,0.7339952688310963,0.4206340622177594,0.47819324847497224,0.621313378755119,0.20169580638531237,0,True,False
0.6919471448471558,0.517718574078491,0.3026230109994041,0.5261061910863238,0.5816987273307171,0.4889081416916064,0.26463115573204776,0.5150837136529736,0.30929012422892865,0,False,True
0.4662457563952311,0.48474745501529937,0.3632326392189304,0.7924052346948375,0.40582487739946194,0.2965417584841317,0.37533966048942635,0.0,0.4002988309148752,0,True,False
0.5026251502738249,0.5302928132441975,0.30263344278310206,0.6522905416050541,0.5634186751503842,0.5186925597161913,0.42041768394184087,0.42134605582052215,0.17459589599711464,0,True,False
0.5531980394540101,0.5857563529168563,0.4486767042502746,0.41256925951843626,0.5789944805595538,0.37697014531823875,0.39410696384579996,0.5877444533832331,0.674290262619999,0,True,False
0.5920874478727125,0.523870134339484,0.36458222109635763,0.5970375541837519,0.5816987273307171,0.19476320015811815,0.6055049302154767,0.5828039519191958,0.5371528276261596,0,True,False
0.5178040951803993,0.6393785104353358,0.3938998353206982,0.5511167877357181,0.4165048979329874,0.2191073430989235,0.28725121084940985,0.6203180693794211,0.5504795398323684,0,True,False
0.5531498951048782,0.6247070002450081,0.5005851023958418,0.504006345346744,0.5816987273307171,0.39091549777345486,0.40455084727663565,0.5649253110737245,0.6909034309849357,0,True,False
0.5026251502738249,0.6049651797117074,0.30712331143682464,0.5700762500301715,0.5816987273307171,0.41908334167332445,0.560373148895748,0.5994664262447512,0.4796525496334387,0,True,False
0.4921624670732925,0.501690824305031,0.19533549791432928,0.6004646616834236,0.6296550514115559,0.3723940293562606,0.5695362798441393,0.6968394388839395,0.5011716678183483,0,True,False
0.4319557754661879,0.6643438492987525,0.3276747338858809,0.7051897566196645,0.5021624861153504,0.26588206204581005,0.3982317269716467,0.4426655080841532,0.14496685404719492,0,True,False
0.826340568993869,0.5277354713496962,0.6389085751015212,0.6660479301305765,0.30393791935945597,0.49304358953722077,0.6677462445106563,0.6551778258121429,0.43699913562025366,0,False,True
0.726059896929875,0.5327350845696326,0.46948710547220984,0.5440069405769208,0.5326956974588036,0.17081431728320995,0.6226938543422406,0.5056258899733023,0.2812792975276489,0,False,True
0.6230222303207583,0.3547967208690366,0.3273130317969151,0.8062621116627106,0.5816987273307171,0.753410055310701,0.41583678565728077,0.7633228911853003,0.29481739392144,0,False,True
0.26555028107073625,0.4930046239417616,0.238404081265394,0.7188234803355101,0.5816987273307171,0.1966111778110285,0.41158202800692045,0.9031414982893908,0.44058588219496636,0,False,False
0.3495912909712609,0.4973692212421862,0.17406421822441284,0.5565324993258516,0.6358259631010766,0.2748883067642372,0.7442420839736008,0.7323419558512472,0.40555697941992236,0,False,False
0.43365595871251195,0.32932396810667763,0.23858942651525764,0.6059914589250794,0.5816987273307171,0.36340969374925064,0.5679513979421602,0.808870048476779,0.6780741451481461,0,True,False
0.6451831036266227,0.3947653505579184,0.4035154528251785,0.570460580439009,0.8167770020452618,0.28199665310211236,0.43676491854557764,0.5010798821872781,0.4114456188134909,0,False,True
0.7081216997699012,0.40866709039194704,0.5222625251477638,0.4506861772045722,0.7848622418886009,0.6290660823314851,0.35809669595793575,0.3678660920636504,0.7760761467957975,0,False,True
0.5026251502738249,0.42913189073753133,0.321779470655973,0.5421644998502396,0.6333683123738438,0.41730044474918265,0.5967836553526933,0.3672205576511648,0.37400187671498164,0,True,False
0.30208746849029466,0.5812182776652274,0.34304240925059504,0.5082229214666452,0.49789735201081187,0.5367969721341672,0.4325449825123613,0.5238400310412534,0.43167698425176265,0,False,False
0.6525322816862181,0.673734934571616,0.5218568329470815,0.5007981424386947,0.5816987273307171,0.33128113581845015,0.5415623099421362,0.5513381421689493,0.4147640012393165,0,False,True
0.27904053673478935,0.3822629821761253,0.2879306032644414,0.5488109705779504,0.5550165797556978,0.2814069111655097,0.20832177305849103,0.604106263807424,0.33178213762731945,0,False,False
0.5274320634038956,0.36585819226738137,0.23145467231435002,0.6835982441775259,0.6219972690923838,0.2362398172441194,0.4327196565209843,0.47154437083881867,0.7351081682907689,0,True,False
0.5026251502738249,0.4833241374055841,0.137450509160291,0.651255806040141,0.7599587133842529,0.6170321967207748,0.31033666267135346,0.7051160536219293,0.46579728489413835,0,True,False
0.6088783116374161,0.3423321770493185,0.2025610485251951,0.8541985009481226,0.6200258329531251,0.35953299959713286,0.4057455015637973,0.5584778652873027,0.5469955612696523,0,False,True
0.4075807777945963,0.5502003211181943,0.41858865152972213,0.4721366319467451,0.5816987273307171,0.5286974693516573,0.36159413159156045,0.6387692671730538,0.5438446531089455,0,True,False
0.26536938284890665,0.5500754197827996,0.25580057325761035,0.6425986911664932,0.46048311584009405,0.3328852510687988,0.37446656060091216,0.0,0.1707956400475414,0,False,False
0.4657034131600111,0.4925569033129775,0.22926554380146774,0.6291254687544466,0.6933816154716875,0.5489714656118858,0.36162738614541307,0.46992300139758286,0.3445426519380881,0,True,False
0.5650457795758795,0.518678814153501,0.26500660954259686,0.39941103604810124,0.753644269051519,0.19706765462455772,0.5922855038865349,0.6626455997959055,0.46069251086699364,0,True,False
0.4705331869038481,0.5939137764510636,0.47071283549793086,0.6678407231538006,0.39258625698395555,0.5655678655131375,0.4542027031845305,0.5536051246070186,0.5004426463298607,0,True,False
0.3071449528267274,0.6198507247080668,0.28435364781882844,0.5616686695385986,0.5761845927582583,0.42445026370407607,0.49064126679494346,0.5623211629349455,0.5930135006252125,0,False,False
0.6125670838906716,0.6083046336743682,0.2537963825117573,0.56209573938483,0.5339293429901852,0.3118712138715481,0.488301724381753,0.6386882609441289,0.4825351975657602,0,False,True
0.6346381787891879,0.3549094872304237,0.2840504305978877,0.6196457226052132,0.6035766438154306,0.18432349155240108,0.4978821338496996,0.33709540802058585,0.6171607964669542,0,False,True
0.7503400142865195,0.34943160390135364,0.5089674909862336,0.5774172153633197,0.7782093366807452,0.5416236384899473,0.3756257639047364,0.6076788311345351,0.6109597961837426,0,False,True
0.5026251502738249,0.6225884162494253,0.5044440243068475,0.5025696067360352,0.3832068045470286,0.40217510108745597,0.5367405339551244,0.5688263409780672,0.10108051929985853,0,True,False
0.49619411131141655,0.6047982648578978,0.5356695427345485,0.4017423387670499,0.5807436781175611,0.24026886811368892,0.4065117323506574,0.12126102776213608,0.6589120872773387,0,True,False
0.5790779867884324,0.6006604216251464,0.3975113470126313,0.4606827701050227,0.548523431221348,0.5875685692542043,0.46559507307280146,0.4796473005373431,0.2494165382399558,0,True,False
0.3506356945901158,0.41282007531605136,0.21666032874273705,0.6148111098857064,0.6087688468438548,0.6185805345382605,0.4657510081261279,0.573631087779379,0.5192719789374679,0,False,False
0.3642119334086456,0.5430358392808214,0.3507326582785073,0.5795620426981919,0.4637420911048782,0.425248907447165,0.33439043875634483,0.40955817705591907,0.5452197702147296,0,False,False
0.43522085101584723,0.5857116706643123,0.3470195691222232,0.7239673912137111,0.3819368930273983,0.48531520087336505,0.6550484629208957,0.2455682638396709,0.5811226648035707,0,True,False
0.7167095325237333,0.6029025819794862,0.4123105277971751,0.37972113770909166,0.5397543608804646,0.3161241588148154,0.45189506329748186,0.5458516807947216,0.27444421770570515,0,False,True
0.6413569817605398,0.6008871187112271,0.3071897091177081,0.3866548866019133,0.5338749256284063,0.5100325470366716,0.524562397473033,0.5301636970298437,0.606223630610072,0,False,True
0.393910557097824,0.6576321537955978,0.5750261100591202,0.31268949992265505,0.5816987273307171,0.6026462953979641,0.4877770905345816,0.3735336749411589,0.25489854444675564,0,False,False
0.5026251502738249,0.556446666491398,0.3353088501441817,0.5130323351203125,0.38531740473625065,0.4701823856291288,0.3068640845057374,0.5659294983723543,0.44600358362113995,0,True,False
0.4808055803014227,0.6590575333435105,0.2419652386979223,0.3731747443586895,0.5308631581053914,0.4589850758152982,0.4437769802919179,0.612807185819717,0.518147859592558,0,True,False
0.5137115734787143,0.6564497431368123,0.24750375584778653,0.5515931607652955,0.584544621409032,0.1983563375851864,0.44951315447615425,0.4057241042560322,0.5015539876711895,0,True,False
0.5026251502738249,0.5185156040690121,0.4958957331156895,0.47150287697046106,0.7347900374387667,0.350738646362264,0.6511617546878484,0.5915838272840321,0.6595555291236016,0,True,False
0.5091222292709304,0.4579679560314318,0.3117681154921727,0.4838663172499212,0.6918068938610461,0.1991786406844031,0.1943831184856314,0.7143558187388159,0.36796841206586517,0,True,False
0.4022886422798551,0.5669315056932309,0.3123649675206378,0.6024108076757734,0.3873160300263758,0.9211059619643518,0.5192433868480452,0.5553854905089901,0.38986289216101117,0,True,False
0.5026251502738249,0.4954370414857,0.21410417942120932,0.6971942310787335,0.585431972711346,0.5000541522790001,0.6659741613284068,0.643720148868647,0.5598520703178412,0,True,False
0.5682161671498326,0.7144345795295131,0.5267845165355559,0.23217573742416905,0.5074659416684736,0.44141669406973355,0.5384859539286534,0.5430933602083031,0.4737978305974521,0,True,False
0.5553606786415997,0.5359123297460333,0.3613553000035844,0.45034283854139584,0.8179662783145838,0.33248082340413815,0.33579244995571694,0.0,0.6143850928183122,0,True,False
0.3691671662961264,0.5761420541532917,0.2888602834462039,0.8522896628286291,0.5816987273307171,0.30814109486531455,0.10355892980929775,0.578821538596817,0.452101082395127,0,False,False
0.5476800614404893,0.4204467980788512,0.40577653447386447,0.6189102190433008,0.5698284958546952,0.4378423031037751,0.5317433084111973,0.7168117535245938,0.5990101540140903,0,True,False
0.5194544426711698,0.6589061003123511,0.2640749672921159,0.5665560567919811,0.40700125046944846,0.5895260981689965,0.6007262675170248,0.5384174940690701,0.4814863622568529,0,True,False
0.2637094780667653,0.5625120344120433,0.14971929601547415,0.7821233756529055,0.5230763003041314,0.6333766968959547,0.5071335127365354,0.5230087188793303,0.45313045101323507,0,False,False
0.5026251502738249,0.6300326550773873,0.44064005953773233,0.5889578635964351,0.4137673560522934,0.5081889137277846,0.5195179085502659,0.2837241158267917,0.6123946316261099,0,True,False
0.5494659667039389,0.6289161517543951,0.43289323935412805,0.621073233581799,0.48563626279016103,0.6698212491774636,0.4468113077790947,0.6188276978567077,0.5809098059958288,0,True,False
0.582679863046869,0.6852300399768679,0.45332398975694144,0.45805682361921657,0.5576899601491768,0.5772471669897234,0.42841282962679683,0.6486099394928035,0.5708887385602898,0,True,False
0.5134118461596252,0.4959324320190721,0.5057739740147581,0.4716860947857849,0.6360696751854663,0.5085002360226061,0.483061049567982,0.49671340507240735,0.44131608614227996,0,True,False
0.40639673884283645,0.5619775796019847,0.28195311409627355,0.4045679703261592,0.7277700417694569,0.5206775943214057,0.746857232277755,0.0,0.4314937162526496,0,True,False
0.6256303229632018,0.5432990816614759,0.3160792758532692,0.5590162817152718,0.7040247323409629,0.5891345083827082,0.6508015718135803,0.2843375090532364,0.39280872731423416,0,False,True
0.7010176763266132,0.47255711776987175,0.4967470925224274,0.47294929081482545,0.5816987273307171,0.6211967662668831,0.3884675945342349,0.36930317932125795,0.5421688951622131,0,False,True
0.712090944349269,0.6876908402917352,0.43712653172933513,0.40992366161935123,0.5832622815689186,0.34563462260145067,0.41410650666372106,0.6932149269199269,0.4147058073390614,0,False,True
0.5026251502738249,0.47779027466584356,0.29489790724291204,0.5888750850119573,0.5601411690009458,0.3772563649054806,0.2773321583357174,0.4633470086590971,0.24727866097503104,0,True,False
0.6535090507339963,0.4180435939625433,0.3471255478405818,0.7411878622429329,0.5816987273307171,0.5597240281583398,0.5159787063549669,0.6729855959259851,0.6344566479636377,0,False,True
0.5026251502738249,0.35843740455772344,0.41543185677978645,0.544481367857756,0.5816987273307171,0.4943542351342574,0.23581866365095372,0.5538087541888623,0.4032676060711357,0,True,False
0.4172008253189292,0.4006303211989112,0.2588622057596058,0.7127984652840113,0.42195318043598073,0.6446584523586876,0.37051272586276196,0.41788277720654654,0.6805565374213084,0,True,False
0.5026251502738249,0.5895030629605037,0.3012403520478172,0.321037371984661,0.6209164116755227,0.5212433109292829,0.5322978885945076,0.5521667547492699,0.4390391515645193,0,True,False
0.35583371788582885,0.6293927947154208,0.3393271469168098,0.597547428876817,0.2941471595386767,0.33599395887851985,0.38448947733616906,0.36679617275851617,0.571969841198641,0,False,False
0.3873798925989779,0.5022676732983875,0.2906089084414285,0.4735065179953913,0.904517743893221,0.26329276447725275,0.21133103938787923,0.5402775180263968,0.7136802483540529,0,False,False
0.34561222190879576,0.7026100700762313,0.2956586393792133,0.5519560590686347,0.30826139124922375,0.30390662931725937,0.4029636851469107,0.6057039688721629,0.591864618868725,0,False,False
0.5645752407790612,0.6178620753645737,0.38181709631038796,0.5589842812216246,0.4265159475779057,0.6411925227448065,0.31147731800461254,0.5228094851539495,0.31901690708693864,0,True,False
0.48171887580488637,0.4029962095920425,0.26242931417069587,0.530873853288995,0.5816987273307171,0.582774510594505,0.2733294382024352,0.30669882416945293,0.39404915158322357,0,True,False
0.6188553442686506,0.5785121204820045,0.479924308366792,0.44448342129076607,0.5966306365402388,0.2592022164332823,0.2658966797761707,0.5113316452870452,0.42337707716189626,0,False,True
0.29722228344069646,0.48715373930185135,0.4185850413310178,0.6405189041656453,0.4779107235950868,0.38087792289873107,0.2736909569378018,0.3723781928233576,0.513942557869807,0,False,False
0.6082840905270628,0.5980319651205428,0.46354216968006323,0.5380325783021058,0.6067769594819004,0.2802380103303889,0.26067611367787275,0.4866641903486563,0.13531512217842404,0,False,True
0.7142719614566784,0.6082040030600024,0.5441328231719637,0.45730895729550713,0.672939537686659,0.33653933397606856,0.44413924653560055,0.6257735712938957,0.22877248283674212,0,False,True
0.5027208789680644,0.5712580885789039,0.3987463377386035,0.6049436997457747,0.431057995144171,0.3223898502845219,0.32979145013515115,0.48007043576933756,0.5270746090752702,0,True,False
0.20025450410265483,0.5030683670268699,0.19045605605306554,0.6489263489042387,0.5787692737590974,0.4653429036936824,0.6238384986652973,0.7054846059435096,0.3856945731583384,0,False,False
0.42661428345689995,0.5043144882278481,0.37440548536142954,0.5213740673649747,0.5816987273307171,0.46293870064244497,0.5461840580586951,0.5188201924194322,0.7023907705337943,0,True,False
0.5843396661275946,0.47388984185951355,0.4154405086643075,0.565329319603881,0.7468617699519963,0.300814187836903,0.6723910994885927,0.5967557335127119,0.45290656169252147,0,True,False
0.5007316696814547,0.41601221798883226,0.4281055673715556,0.490849118976556,0.5816987273307171,0.6874033157179225,0.38612985388464893,0.41286601578393756,0.3458132590619536,0,True,False
0.5842778887931747,0.7670514173314119,0.2786360135105392,0.3782708125813665,0.5816987273307171,0.4424526741324572,0.40662942364614,0.40854205714591035,0.538048351570927,0,True,False
0.5026251502738249,0.4174248221152478,0.39933288235202163,0.5413364215825727,0.5735448740752379,0.4077351690751993,0.3595154577400945,0.5939233965883116,0.33385141598255585,0,True,False
0.49036609109532814,0.614136274168488,0.21685944234597868,0.4122498935068992,0.7763910132181964,0.650742695259561,0.5169643971211545,0.6947808891411794,0.4736535658286139,0,True,False
0.5679154702724933,0.361584369483159,0.33669736395883454,0.6946477508667358,0.5816987273307171,0.5130116933520048,0.3262161114465077,0.4828537515097393,0.5849282295854462,0,True,False
0.5026251502738249,0.5688458974193512,0.4268978164536026,0.43722080340354424,0.5816987273307171,0.5347296208440104,0.6976171855939952,0.5646720059312687,0.35083906184495584,0,True,False
0.6843706087663451,0.6379010504350577,0.4592605216592394,0.4159241280025755,0.5816987273307171,0.3794564993876109,0.35060414459864414,0.35563368975210413,0.46874220901893265,0,False,True
0.5196254896328687,0.5356921121938947,0.34767862647735,0.4868172017110774,0.658175133756837,0.4142452664026625,0.3518215884101837,0.6530610242075175,0.5334809446243988,0,True,False
0.5026251502738249,0.7740994997135662,0.18853224830462476,0.3842403134863454,0.58813190375516,0.42418624424467205,0.38769894328330373,0.5635583177664537,0.258286016106946,0,True,False
0.5733409468528312,0.4421667765988997,0.30945236508279866,0.6050486232587015,0.7855206449879952,0.2956911685835208,0.4972235239390801,0.5457150770985764,0.4322146862457719,0,True,False
0.5628245167403564,0.4452755696180466,0.6022372255294585,0.4591172244331856,0.6166044960869074,0.5877202019197414,0.5238225971379176,0.5530754392031263,0.49465482395177635,0,True,False
0.46064079213583325,0.689280426131447,0.30235398277653913,0.410792198980921,0.5816987273307171,0.09365690157859552,0.358064252707535,0.4541343605871501,0.43662813411600426,0,True,False
0.37067240494439435,0.44907696099069594,0.19651444052788014,0.8167905927768622,0.4892495921285722,0.559711478663814,0.38637293171496406,0.43594891061228674,0.6478111173410975,0,False,False
0.4670060062213028,0.5440716408462166,0.25708555010248624,0.55365515385649,0.4110985366567097,0.4733746294794882,0.6277762211197977,0.6246273334429449,0.6983834603202806,0,True,False
0.42255762496506455,0.5379629228840862,0.19884428647767988,0.49390342077006305,0.7150665470291383,0.3259025644430183,0.7318255532654506,0.7273684892032976,0.5791644052694279,0,True,False
0.5811784191973292,0.49620537960972766,0.4878135645063255,0.4589673040738277,0.6949758379724852,0.38318570950716074,0.5014858863627855,0.30057192518475984,0.5207384854917488,0,True,False
0.5026251502738249,0.5094137062880417,0.4796169648139707,0.5971848844567109,0.41329753153249615,0.5030058641826542,0.5352188392150308,0.6343197993059829,0.5930702133879967,0,True,False
0.4638402981880684,0.5720824846443942,0.32017066679331296,0.46911650976141755,0.48115122959146017,0.5265494222352107,0.3817906390321705,0.7199276205675621,0.6543601853870592,0,True,False
0.5026251502738249,0.5727643369265286,0.40754092959069244,0.41389440885388723,0.47464979780579963,0.6064368158825992,0.4104026523573788,0.5580691372947234,0.6513196542061287,0,True,False
0.4983861166774243,0.5735802978620482,0.2590871126723612,0.40511148698809224,0.6884680539656932,0.6135400709767673,0.31212927578272787,0.5827907982734171,0.7331413371076828,0,True,False
0.3920891467780697,0.3160348365018083,0.25709005740438845,0.7164274776774772,0.673845965130975,0.4147147540751211,0.40987108988341464,0.4627774116634272,0.4796770827385605,0,False,False
0.18272162851571905,0.3629360844055761,0.3447193505807602,0.6880809132128461,0.5199951841657287,0.39325833434571106,0.35707544364057364,0.6696271621092258,0.25850975922606545,0,False,False
0.5222935216941996,0.5527218741450053,0.23347015581548802,0.6634374601843303,0.4179132842862545,0.5342226879801104,0.5774580759487999,0.563008939203369,0.6946250585217336,0,True,False
0.6110069264207626,0.5233246290395859,0.5219764061880735,0.6076990279672123,0.4677314377023193,0.5901117015808877,0.2439685665441566,0.46506192134579616,0.39962372092663406,0,False,True
0.4788879937886,0.367838491137532,0.21357560046903978,0.5296646107860092,0.5816987273307171,0.3880979295261369,0.7124280201604449,0.5647166384607404,0.36780709823894353,0,True,False
0.5026251502738249,0.5342454110267763,0.29591586787529267,0.5682846706449342,0.5816987273307171,0.24284359002405892,0.3882466321145621,0.6034048464050069,0.5795655764628064,0,True,False
0.573450302964353,0.5707519067761742,0.3298108464537649,0.32716878463180316,0.7877976726193161,0.5842199241803478,0.7417188740993257,0.5663482471471674,0.46624897150164385,0,True,False
0.5026251502738249,0.43748264399439885,0.2995329449189411,0.6426736893949399,0.6141659169325506,0.41557075851177866,0.6229842987883873,0.47834863676315276,0.285958209697006,0,True,False
0.6154874590299761,0.6577301670097793,0.30875903338802624,0.521767386215718,0.5649929218724273,0.3533096734701821,0.48119757018194154,0.32887610609457746,0.5926575275769658,0,False,True
0.6762235021704427,0.4417335560806225,0.5425448285133331,0.6347154431715797,0.5310912609723627,0.46906713151422524,0.3140534727156204,0.5970120392553929,0.32410436636576634,0,False,True
0.48526418818408634,0.6521543994390969,0.23230965867291853,0.6355780004000868,0.413159256845429,0.31348979813876104,0.6590861839800426,0.32088227813332815,0.6377307706082119,0,True,False
0.5026251502738249,0.6612210306166233,0.3632404813463352,0.41880038536110964,0.5453788035621344,0.36293419117915077,0.5096376629007268,0.2718454369086208,0.45399021371837284,0,True,False
0.5026251502738249,0.5113061799642582,0.35389262322813053,0.5314577090483854,0.7949759729522838,0.7600434519892809,0.2595551125734337,0.478411976507228,0.5054338209480124,0,True,False
0.3918613287371765,0.505142085940306,0.2679244192070473,0.7401784387593596,0.5816987273307171,0.30507296102167386,0.38522076381067666,0.0,0.5875794091712788,0,False,False
0.3607677414273361,0.5233746574276549,0.2944054572140067,0.6079150802707631,0.4409135279311991,0.33619741873869374,0.607104685469427,0.7391891906758866,0.46895266833257326,0,False,False
0.44615125465521105,0.5501319345246848,0.4380567055117726,0.5836409751190843,0.47701422927461057,0.5198174046273107,0.5719549145612458,0.6819697575399264,0.6249117060580954,0,True,False
0.5815950652461763,0.6323010768542788,0.4841423113195606,0.6628693408009266,0.21854657348522483,0.6560602837392031,0.32711876289093367,0.47682982642695554,0.6154028985414232,0,True,False
0.48949279179580923,0.40134567305875735,0.19035025995475016,0.5700952511050064,0.7305255666366063,0.5108945694086717,0.5647269918742366,0.5026485969153678,0.5945851037312894,0,True,False
0.6287095396651433,0.6473291511326426,0.3831834599429231,0.16490091547632318,0.7937316585539487,0.46429062595861875,0.465165430376695,0.3412479997897467,0.4386144708107929,0,False,True
0.5026251502738249,0.5545197269723564,0.411042461390795,0.528629772201918,0.498956820051623,0.3720538757710679,0.5313170977275302,0.6252777698049993,0.34598002231313607,0,True,False
0.5988401207540887,0.39725441635290226,0.3546915180168735,0.5718067401437403,0.7117040699893761,0.3205530939995856,0.3668185559185016,0.5039491518133425,0.40380726689960317,0,True,False
0.4625814171643459,0.6104267391823778,0.3422415084669155,0.5707203341547841,0.6234540864635632,0.2336142510301899,0.43460460581953775,0.36857269192099235,0.4899943744591532,0,True,False
0.7067544377549031,0.29436375611359267,0.4287751956313667,0.6596256355692616,0.6270716783568969,0.5231777987352468,0.26459052929723104,0.5240003378618204,0.5988906939356079,0,False,True
0.3434314105268106,0.5032012907762339,0.3086236082452649,0.5246531396325074,0.6545061950010777,0.6924918728378937,0.23388078090758524,0.5874891590148033,0.40608053870919897,0,False,False
0.7555664642888954,0.8364564813885434,0.4651607858400289,0.19050633473372902,0.7109537214461293,0.26707274130125475,0.49087711171775283,0.5229663493856669,0.3028186281462495,0,False,True
0.45035511854760174,0.731434356340757,0.3402853524858125,0.3995516709597764,0.5816987273307171,0.26701500534935235,0.4938345803793508,0.4223011852743552,0.5239753703720468,0,True,False
0.5587494201791917,0.584727593689104,0.3610118483960604,0.4303974652902469,0.7928947682203158,0.5618617831229582,0.5339361047090618,0.4839770708327785,0.4509987083402261,0,True,False
0.5706697309982093,0.5241508330778702,0.2696908258957153,0.6426949658691424,0.5219431805368859,0.43720914007507977,0.4663275179761881,0.6262348510858596,0.4157201242576514,0,True,False
0.6908426261064916,0.30170031507257533,0.4909129721133569,0.7011461316993064,0.6854371133490166,0.4028924519723996,0.6062837235761864,0.6118813399513547,0.4622998422910069,0,False,True
0.42437611114015494,0.4806917195855075,0.43085074363261705,0.5049931700407204,0.5816987273307171,0.43801966411991405,0.4763372173986863,0.6059939707186984,0.14697880040941672,0,True,False
0.39819684627913293,0.516042049679655,0.1837499863526961,0.6551054311918997,0.5708015356650192,0.26203423175675417,0.6060149758832892,0.5309879898541636,0.5524307357329593,0,False,False
0.5436078007567355,0.5853844581134107,0.5618076883459304,0.4108508770714784,0.4908301151774258,0.5058180885376002,0.5160501031097953,0.280922376087974,0.6130115181411643,0,True,False
0.5073176155879783,0.7108691636651059,0.3804564713875806,0.3476116172232485,0.43844001752504824,0.2797106701730893,0.5315238915373058,0.36422657013614745,0.3054468466813266,0,True,False
0.36805284276408684,0.5002330042741349,0.41619334460859986,0.5845384929940957,0.5381661461159816,0.46940819651571214,0.6169185413035764,0.3943148444966876,0.4523776084688184,0,False,False
0.5215331169906205,0.5741547826038879,0.38514626658480455,0.6127567420485505,0.5804587942742078,0.6087880850248915,0.3889774362159502,0.32689768081418824,0.47130069368432986,0,True,False
0.4360661295460256,0.70275422619614,0.217036319193917,0.44333056859229797,0.5863025830182159,0.31852203441743804,0.43128290947598635,0.488274674783245,0.5070774413067479,0,True,False
0.42867017433197685,0.5058268725043329,0.365050979764495,0.6293450218295479,0.5744240506270952,0.4606159067047308,0.0868495007338536,0.5290906001807053,0.4890753946103931,0,True,False
0.5026251502738249,0.38304741442447143,0.46274484678991146,0.6319763212327909,0.5816987273307171,0.2882309158986632,0.49573384997872916,0.38655027878137255,0.45015761707052254,0,True,False
0.5632627856727128,0.5817698863928712,0.19765931922184246,0.5499540197303818,0.6021606056100427,0.5558678121133382,0.45383871863663294,0.7860424111281058,0.7525713733223454,0,True,False
0.5026251502738249,0.4077045423238894,0.38741912724924993,0.5032936220437974,0.6823947198842047,0.5096422515237071,0.44796299034439513,0.6897555237210394,0.26615375392369833,0,True,False
0.5485064702332771,0.5710285157888655,0.3482298193789332,0.6131819600809567,0.5816987273307171,0.4614550999769345,0.5406186178532526,0.6269725335533581,0.32838409055635076,0,True,False
0.5026251502738249,0.4226645684869833,0.31517215984342445,0.5343856801227836,0.7523234788233937,0.7105911110100349,0.48439362063936475,0.553851602919194,0.5142605441969753,0,True,False
0.7422815990743398,0.7809793911897605,0.6369746607446712,0.22338835873940585,0.4452124355201533,0.5103185984884133,0.4253137259915132,0.5239312684035953,0.8171137758145317,0,False,True
0.4796330270158546,0.6859468195190768,0.5397837838027308,0.3605884093879103,0.5751900708178801,0.38726828730702284,0.48433647346872444,0.0,0.5943966122183916,0,True,False
0.5249752412122215,0.6811183362022057,0.33037974463236575,0.5343083696500661,0.5816987273307171,0.2167205225031214,0.407322355828722,0.7330294556717677,0.45598111028976035,0,True,False
0.5026251502738249,0.5391921657111665,0.3681907488524927,0.5754004283233155,0.5581287510936357,0.3769657896450804,0.7238161822878865,0.4153836453313276,0.4278898967167027,0,True,False
0.5246527440363368,0.5612874622309273,0.27438612935340445,0.4587576576376569,0.6602848136005318,0.7323682447376421,0.5785341015903022,0.7166836913730129,0.5384750975314866,0,True,False
0.7247921125811172,0.47295282946465866,0.3336545096065111,0.4233067614934071,0.5816987273307171,0.5357879728372898,0.5474070086020664,0.3882056933260733,0.25514097532049396,0,False,True
0.45576552250096425,0.7928536566388761,0.3436427600661195,0.3524332316417027,0.6483555673940425,0.3089953299961688,0.9504485291634482,0.480276037376293,0.5827225681923637,0,True,False
0.567189068834002,0.487280395730576,0.25511067744372073,0.5086468652578613,0.5816987273307171,0.7053198353654218,0.3214611755007566,0.6589150638871779,0.752852467428101,0,True,False
0.5026251502738249,0.5451069986162864,0.5078411394029239,0.4618726466473294,0.5816987273307171,0.24609896488022326,0.46251810010055827,0.5995867971784139,0.46445949800486835,0,True,False
0.5561953350136284,0.5250342374915232,0.45587980442080955,0.5327554997131094,0.5701453447572137,0.2551271698050344,0.32495590710627714,0.41924893159183246,0.09670550757842947,0,True,False
0.4516457367196272,0.6533449346390512,0.396382858250101,0.46261711927715876,0.5816987273307171,0.3820238031215178,0.6020173329232836,0.5712484177075582,0.6238276112822653,0,True,False
0.5026251502738249,0.4456401569944832,0.2336291201749264,0.5867243771652324,0.7570248775453459,0.5331454273736007,0.44435163741075234,0.411139764004925,0.4431902273259262,0,True,False
0.4746898126958113,0.4455614069440186,0.3794547493961848,0.5256019608671775,0.5816987273307171,0.5803550706907035,0.6921332733868604,0.6341199072082292,0.5143992744815503,0,True,False
0.4296099879570781,0.5732880889007501,0.3767642760835034,0.6797471032391657,0.4384287885501168,0.33210942865035326,0.5618263665076896,0.5863915358062995,0.23370556647937646,0,True,False
0.7204836599860667,0.5161570849742939,0.28324849904171007,0.5121511196385358,0.5816987273307171,0.41121567040170154,0.27884122836739594,0.7476284531748472,0.5453057375015674,0,False,True
0.3690161407019219,0.32021301327220886,0.19273992835331624,0.6485399500765204,0.5816987273307171,0.3160456448189473,0.34427409541134585,0.6111296568580531,0.5971486848800106,0,False,False
0.39808579689381246,0.6592247381842665,0.2510779611090363,0.29791794178283687,0.7228947855199387,0.39797026264277285,0.32765914642745625,0.5112728667185896,0.4064330989808394,0,False,False
0.6781827661541108,0.7512095274690114,0.46253424446412794,0.45100647804920746,0.5816987273307171,0.7685414678969169,0.6213775298541782,0.5249797714284424,0.4123855401198577,0,False,True
0.6454645962678401,0.5509405042616923,0.35095018063118183,0.43977978502493176,0.6283084883672388,0.1871529142565917,0.42913367985366946,0.5867182702600541,0.7963668865582831,0,False,True
0.31432207418767594,0.2608056659071144,0.30832867670366554,0.8925169203506865,0.5816987273307171,0.2569095599494415,0.4870539724132973,0.3944322599773245,0.4841764271090278,0,False,False
0.49824231008363,0.5749468470665628,0.36719943490054946,0.4364586483886061,0.49725521908606485,0.45514972237262735,0.4336418437385302,0.6266440587947938,0.6582454467486459,0,True,False
0.47769641286346376,0.4092573016884554,0.286765639244374,0.572084263924076,0.5816987273307171,0.11617250434076742,0.5838886117053862,0.6986637867647508,0.7770816670100114,0,True,False
0.49053726458161884,0.49054803524764934,0.3271627674807015,0.5099861060435469,0.57326160679873,0.41767246696055,0.6035564017922773,0.4813389328076841,0.6404363781111856,0,True,False
0.43966065436133517,0.40656784295616255,0.31951838938835136,0.7616132959365557,0.5145593558259058,0.5659169494344365,0.5581840658585397,0.33471349542974077,0.44505738584305193,0,True,False
0.5930902714630377,0.6709758451214257,0.2664326438315425,0.46900373033675574,0.4888416684466038,0.37396525752577364,0.44406073049657446,0.6318469201762045,0.4618391003794244,0,True,False
0.6172595768108486,0.576404005515745,0.6442082829559099,0.44210150609614945,0.4589827617067821,0.2867938887609735,0.4792568091791982,0.0,0.3718330959553273,0,False,True
0.5026251502738249,0.6247633661285582,0.3593993925308728,0.43233198341492496,0.5816987273307171,0.379523624130726,0.35641056052077214,0.9059905764292094,0.2919756494531789,0,True,False
0.5249008022273046,0.6067781795032583,0.5323138908307975,0.46959131285638955,0.5427513494175675,0.4486431755900168,0.5207882845287499,0.44318976019429546,0.3960176342642085,0,True,False
0.5409932809548625,0.5759042758483741,0.2562213652354466,0.40490537736478976,0.5816987273307171,0.48290592143593075,0.3582613148941425,0.0,0.5597899686522155,0,True,False
0.5611361691407939,0.5887722616706937,0.3206442555890786,0.6017121069723762,0.4865853525509576,0.3269229842864842,0.6254868642606992,0.45838031218322084,0.5108507903050047,0,True,False
0.5026251502738249,0.485896275008024,0.30518517574000137,0.5372484949487044,0.5593286348777385,0.3054649645127802,0.4821010242228102,0.7520782386825727,0.48468085875978956,0,True,False
0.27131364638748035,0.5157441199667707,0.29896528523794724,0.5116444016608203,0.7587613065152425,0.3213891090909459,0.5006257048143162,0.6972360560159124,0.6397254410065029,0,False,False
0.5026251502738249,0.6785827976794555,0.30732409643843706,0.504416109616737,0.5507937028384239,0.4476542029122484,0.6095158823268817,0.5305384390559198,0.3902621490653628,0,True,False
0.8025304255115028,0.4757646066790975,0.5492402271372683,0.6818819644957157,0.5643001959025357,0.42735069772189055,0.6048373656495903,0.47255968364673046,0.6990083713873058,0,False,True
0.45688150364570895,0.2867647393970675,0.3250042462432723,0.5801752255896375,0.8475904246167172,0.4438064969409709,0.37094512759587805,0.4293387415942583,0.5664411382546773,0,True,False
0.5026251502738249,0.6367563426799062,0.5240234137201859,0.4362159542382894,0.5898711015037309,0.6038068960610197,0.29281353436519747,0.6206615516117747,0.4833865704822831,0,True,False
0.373464737306112,0.5231627948610705,0.40283162731813815,0.5216499772358723,0.5916271817223618,0.28305144961953305,0.525771964121709,0.6212563485776229,0.3287588339960348,0,False,False
0.46515997461410497,0.5481939165741437,0.3498100657837916,0.43405904518867944,0.7395293521367293,0.20070866664027748,0.267350254596852,0.0,0.7517100991639181,0,True,False
0.5595942314244263,0.44925781269381615,0.4202790996742802,0.644805789549518,0.5062873644301616,0.46703882908205924,0.544360268247372,0.48225823752813984,0.3938241815616203,0,True,False
0.5277351456360085,0.47484896112557984,0.20700176285090519,0.5853851415980247,0.5816987273307171,0.3410022040479394,0.6097120686507602,0.3217859386546679,0.45317267180761894,0,True,False
0.4300467029564895,0.5442199629990503,0.16760787469998206,0.3877378904054195,0.8166766712290892,0.40312040761579987,0.29537604750079444,0.4740228323355966,0.7122577567029488,0,True,False
0.5991658924431154,0.7573741973180811,0.2704956708748651,0.2967921129453804,0.5816987273307171,0.2666085144433315,0.33031881662428214,0.44175998440591424,0.454674138097162,0,True,False
0.5988783170858274,0.6380170089955791,0.44564737887840666,0.4794327019400478,0.6361741746252768,0.23879824561581703,0.3235694963628745,0.5149302839602087,0.38022279754597327,0,True,False
0.5281412826262825,0.5882913332026241,0.28927673436200085,0.5386877470130123,0.5816987273307171,0.29329941163024736,0.43599037033414456,0.5469201151914095,0.44105267184182156,0,True,False
0.5026251502738249,0.6832182076733984,0.35567146644672276,0.44691066891876197,0.574588955934508,0.4541897572801697,0.4039681887415095,0.5367577409668264,0.5756210439612569,0,True,False
0.5989016536793382,0.43326023150399207,0.4865743458790495,0.7378569559612761,0.5066688004511661,0.6382668813245531,0.5812361029311632,0.30096577366177735,0.4221554807386148,0,True,False
0.5067715816166798,0.6350177226757893,0.4880356855425753,0.49409081107260705,0.5816987273307171,0.6128709888099673,0.5349785944844422,0.3680206329162257,0.4981395410405233,0,True,False
0.46895138800326236,0.34153998115368045,0.20612309036200258,0.6861052436115207,0.6019757788229297,0.2771544652373458,0.5711555391772686,0.6922612786225397,0.14821214710580752,0,True,False
0.45583711283573497,0.552076330326799,0.33055511983301555,0.4302727870182292,0.5816987273307171,0.28523778350216006,0.5536940481789953,0.5482231609306374,0.6064842090218278,0,True,False
0.538553006762252,0.5605070775207046,0.4333777834670824,0.4137260519858758,0.5816987273307171,0.5855829574774079,0.4898716154760958,0.6717303042343463,0.5219659367734629,0,True,False
0.7592014936691299,0.5295807016240238,0.2254806708721877,0.7809384713330901,0.5626333651504977,0.5209655267834499,0.4550110094117702,0.5324390580496143,0.6977594000068906,0,False,True
0.6591774434890898,0.5559767073408274,0.4338354018102394,0.5073471813432383,0.598870363455858,0.3190773944761352,0.45765411139369705,0.6994223707255257,0.639015600965113,0,False,True
0.7517572844424656,0.7571504555657462,0.5195594814136818,0.3643838346261343,0.45327299476407257,0.566359434003745,0.39603932872969727,0.6052584245629694,0.5466036544120366,0,False,True
0.5026251502738249,0.6612776650838577,0.3675885840612293,0.4704256193021793,0.5318697018114341,0.19704489267821962,0.5324761423154406,0.4369006619427601,0.6325216903019729,0,True,False
0.4300904245269309,0.6875190288298655,0.32136609774307984,0.5664116269463466,0.4486499128850535,0.23394418685699764,0.380521077514113,0.5953875698746058,0.487434751513759,0,True,False
0.5026251502738249,0.6847238540488741,0.566475063027288,0.3612052645278162,0.6620735427032921,0.6234280737118909,0.6469534148511653,0.7063251065158443,0.440215950467197,0,True,False
0.42671080351976626,0.4886298053319831,0.43481851868010896,0.42160377761301526,0.7676993353710042,0.525336220229647,0.26858130831210214,0.3910315304019207,0.5216341851647525,0,True,False
0.4441128294533048,0.5147419029041815,0.24356458574666678,0.5062573838181292,0.5053327133060077,0.20333676319335997,0.3741346262929938,0.6542872308512017,0.3857065633681765,0,True,False
0.5026251502738249,0.46574417937552803,0.5992659570741269,0.571307651883466,0.5483099659563996,0.285441581205275,0.5639431260304357,0.0,0.3922128648387699,0,True,False
0.652186231702689,0.6491727771111965,0.322589785583775,0.42049249059831356,0.7320379122185191,0.4530127286791024,0.3659662229137657,0.0,0.7257490628554618,0,False,True
0.5026251502738249,0.8559463750988469,0.3421511908100548,0.3067489463416701,0.35347350644619585,0.602436289542239,0.17909254421348003,0.43736134842651614,0.47811437358177394,0,True,False
0.4353937053349929,0.553566362390864,0.26407795443089704,0.47280583946246507,0.6732860930078618,0.459852024865631,0.5298846330562642,0.5805820285155547,0.539235341785575,0,True,False
0.4425182075340288,0.4445913953978584,0.26836633813830757,0.7147885763434784,0.5816987273307171,0.48190982933427157,0.5419802810402276,0.6379195746158696,0.319336620633593,0,True,False
0.41532601673231506,0.4973292971196629,0.4771495704703406,0.4461239472526576,0.623105910994066,0.39194569636150983,0.634030699015994,0.66077734564019,0.5070735314426257,0,True,False
0.4826185576639889,0.5992551744721661,0.35779255034428464,0.6246739524866237,0.4154196448765899,0.36036590517580863,0.4587763472052838,0.613160912107351,0.5170870850911667,0,True,False
0.5026251502738249,0.4522420450922453,0.43139135091293285,0.6168494748236989,0.5816987273307171,0.29265931120937133,0.21753787409923764,0.7509598742212767,0.39710931044419945,0,True,False
0.45499810927502177,0.2944766930980529,0.21949551509588655,0.6821784710604604,0.5816987273307171,0.24184520070903476,0.22227642221417043,0.2861346111411158,0.37380721770721115,0,True,False
0.47152909960788064,0.5737889444739894,0.3171208959078075,0.5339514228124442,0.6108401798027079,0.4355551915952964,0.38207098138683493,0.45933335059284774,0.47713677553574124,0,True,False
0.40370956010450526,0.3323198232892163,0.26688357504534505,0.5875425651394913,0.7429400292031284,0.4145419404319674,0.4240997719859969,0.5300759592744307,0.45793668689599604,0,True,False
0.5432904916012438,0.7276578691630471,0.23460701447496188,0.4700238797834819,0.5492606286337458,0.1640848777666637,0.36421820663096655,0.7629053867647383,0.5920736358525153,0,True,False
0.21245924360560944,0.36169593118963794,0.27920383692958334,0.16803105450622097,0.7504140630107476,0.3391181421599319,0.40606079734917816,0.6139367247739365,0.25144674654464627,1,False,False
0.5026251502738249,0.4865226613312955,0.31143631045580933,0.5458360363206095,0.5816987273307171,0.16299963453593636,0.45568590473482884,0.4548305282146547,0.22110434466935425,1,True,False
0.5026251502738249,0.6698284281141778,0.26363810067045473,0.0,0.31090067496938895,0.47751546803810146,0.21318560351300198,0.4473287875571093,0.563779380573589,1,True,False
0.5793643593595905,0.548932124709104,0.5726810348285527,0.7305980590357489,0.5816987273307171,0.29288282649491376,0.6464342797087074,0.5852052058573467,0.41856209890234747,1,True,False
0.5082951861768529,0.5680570427320738,0.40735920014648097,0.39535457949742786,0.4639493948675544,0.4240902081757089,0.4075367687673997,0.44349910538889525,0.4661338017599778,1,True,False
0.37716373545680076,0.4230278307602626,0.2193225415871211,0.4398736116924936,0.5816987273307171,0.7946099246317386,0.36803161216716845,0.2814806162219786,0.4509937432390447,1,False,False
0.5026251502738249,0.4340801677816012,0.4932455973131101,0.754468273754909,0.6626174203030307,0.43812725657381696,0.2977577166756345,0.7645998058865001,0.35849065295583715,1,True,False
0.7005898699238742,0.626124713213773,0.5551338899034068,0.7358709097242413,0.2979011337383381,0.32448675065967075,0.4328990235135437,0.5047480976963232,0.5731255890495078,1,False,True
0.5026251502738249,0.4526162630828354,0.4323500607243624,0.5416582862218894,0.5877171799613489,0.5745228246906793,0.4448227597943183,0.6866972913309866,0.5752292393743931,1,True,False
0.572773686231463,0.5453679753164911,0.3740761663230661,0.7297738120361196,0.5509024637876875,0.3746639065869432,0.42673363901999095,0.5525807146988301,0.3286967921600217,1,True,False
0.4716886226284765,0.5784997120283655,0.23441079331041448,0.4775061346050253,0.5319238735624654,0.7005694511636529,0.3954380274195872,0.5527615691975593,0.3694079097970744,1,True,False
0.46077183878072553,0.5479344929638832,0.3067233824238113,0.5443794382864489,0.5865460813043953,0.13206748772255245,0.44153589380356395,0.42285852892128234,0.3451656611852407,1,True,False
0.4475984578281496,0.4205903853874622,0.45677204448713266,0.6384932268068338,0.7041164196098241,0.1996845542217877,0.2964921449657394,0.400948660622747,0.2810759188030695,1,True,False
0.5026251502738249,0.3538869115720552,0.261032846749283,0.4079113274570264,0.7129009327902242,0.3375995831000341,0.3416886282893105,0.5804933664127832,0.6531228164019115,1,True,False
0.3687056259536809,0.47953661798131153,0.30121079533522893,0.37918846351467417,0.7723646485794087,0.5312992731271282,0.45439493413114196,0.6091419063767787,0.5426546683363064,1,False,False
0.49888610931205757,0.48704838467357947,0.293460879666434,0.6193192890005824,0.6878561944456788,0.03521145510235252,0.3474098991276599,0.5472461764660728,0.3698639549095639,1,True,False
0.4851423320793154,0.5911523241203264,0.4950392579561487,0.49021040859610715,0.5612745661490541,0.5450569735650888,0.6814388955886819,0.4898682764217616,0.2768117754247127,1,True,False
0.5935162649815335,0.5473677138467202,0.39444265147822116,0.6255585289274495,0.42572099365478666,0.48096878706195706,0.510119519056674,0.5168401541727,0.4360742731619875,1,True,False
0.36126688652564104,0.32738470309382006,0.1790981148488295,0.4743178444320199,1.0,0.6970451882040816,0.5053756462435097,0.3500228330640481,0.3240567096746859,1,False,False
0.49344801102547786,0.5936826281006982,0.31037935539704387,0.4718567593860097,0.5059281345907797,0.24901546226310073,0.7282941227434818,0.5774933709263002,0.747885653790841,1,True,False
0.5173864199268368,0.5100412638623725,0.337512013681541,0.6342157946773246,0.5816987273307171,0.3430314746464574,0.5424281447581697,0.5751094100726118,0.5704170760614126,1,True,False
0.4403200162395295,0.5137136963224678,0.44316017269588814,0.5064701949947644,0.5424288956999308,0.5968564361560198,0.43304902690357217,0.4296393236312245,0.6398228580537176,1,True,False
0.6543569671499627,0.7035064386911446,0.45725916366611913,0.5062703010758955,0.37943299813568354,0.6766299120174923,0.22685741665668485,0.3855330242627517,0.39563769948796074,1,False,True
0.37699111202075614,0.43273292933014484,0.29690068045485757,0.34638937474496534,0.5816987273307171,0.28981924169716783,0.5105763544507234,0.5051895024641145,0.41266913071248273,1,False,False
0.2839823327092357,0.3208652338333364,0.2809218820562156,0.46604991393607964,0.6945032494524571,0.2848870017357467,0.51434139035389,0.5486927691419404,0.41913855151578533,1,False,False
0.4060868902056268,0.38861483841145916,0.2841596631312855,0.4941247584197161,0.7416818295547959,0.24996380511977562,0.5805588355879072,0.54087472252349,0.49464114149911925,1,True,False
0.49526099358887077,0.6178573061195111,0.3071125487831254,0.21647287515186112,0.5342342962210618,0.46646279668629814,0.41163349596678633,0.617276634023792,0.10601790249278129,1,True,False
0.5331775132999779,0.6513356181207519,0.43080007097282347,0.41532775992560256,0.48771507372190304,0.26332558633838293,0.5307600627698642,0.22671181544495228,0.4595530379002088,1,True,False
0.43370277600242924,0.618061209271398,0.2765202319336478,0.2480724240703914,0.5398318297149204,0.753002528448603,0.5495110837712318,0.5199356522655194,0.23475333614628902,1,True,False
0.5097216151838243,0.504732475986085,0.31493640285287244,0.6061390636503302,0.5011779937674748,0.3050638799540056,0.5151390722723552,0.5934319752266434,0.21255280241546837,1,True,False
0.5026251502738249,0.4885232301498388,0.3469658839979428,0.4943472819861355,0.5816987273307171,0.368884065189707,0.5082215349308782,0.4811544936813993,0.6780141987669367,1,True,False
0.4520395058045206,0.5246598200236736,0.5417342658660287,0.5243089265094213,0.5816987273307171,0.5390518727547746,0.2820675977206506,0.46271588144929543,0.34332655256221467,1,True,False
0.4393282656004858,0.44241681470101335,0.38698736882159834,0.5466896524724147,0.7010785437394621,0.33585989849960846,0.5174070172794446,0.3858569014323749,0.642374784275893,1,True,False
0.5026251502738249,0.5739521485401872,0.4387729618703059,0.2882139775903656,0.4806792240043257,0.5845344053189903,0.2627413327486459,0.3836680377022671,0.4948788134624917,1,True,False
0.3934396804065283,0.5252040186880491,0.1940056451762404,0.38187689048128054,0.8636222804524296,0.3917081109294846,0.24184771413524142,0.439528241822788,0.5901694859536805,1,False,False
0.3400789417591063,0.3723087113735033,0.30992159016494875,0.5937105603659719,0.6973180450120596,0.3829048172757252,0.3422279715284071,0.5559081506130997,0.5920580596613093,1,False,False
0.7493388594803435,0.6296782636012578,0.5216396347017315,0.960853208515922,0.5804036841823372,0.3888026610484167,0.3242835486115437,0.7078840679531688,0.27170030989911886,1,False,True
0.47686695139084717,0.5268700185248623,0.44573481448823543,0.427196550989653,0.43293637800528784,0.20704976310092155,0.3845826794524392,0.36776308075956954,0.5457834155423084,1,True,False
0.5695219667903642,0.689411199967719,0.3808597164752396,0.3915863956894572,0.43912039388970747,0.5200756333398644,0.5003677203519027,0.42943874423921113,0.2601837664340457,1,True,False
0.5251532883985546,0.5835950107961415,0.21990993169301204,0.6158309467904968,0.635881711438986,0.2717963985095449,0.7144231825647523,0.5573430958327854,0.8346564362137823,1,True,False
0.4993429164736043,0.6366225640665757,0.3183986508497589,0.38672799322651774,0.516681206108819,0.15488373994498467,0.6192420696532631,0.0,0.545025500469099,1,True,False
0.3905972094522802,0.48224237018973004,0.19677721309677482,0.39879160401128066,0.7995306046907023,0.36243513918024334,0.3966702504284713,0.4858735721345443,0.6586250612995405,1,False,False
0.5597076420858591,0.5775785591121396,0.28441192110459723,0.6094312069610108,0.5816987273307171,0.5132490496421414,0.5351412084377931,0.5463505775714995,0.3278245591495498,1,True,False
0.18129398382009745,0.19360198961763433,0.32101649916585845,0.36493329250263945,0.8209512617760544,0.41854227812736394,0.4513751313297455,0.6912527162184982,0.26282798534119667,1,False,False
0.6016488908354126,0.3830393759281795,0.2561946632055868,0.8414581690702705,0.5685080066525474,0.43661771912582975,0.3878020163602748,0.421000063819273,0.47430686023049323,1,False,True
0.5440724363439692,0.6056481969239949,0.48430416888135536,0.48194547469330346,0.48107133251554834,0.5481453588394223,0.425679068569656,0.5622982499748822,0.44442287754889925,1,True,False
0.5440738209650247,0.7093328857857744,0.2850336176931423,0.19599137340980868,0.4812457138128087,0.6443959967097461,0.3013496261198862,0.614748829436,0.5387678948162383,1,True,False
0.3878096315978067,0.4933309000675302,0.24536831802154105,0.41978327195614795,0.7527787730888451,0.46409247221638045,0.5893317041276483,0.40181849383819535,0.3085150161222501,1,False,False
0.5026251502738249,0.6095918851848225,0.2983061488868731,0.2666797010964795,0.47042222360887864,0.3301354204913228,0.16591680611686227,0.5464946515513153,0.5922021739956361,1,True,False
0.39256971420209436,0.3739771881192001,0.2957445097726721,0.557317242449942,0.8177939426086054,0.2078750985285311,0.3869805791632366,0.44595074527071227,0.6524935190145315,1,False,False
0.36376837418614727,0.6975498603340886,0.4608713749685954,0.08132061877770491,0.3677074623427074,0.4735823888381268,0.4458755530142282,0.5741757603106614,0.6025200787431143,1,False,False
0.44662930077046437,0.5083117360981017,0.44937146264136024,0.48046430461891537,0.5736694071860766,0.21336141972656236,0.4621214169212723,0.4641724590300114,0.27827517285670056,1,True,False
0.4819582345023198,0.7362838042843936,0.3976401305738944,0.1601553807879264,0.6511645240252385,0.27604885679665664,0.5041107204867676,0.48070589694362803,0.36442626654431265,1,True,False
0.474347343505519,0.6080294928521397,0.26544244873279427,0.49239429896245795,0.49926742867928475,0.5694500845473907,0.3746803372204881,0.14016706169104381,0.6160462472394473,1,True,False
0.5026251502738249,0.33041840730853,0.28871481050665926,0.5931352872340065,0.768409276382267,0.5314937715969072,0.5926193977278771,0.28654623236715154,0.7539098244330991,1,True,False
0.5214992950741543,0.48973382348868055,0.47311063246612994,0.618474778658437,0.5816987273307171,0.22024586188425793,0.2501972864566051,0.39880370150725475,0.5948851088067119,1,True,False
0.3927510495163919,0.48384832988270643,0.34843527942889907,0.4974633731780124,0.6341797686746041,0.41623767330339895,0.4208211325855895,0.5530201539957925,0.307206547142557,1,False,False
0.4037500919529769,0.5092609875343582,0.41945867127775016,0.24827506390472923,0.5937802763513319,0.4804962441438965,0.5094379007204733,0.582557936938222,0.6440620517988788,1,True,False
0.44035194949325795,0.5753107972589915,0.3691684784349963,0.3167773988619237,0.5816987273307171,0.3984793087151827,0.563054600989098,0.49478246634621503,0.5142108106594013,1,True,False
0.5608518351279392,0.6815805737209992,0.23712897603338504,0.5784716468864808,0.595412152203602,0.566891421016769,0.370244074912751,0.39639452139762804,0.7097833575212252,1,True,False
0.5158349599788569,0.5645322628886864,0.2197192737903604,0.5848620187066328,0.6338214367021945,0.4036603254601942,0.5335533045845718,0.6435144421771962,0.32346728709146944,1,True,False
0.46986313506319455,0.6047122667066982,0.4032702913500343,0.3694056213422771,0.5816987273307171,0.3834152437701232,0.45279909017189524,0.47138539072773283,0.6504851122976235,1,True,False
0.5613921385071465,0.5944279434535229,0.5156210307340973,0.5610716773618661,0.5236595221946727,0.44059981651617136,0.5252671034147917,0.0,0.5763034913852757,1,True,False
0.43383464153322226,0.33912552962315945,0.18839397152783185,0.6869997740686833,0.8767622060124314,0.40498115807978047,0.48792526928305424,0.38358104038207397,0.7182964285888683,1,True,False
0.5026251502738249,0.5833476614514052,0.21960088758759386,0.32344589262302825,0.5816987273307171,0.46811254158631505,0.7319998887417617,0.6109083703669159,0.4537974833000031,1,True,False
0.4577116668434321,0.550250736368337,0.46200938682732756,0.33359855059044113,0.5735696026130046,0.4675528671162729,0.3623338353283312,0.5632217485441344,0.2843812918097468,1,True,False
0.617617353592892,0.5586199981102027,0.5295041167040067,0.752043476915388,0.5816987273307171,0.2745678522637693,0.423813715280673,0.5313186097593392,0.3560678165304215,1,False,True
0.5131926973220298,0.5162514560843013,0.213385732597487,0.5855436704824143,0.7092435319350464,0.6292152913084466,0.3943363415430578,0.33228556371257306,0.46399384062402566,1,True,False
0.49514893071785165,0.5727641070266155,0.31539505611766533,0.48297107619962226,0.5816987273307171,0.5136345339472572,0.5162407288910675,0.43174592599627853,0.5640548095475907,1,True,False
0.4410536127928824,0.33037443243345566,0.34780002098987967,0.8225671229033572,0.5956953472752564,0.4657123052307502,0.4613779769106172,0.25123665931076783,0.21101319500126442,1,True,False
0.6814465885719498,0.6406518226877903,0.5149376333808051,0.911333872760712,0.529383134993323,0.546205792755478,0.6472643350114905,0.65434377036359,0.3553609187218575,1,False,True
0.49206020945477547,0.5132128265105196,0.44407708928802,0.5989187172670958,0.6433490029271641,0.49638685738358207,0.38992656358411554,0.6033854192127751,0.5790002740400714,1,True,False
0.5838704476462541,0.7139019116902342,0.5055946886868877,0.342458887374039,0.4440864145642044,0.41467547390900966,0.48557954906774536,0.45209519146911137,0.6162607079903474,1,True,False
0.6254947756596824,0.6210037248910788,0.35187006106742047,0.4777202727313085,0.4183672740086569,0.3053061259965633,0.517745153867534,0.5379730887219505,0.2827891334512902,1,False,True
0.3385754777157774,0.4687246321144787,0.38991715922586684,0.28661012991761586,0.678364288254809,0.18665015108865318,0.42161762562910654,0.6258406929691779,0.7596777663321916,1,False,False
0.6260354013754763,0.5927605660467616,0.25706874212191155,0.6020629453603923,0.5674501590372727,0.24929861210873167,0.3803975802392699,0.4790702949561208,0.8207294396059774,1,False,True
0.564246540155817,0.5923353739680542,0.25572781868335875,0.5131274219597318,0.5422452867026393,0.4672178493878853,0.6118743733549294,1.0,0.26541262042762814,1,True,False
0.5287609392977697,0.49173491198042785,0.31094099980308754,0.5698919890027236,0.47419557630561293,0.27673532745270074,0.31780111911697206,0.6683385144332555,0.9031159774657587,1,True,False
0.41428815549926495,0.48612768951602303,0.2086443532225464,0.4504708246058186,0.6969784853930278,0.3917635617090282,0.5200699366374135,0.2807039759982575,0.4962010912563994,1,True,False
0.506370299085983,0.47739447679712643,0.3406008396567551,0.5573083684118187,0.7066942312394072,0.6821468980403025,0.399352654805681,0.6855574217412451,0.3433595220545278,1,True,False
0.560871904572589,0.4410587853459351,0.37091834923210976,0.7251837727440403,0.5816987273307171,0.501805007268213,0.39851040504457635,0.6481085780411346,0.39372993367890646,1,True,False
0.35326390714912476,0.4461824084928252,0.3723719529832069,0.31950878771867763,0.6012137698089269,0.28880992035613434,0.4243922619978273,0.6799587939921334,0.4410129439037484,1,False,False
0.6983522892883036,0.6038734518107899,0.3883188603589937,0.7241723954058699,0.4682121043438793,0.5692537764302383,0.5312858581791217,0.6662469879339568,0.21165967125608215,1,False,True
0.36810633144764604,0.21730765447924086,0.3085853783764605,0.7001263416292414,0.5796709571363488,0.48334964292574506,0.584124753246751,0.6235563596338436,0.43484979476848634,1,False,False
0.49178436317284324,0.33010791297702136,0.2392572678816243,0.7306798276484336,0.540109205493288,0.18437731835323562,0.4591584710792592,0.4366396500970103,0.5926109245166405,1,True,False
0.5434821565180116,0.5274895307899377,0.41194241742261645,0.43859165535106315,0.43974287597124206,0.4384399820632053,0.4059903201993679,0.651991625970718,0.6007684294269081,1,True,False
0.5026251502738249,0.5900265801865473,0.3824871948652131,0.3220099381322769,0.6731267943905478,0.4203766247588237,0.47267633154549327,0.6118601302022667,0.15889792394129834,1,True,False
0.3501362040008595,0.34276939945380447,0.21826672259194627,0.6226974917907315,0.6806756536855162,0.4504111376184939,0.2958476369911801,0.6646181703848372,0.5017081251692236,1,False,False
0.40794375045123554,0.3568978016446649,0.3421034123061333,0.5951249435071457,0.7277948751790652,0.45396307532918195,0.5548668409898415,0.565729008702716,0.47330969313056254,1,True,False
0.5340492508295706,0.41559676412513236,0.3587542340632751,0.7248218049559593,0.5816987273307171,0.3842749923565036,0.4901816115216312,0.6662537054454042,0.5191036654087925,1,True,False
0.5023925039300211,0.5239477990041977,0.4761711067196407,0.6790651258939491,0.5816987273307171,0.5503360432413744,0.5743925750852287,0.341765362768786,0.4214326134012147,1,True,False
0.5026251502738249,0.38124217740901334,0.31869973094049164,0.824637329981638,0.6959300830060323,0.49359019091416384,0.5109158573917097,0.4901209604710728,0.7268215301800308,1,True,False
0.5026251502738249,0.5135045126527021,0.33598561900834545,0.7621738928515372,0.5225530747838819,0.41627470224874236,0.48282314436110974,0.5013472999441779,0.6994786241727878,1,True,False
0.6182356337961928,0.6341743448977106,0.21928472313442743,0.5416281382911426,0.623862862911876,0.48855917042485303,0.6060061423094288,0.5816083224699954,0.5934502510332048,1,False,True
0.5026251502738249,0.4707064778702911,0.28642888544134126,0.6142536526101555,0.6399368198773391,0.5923093893173996,0.49423708826679313,0.5048919771805224,0.32483097489178625,1,True,False
0.5931667609356073,0.39224185519303645,0.29442360158765035,0.8686081665946902,0.5684182338347232,0.3477076218373461,0.4427557960251949,0.2784234435096838,0.5164027480540977,1,True,False
0.5512197822987682,0.5957711039099651,0.3460904703491767,0.519440636802356,0.39753629414582003,0.5498405013707868,0.3540515901324126,0.6840189656925088,0.6651495164071953,1,True,False
0.539701625673053,0.518803292320754,0.47763052907712317,0.5884053471180877,0.6276412188380831,0.5997672960038314,0.6593158587723889,0.6394313990106146,0.5008827170738447,1,True,False
0.3486949709831024,0.3248497102281651,0.3084095843054686,0.5411097890499109,0.8258270068892013,0.3087519925205407,0.42909547251500124,0.6100505604476778,0.30255201072170357,1,False,False
0.593662227219829,0.5755544536827762,0.33233977877221355,0.7411720780805138,0.5816987273307171,0.5203181838529465,0.7487028199664826,0.6431393618471275,0.5694924821284136,1,True,False
0.2714593773076516,0.23146994325781742,0.23944992446996857,0.5775064838976292,0.822540177425193,0.35103174608438276,0.5238398975581023,0.0,0.5717481707438407,1,False,False
0.29168534858023054,0.5604320886164876,0.3322322708937514,0.12276097450131349,0.6039166117823214,0.44421410657576793,0.38416383153777106,0.5561468953235997,0.28830987006465125,1,False,False
0.5026251502738249,0.5591023533283729,0.25115963924690365,0.49731591999974595,0.6766270551549011,0.31208443808102676,0.3349032386750144,0.19614294112042294,0.5910142082812769,1,True,False
0.34750497831747196,0.4593113203104898,0.24465966960206667,0.4295278814063505,0.8040127370888392,0.2658358251711485,0.5006365953356374,0.5531984926055549,0.477400699987753,1,False,False
0.6874804918765273,0.6164153464208554,0.40808308114341313,0.7461405488468288,0.5686279262143379,0.3717194819645347,0.6926272569973366,0.6904176283321859,0.2203171632339379,1,False,True
0.3706269196754525,0.4772037955524533,0.36658460661164993,0.4670108054023944,0.5609395154011521,0.3900916619759343,0.6375625855982635,0.7234706404194704,0.4385524498441307,1,False,False
0.5602127858046382,0.5564095956427008,0.2710107638368985,0.7464894708869679,0.5816987273307171,0.6729754035141582,0.44410899236079704,0.37257554902348816,0.6918722560364045,1,True,False
0.42263789201736157,0.5023468985237918,0.4540868803232225,0.5027483164811875,0.5698916865342774,0.4325350313743402,0.7064396766219169,0.568362475953245,0.32285110993513166,1,True,False
0.40926350859914845,0.4590014478106066,0.22959580817678432,0.39045702177699176,0.6821962101429478,0.5074611322927531,0.5449895495147534,0.46583446244378146,0.6902159867973691,1,True,False
0.4055872119328012,0.3473242156213293,0.29645667962216754,0.5317679419517766,0.8216535532429969,0.3117744042957517,0.6327386237244507,0.6223299895223084,0.7524639326805829,1,True,False
0.527612987121064,0.5228790297893299,0.4273938998205721,0.6320282664525179,0.5816987273307171,0.5660560574093418,0.6408304288389869,0.5834045666726945,0.44268719763254644,1,True,False
0.5370876759615408,0.5910682587041144,0.27216194569938723,0.48662684468226264,0.6127411860954614,0.2343876949637948,0.6764821559530138,0.0,0.3451928453696299,1,True,False
0.5318732703582134,0.7041983885214727,0.21330327792726866,0.32727820266530544,0.5816987273307171,0.6084986026408272,0.5761636278454417,0.5012427470913252,0.6875966272868758,1,True,False
0.5538525798292264,0.6263013753407852,0.27663237896595594,0.5974198979496611,0.6110885611979453,0.3559641388093043,0.5612456579408515,0.37534131929658116,0.6396344666484323,1,True,False
0.6542614626181559,0.5367994567684654,0.26858313622609253,0.7638717986710278,0.49071413059324653,0.39026298638325646,0.11481673392033233,0.4440034947036689,0.7567332813873275,1,False,True
0.535499351944001,0.7233854469020498,0.36631238783602127,0.2417910077184013,0.4776074259209392,0.3077939608287393,0.5341488851523263,0.6406478110534068,0.45148912919148393,1,True,False
0.5387357262244828,0.6627633016089977,0.3046739907535097,0.3125406589302044,0.42397001267109613,0.4647573296948387,0.5883363160664863,0.4267631681662179,0.5421730973283684,1,True,False
0.5113609278926756,0.4136743552882167,0.41491467564759393,0.7700608999284814,0.6777716705442819,0.26067043401099993,0.5075801428308916,0.4092933529341822,0.5372790634921442,1,True,False
0.5026251502738249,0.2519967184344911,0.44051913875596144,0.7697337159768327,0.5816987273307171,0.333156616138581,0.4332272766180787,0.5073396220467471,0.39066700787067504,1,True,False
0.4174766996840935,0.36180884382772494,0.21827261414712557,0.6676408439855388,0.754645613155241,0.6147608747450768,0.46043573075431066,0.7372590955626335,0.5460495533483368,1,True,False
0.5026251502738249,0.5600302093109657,0.5762592586376529,0.6187061518924417,0.3538903138361717,0.46479587553878726,0.513580834663702,0.3630811717589512,0.36578720086844674,1,True,False
0.37560105261658533,0.5930440308353861,0.47462108503146183,0.2725559167566143,0.6040402998015401,0.3184125521793089,0.6078549826345626,0.2873075505394955,0.4312332742662131,1,False,False
0.5300457706777394,0.5995951471822469,0.2978804064241291,0.49909345260038535,0.6447492572608854,0.5982576830796134,0.37879982012792407,0.3589273400994267,0.7513267782248676,1,True,False
0.5053036745572216,0.5857564562821035,0.26956713158937495,0.5878253990902264,0.5816987273307171,0.5901690421955532,0.2560153005203783,0.6302105996110049,0.6483161497050497,1,True,False
0.58494384649842,0.3949931981345862,0.2973673949188306,0.931068031136559,0.6849443079013756,0.18687778314833386,0.3705708740429964,0.6411370999456097,0.42720909019451475,1,True,False
0.553152213822086,0.5010505143992684,0.4969218818145858,0.6018598949981894,0.5816987273307171,0.2324735837596646,0.5721214178308686,0.4797391692080313,0.7104714417165342,1,True,False
0.5921327075945162,0.6349547002239474,0.38687634772051366,0.40557403661640046,0.6418740389036145,0.5827475085708653,0.34503956196288865,0.45898720128734605,0.5368191974164703,1,True,False
0.5732300014739675,0.6024393965390157,0.24852219938514977,0.5728015675858813,0.537210037695874,0.340697160780336,0.2767335063105895,0.44394501879688775,0.5076465738911541,1,True,False
0.6320662408705053,0.7804590972491354,0.3956394847731101,0.39506948133821906,0.3185128912496123,0.5462392105153357,0.4238482421011608,0.3762310435893879,0.8588249246895066,1,False,True
0.4598872716907428,0.5626054992149909,0.4289756965697995,0.42457400468869927,0.5495310655442078,0.6744984542611872,0.4000754003335741,0.44590439102639384,0.3649764405067951,1,True,False
0.5026251502738249,0.48011623555521454,0.2743329518670573,0.5218778887142829,0.6893591811303742,0.3902857288191273,0.359901561335117,0.37129532937166504,0.5689911098498074,1,True,False
0.5861107656683724,0.5703242337569009,0.2806539075821074,0.5078373771784679,0.41976487250453987,0.28863236168390066,0.39485062957067507,0.6748125874821082,0.6956944261686521,1,True,False
0.5935981194259531,0.5593911568515053,0.37663668530245414,0.7040016696297126,0.5802658793595379,0.1938102025274318,0.376431647276352,0.510332626962951,0.38628358593434514,1,True,False
0.5026251502738249,0.6986212102867673,0.3740619338257515,0.6490088965888934,0.596990296380883,0.5350110301614672,0.4978430522954743,0.7143115406530013,0.47852530767620066,1,True,False
0.5595693445417292,0.701509396420803,0.4166063364476579,0.30908095928874024,0.49075382886866237,0.4568568410708275,0.5628006848978134,0.7801396686315923,0.636210413513071,1,True,False
0.581618600062806,0.6282335800127227,0.3249302367622876,0.5553719809326735,0.6416973526113813,0.3240637520026322,0.6713137035721628,0.4298272464744246,0.5988076175312752,1,True,False
0.4211737482314525,0.42693896728067593,0.37272406474078285,0.5624114067171018,0.6469783127835685,0.38516001173846065,0.6192939774217572,0.644048823548643,0.5352227130353587,1,True,False
0.5026251502738249,0.6553598190057862,0.25114852929673875,0.46767389453843916,0.5610446049087883,0.3866634173344469,0.47710092591291287,0.6457966394909127,0.3857388190924164,1,True,False
0.3079072499875812,0.3300781095313431,0.18917294288285733,0.41138552298404335,0.6688579604854076,0.4282277555677529,0.6662194298722788,0.3843895826135142,0.3256523901311379,1,False,False
0.5639835086512448,0.43995490390789493,0.4663342995409179,0.703677121699815,0.6390812452530227,0.5874752358545725,0.37520200491072886,0.6419054683046925,0.5561980220237542,1,True,False
0.4902139351542148,0.49710785484180464,0.184844250948221,0.45381556649102633,0.6678685666197307,0.6565824891196741,0.2699964600500172,0.2718743821526984,0.7361098571246173,1,True,False
0.4503406164381629,0.6029343530902855,0.4900591042917508,0.38033506400873424,0.5816987273307171,0.27564988933938545,0.48841668758666534,0.347539301370473,0.691989933382365,1,True,False
0.4699057549592371,0.5657647501146642,0.36209553319399346,0.4615991689572325,0.7687319928523604,0.6403999394170707,0.37923064678082075,0.5727676764634012,0.5373496274049084,1,True,False
0.6405174364158587,0.7945342727866505,0.5603010815448928,0.35675717340481994,0.5816987273307171,0.282905122658709,0.4621990948999435,0.5210175890977725,0.43340063217444497,1,False,True
0.5026251502738249,0.4315430551635754,0.22791175650349452,0.6774791193174932,0.6861292608535324,0.5455130780655499,0.3928413820566257,0.4791920213370256,0.2643922893073599,1,True,False
0.5302205775939897,0.589840100252309,0.5049085604814573,0.471444930270941,0.5201341568456828,0.48860037888155466,0.5596164877624008,0.3315693997627651,0.4278090310945352,1,True,False
0.6547684380521777,0.49738633792491516,0.351622994240832,0.9295636226122931,0.4986171660347444,0.23799510913352145,0.558604068212487,0.4081897705123838,0.7523664982829308,1,False,True
0.6049067439241506,0.37912707204339746,0.3091190326589195,0.9063364356606063,0.7437061715859691,0.3383893251019398,0.2950854315234415,0.5640989056545114,0.5531478336839487,1,False,True
0.46329661855326526,0.6433899265617763,0.4348679392267514,0.22825707174177215,0.5399369679711985,0.35217796188466793,0.3243306597897122,0.5110228013524496,0.33972287857276096,1,True,False
0.3170782702394983,0.517684404511429,0.3372953795147784,0.15926837529499757,0.5816987273307171,0.5843180393596024,0.6084675471959509,0.5080647926863952,0.4526811799358184,1,False,False
0.5566273950352565,0.5095558667261799,0.3410649717401076,0.8010568592039651,0.7425747598947036,0.49231661111646313,0.3548975081295928,0.6505119036148207,0.4910910921130816,1,True,False
0.5146584474032938,0.5131788812361443,0.5088914528060098,0.6239562131069931,0.5816987273307171,0.38022511959265776,0.5162532390524037,0.5582669450614425,0.3810419908009885,1,True,False
0.4692181340278133,0.5850712161286377,0.47290325847261067,0.5020053134866838,0.5644325151485995,0.2213873106908239,0.3892832174883278,0.5274307775430735,0.5208355319598813,1,True,False
0.5026251502738249,0.48904507297156485,0.2827263035599893,0.6317397982898962,0.5816987273307171,0.2174378827031796,0.36800786079743647,0.4945410017398483,0.5132865615078134,1,True,False
0.3065491235520592,0.2777568801500413,0.29089840150566654,0.6458940510407725,0.5816987273307171,0.6419253591742569,0.5165831825389651,0.7392623814972274,0.5986176128671733,1,False,False
0.5026251502738249,0.4678468646959567,0.20283188461895776,0.6760451644083192,0.6413308608030265,0.2849246389455948,0.4016424864531161,0.6719780339944311,0.5584943859584114,1,True,False
0.35150670738103157,0.416655520093705,0.22667045087898108,0.4739580739879928,0.6499886711799833,0.2733004713011708,0.729421422483589,0.5270600876524011,0.3469818209360461,1,False,False
0.48051323322890044,0.5441116027190593,0.4218211546711102,0.5166346796928344,0.6182096357685728,0.510346768912866,0.6221392826238169,0.5575788895010302,0.5120530411718668,1,True,False
0.41122063981291923,0.368371757018329,0.526953953375949,0.6909244991518331,0.5403590277003718,0.39565349584854476,0.3801132513278411,0.33652581384566654,0.4311184471813371,1,True,False
0.4173113617204931,0.6162413109759262,0.4814591172408337,0.29957792273053535,0.5667231688632227,0.2260827481512992,0.4649576694041576,0.5023199036330378,0.45666401344505764,1,True,False
0.6320073585148869,0.7295668369413383,0.3197213450195508,0.7302664816224333,0.5520875901052504,0.4016090209235486,0.610643863777501,0.5517927211101777,0.307203498938698,0,False,True
0.41901790484471535,0.3606694419457691,0.3178346882205522,0.35354050798208125,0.5426015484502604,0.407343973761037,0.5104510581673217,0.6787629935610014,0.5353211304631794,0,True,False
0.43007109734397087,0.475415670370982,0.20973554991531007,0.5943485283853319,0.5816987273307171,0.4473398188496,0.44332502740815416,0.4797458506620123,0.6345276280824391,0,True,False
0.5378521073307803,0.45116360566768565,0.43905382101222784,0.366150177548346,0.7080116096648991,0.2511388921798901,0.4439362960073516,0.7829124127807592,0.592800528351758,0,True,False
0.47497895079710256,0.5190573071911738,0.2605723155643454,0.38379329088637476,0.5816987273307171,0.6692550322807114,0.6223383598294868,0.3413652738141873,0.309165912085709,0,True,False
0.3641275875941501,0.4910806819209528,0.3820522492098042,0.6870291754725655,0.5605616080683398,0.4617903222376371,0.49570043620811777,0.5506165960458651,0.6389342718168977,0,False,False
0.4631424648466375,0.4824697535483129,0.47141035429178063,0.5440106063253924,0.560462852462252,0.3378315803442949,0.6009914657695333,0.6100965073616978,0.23419233984886412,0,True,False
0.5026251502738249,0.7461865095753568,0.19237479110787864,0.31564443889252136,0.5579436115146861,0.4212674705966371,0.4202413498812586,0.3189478561738113,0.3686794274534463,0,True,False
0.404978514934165,0.5521764752937746,0.15144454871428142,0.6619371364244984,0.6092808614103017,0.343855189384526,0.7502058660811372,0.6469980537623291,0.08699501709251338,0,True,False
0.5805507446013232,0.5645369053713288,0.21190122608802014,0.4664502832287626,0.662657390974977,0.399151754981482,0.6159876346631092,0.634352671155191,0.5282989622753412,0,True,False
0.650494065335396,0.5882565252891568,0.2718699843629664,0.13704039072393362,0.5816987273307171,0.19729750391142004,0.22468567252420446,0.5634552807550004,0.5174373981399424,0,False,True
0.5411255631354503,0.5674897087845177,0.33714649259761686,0.607225976812421,0.5824135614651403,0.6134860446469173,0.4611499300601519,0.5995416722569016,0.3264194603907572,0,True,False
0.5890263609841317,0.5794153187382122,0.5050300707900851,0.4496563623798466,0.578830736597722,0.3279575959631968,0.5875078079837345,0.4404615778673726,0.5640492740386346,0,True,False
0.21039064722304912,0.2876982296394994,0.27104688775374275,0.8019878536982099,0.5816987273307171,0.4804497264250441,0.30487121162779635,0.6374434725687491,0.6844361449197144,0,False,False
0.35457645296926715,0.43835644446912225,0.2852520267273348,0.7337237802899602,0.5813116436845946,0.3000498813765083,0.5783039192301714,0.5396189772370358,0.6261487624281225,0,False,False
0.3565283492609241,0.3416508105224738,0.7253571453638149,0.6190942031861302,0.5866245872077367,0.6176833512260282,0.5038648555347127,0.5042799749150918,0.46825462850277616,0,False,False
0.36040183786081753,0.4797763559879634,0.3650965171077347,0.7646445419069476,0.47559823958069947,0.4700669306863025,0.46037613507694186,0.659800536036423,0.3557925204716975,0,False,False
0.5026251502738249,0.5761190670251376,0.29389663183498743,0.4606759408880826,0.6339198893024761,0.6397410022122139,0.3662778625160886,0.4998327785639016,0.3818417631935492,0,True,False
0.7906754492181827,0.7572580280273196,0.7095343392989644,0.28928535973304015,0.5816987273307171,0.44065463094987084,0.3918542115859162,0.4461633857305918,0.6486126642876214,0,False,True
0.4125236349117215,0.44359709196172015,0.2362611294720341,0.5408853824544936,0.6541105634362773,0.6193290463732224,0.36676108928306894,0.5399814929000815,0.7022612821271191,0,True,False
0.6437214509390629,0.8025162091489394,0.20923152007010704,0.5693652297961831,0.6514681749033463,0.6441159003018548,0.376086887845027,0.5107851883343449,0.664081907208368,0,False,True
0.28797217460147617,0.3556550025128983,0.24274076408524609,0.6128229635659621,0.5815143495559848,0.28240404809145897,0.4446898660705382,0.6891098086770457,0.48930594727289095,0,False,False
0.5630088533903994,0.6820451980716777,0.08466133304789543,0.4793782316137501,0.5816987273307171,0.45887367931456907,0.3823187917728852,0.27142512972627225,0.7400590223808617,0,True,False
0.6256777653240466,0.6256597578748645,0.5425383054925813,0.4176181849518581,0.5540384338397838,0.458267359800616,0.5962966602704717,0.6409912886672893,0.2721834202704365,0,False,True
0.4752606796627829,0.4539577216965497,0.5663704464281346,0.6213155965163358,0.46760431816477166,0.36370406737253874,0.5238495972152235,0.5454955250881818,0.6468909422303567,0,True,False
0.5026251502738249,0.4807188862914027,0.3569295934009514,0.6218784646029808,0.5816987273307171,0.3583644477832572,0.30192014094641906,0.5611367239860379,0.6643099079484721,0,True,False
0.3195630061036125,0.2635909201132093,0.4875157554669989,0.47102707487769946,0.5816987273307171,0.44112394308674946,0.24179627267869802,0.8071773558959934,0.6510978806370432,0,False,False
0.6678192830257589,0.7425550931365944,0.21043074292561637,0.455720011366552,0.5434867339701017,0.29435992076470724,0.4180037490413,0.47105588880147703,0.44016310691714605,0,False,True
0.49020971610948644,0.6264813237474165,0.3818937035547231,0.48998382802747237,0.4436891627904923,0.2522265575010763,0.4319064275279101,0.7194020447876783,0.4454704586736589,0,True,False
0.5901004251510669,0.5831002925956777,0.4030765637512556,0.35796597747230713,0.5816987273307171,0.45390363289190766,0.6473434355802308,0.4050327752921208,0.2553276839155185,0,True,False
0.6328803029804052,0.6753665142425948,0.3157205704978159,0.4827446492731035,0.5816987273307171,0.18173834230764307,0.417366373425186,0.19733498000989672,0.1941150349314512,0,False,True
0.535465048542307,0.5792889458071934,0.6420149208492851,0.6373475827326778,0.5579173226481376,0.678638546720123,0.4641374254372491,0.0,0.36177032663545217,0,True,False
0.7260123812336728,0.7115712737555702,0.26601165297236146,0.28494492058598453,0.5165603515030247,0.5354718035011576,0.575602968903106,0.6744454563224073,0.39344695684006953,0,False,True
0.5026251502738249,0.4353923636080561,0.1840743756405447,0.5759460279379471,0.6590599873784663,0.7761758105458405,0.45791334173748544,0.6011032890433093,0.49842609887191675,0,True,False
0.4314159458611012,0.42291521092949036,0.15799190478233646,0.5770101438339154,0.6299345406294281,0.3380396406035225,0.5543465755089344,0.5257472829751333,0.4677190536858931,0,True,False
0.5026251502738249,0.4935102899200483,0.20285267376959298,0.7378322803330579,0.5421987792010471,0.5262859242829678,0.4256598734436887,0.3741251125141916,0.3385175073776767,0,True,False
0.4327074838651656,0.3688565287638048,0.38226878128950253,0.48415093733264886,0.4934190657581351,0.37038810918865356,0.5906218141852418,0.4338720712974347,0.5331354217062253,0,True,False
0.5717868837188452,0.5070823042264627,0.8048513236928266,0.3121182185785965,0.48773347360807484,0.4473861799159297,0.4510350220535153,0.0,0.7258038564103447,0,True,False
0.5026251502738249,0.529686823875641,0.2987906638207882,0.6003760076792772,0.5816987273307171,0.3372058132419294,0.44250432541052975,0.34890481382428157,0.2319140705394217,0,True,False
0.5027391083420045,0.5519418146347495,0.38797598042173087,0.616672629240964,0.5439405865642298,0.4164986513116324,0.37410237290135007,0.5126280136667078,0.5909582916840813,0,True,False
0.5026251502738249,0.5627202364416817,0.3601601893082853,0.5136203945906019,0.4998187003100294,0.4419179224888647,0.4404939879706201,0.5149005098916691,0.572522306035406,0,True,False
0.588363705265306,0.5998961263786191,0.39559207027349785,0.39624093467646654,0.5816987273307171,0.461778530884624,0.39118430600176274,0.38797775344362107,0.4227783083796018,0,True,False
0.46957741885357046,0.506043742112298,0.36782540541281966,0.45872913776692253,0.5732162788035855,0.3559185820678648,0.37787485870158577,0.5829637454185351,0.6669169044696882,0,True,False
0.5241505435408409,0.5129716106741645,0.4879956365349273,0.5569959944331587,0.5130648824558666,0.496654216232651,0.33923727461244607,0.37680429798956305,0.432289581285856,0,True,False
0.3465074201693092,0.35980455248334364,0.3268416634031741,0.4687697953343119,0.6815918418422534,0.28859665502089166,0.5006408534900785,0.45636064346471644,0.41484342857423223,0,False,False
0.4941371582829863,0.638034322992191,0.2880032696643974,0.5983475592221718,0.48405664844344254,0.43273661444220585,0.3843259705757434,0.5524722083870547,0.23472965309863236,0,True,False
0.4792383170965118,0.6492592672526492,0.12999235686846045,0.5745920161504173,0.4571232192344321,0.18062272204794522,0.3704398636263385,0.4148659551833438,0.4961972449307824,0,True,False
0.49243220563951484,0.44665531742187914,0.28165457873162814,0.37908288796973577,0.6655919322459839,0.8045732273783026,0.574068205877967,0.3259607322411587,0.5896848597054328,0,True,False
0.704623363721416,0.8366200192226955,0.20781535242147997,0.5132345952594333,0.5408108823130264,0.5336179989959295,0.46556860185274773,0.6819684265342422,0.4257695780767335,0,False,True
0.5026251502738249,0.5904158310293554,0.43629678065980115,0.31004007544105555,0.5685483406764102,0.28509026607574134,0.49460501379581767,0.0,0.6530373377637332,0,True,False
0.5742640616605958,0.6762046745854915,0.1293860492560158,0.6216061068220402,0.5816987273307171,0.48915220625202777,0.4091172553166036,0.5517748171718792,0.44924621826970873,0,True,False
0.7017647482884418,0.6187612622357209,0.24299610105114539,0.2170514720494798,0.5816987273307171,0.5551190751342523,0.48416183744502783,0.3361152195811696,0.33579795033583226,0,False,True
0.7776646424872319,0.8577102845080861,0.24392036532257574,0.33695011737452685,0.5828493567243089,0.4181519418289183,0.40239423136123725,0.5789645169886942,0.4829195121044047,0,False,True
0.7022429778947888,0.7842110826464683,0.2138438298345877,0.4864914750356036,0.4737491506262823,0.4913030122510896,0.37556792819529095,0.6107589288968804,0.3520151519094372,0,False,True
0.4663199609146798,0.469754928986594,0.29902340401417576,0.44863153468419936,0.5888590031620139,0.5420816017146921,0.43414803478755526,0.7805009164824444,0.49409650737734695,0,True,False
0.29224367501097437,0.36039470895331427,0.3929237948250493,0.5403507483933475,0.43659126120883274,0.5260225352098493,0.3222818203254969,0.5624721463898799,0.8512620192137086,0,False,False
0.5026251502738249,0.5451017186406244,0.20755581498889186,0.4794194819952187,0.6639250276506582,0.5637042049283836,0.6395553055803904,0.6458466342935929,0.3877573571171338,0,True,False
0.5026251502738249,0.6726070797229324,0.5299864134586815,0.49711715066653467,0.6096023315509684,0.4649939821825431,0.44827927912877985,0.4231156787489041,0.32433180199302025,0,True,False
0.5026251502738249,0.5266226888881229,0.594351385407365,0.5563185826805966,0.5816987273307171,0.5117768774069871,0.5665274088406949,0.6628336573556866,0.5433899787421236,0,True,False
0.44108321067034195,0.5290345808153777,0.5344976522228407,0.8254139138812946,0.5922956290999403,0.4081745991548705,0.4137096902042218,0.5608328758731234,0.357604328062765,0,True,False
0.6240090274106587,0.7609917175526033,0.2036795129582099,0.7807872852510811,0.6460103372139597,0.5681335017452998,0.3500953496615139,0.5572497164037212,0.3627401420506615,0,False,True
0.5886389867972518,0.7169552436578892,0.2902906612805373,0.7057079767658954,0.6295331577116275,0.28428888103067246,0.4484563093646342,0.0,0.6081102914156954,0,True,False
0.6537346220676938,0.6605502247120375,0.3979847165602353,0.5237046129157449,0.6922535599619354,0.3740793771495358,0.4618125548608766,0.3264295191287368,0.4429527510738414,0,False,True
0.5026251502738249,0.5854566348684175,0.18535132138332658,0.47696908851888425,0.5816987273307171,0.3943868977186939,0.18661958461602474,0.6136970098275406,0.4468586789577766,0,True,False
0.45125546811611716,0.34773573208996766,0.3654284261900555,0.4178534850373096,0.5962469588241244,0.6860626166376877,0.5025101404051792,0.39132811872020445,0.36850972088585987,0,True,False
0.40658029691127257,0.4297341976378125,0.3624466357971804,0.4955531508364613,0.511664555023447,0.6095713242489122,0.35524963873674686,0.0,0.6111534744482033,0,True,False
0.5026251502738249,0.5600515063070013,0.47922091041693315,0.28004883853357004,0.5569436932637939,0.43223539765842395,0.2536203619048794,0.6136177674300392,0.5039365746824324,0,True,False
0.5026251502738249,0.3356040451764659,0.5106241173919277,0.4912489151319807,0.6176767849711465,0.3449930280247043,0.5879112887846262,0.43858421438691564,0.5835094093586605,0,True,False
0.5136781227780168,0.46439063020641436,0.56829701155294,0.39730197484383795,0.5772112530420334,0.40187946089452503,0.3626817872417667,0.48306803447069957,0.5427649764852901,0,True,False
0.5272220381423127,0.5110136592744037,0.19701703866863132,0.40246686782239227,0.6085822837180569,0.5137948318384127,0.5987294364647285,0.3050359842892031,0.5469346813505119,0,True,False
0.44089409786206213,0.509100797496766,0.16710422944768946,0.576951936353532,0.5497278138591961,0.4994355912054997,0.7292712020675346,0.5470107734627468,0.506709206799879,0,True,False
0.6483084281219348,0.6111193771395704,0.22711462280587075,0.36540328059834654,0.580913074408671,0.22787665963873632,0.3285946718732238,0.5547256499314108,0.3756827044021748,0,False,True
0.6324371100028167,0.6367003669144646,0.31093458234474614,0.4183220282096686,0.7576855784462206,0.49943212366038453,0.31624633330821134,0.5925671061850756,0.38028935984205775,0,False,True
0.4834328606396575,0.48015173596890603,0.38538060441311106,0.38983163341629595,0.580058001007971,0.48971294924367764,0.43514870502145697,0.48541514011843423,0.50970064313477,0,True,False
0.5026251502738249,0.5790052444832775,0.49669979709381845,0.3198588349238098,0.604736225943762,0.3707724322102451,0.5120550404554397,0.6545692424768957,0.3138014308200121,0,True,False
0.6102297740543464,0.49503017996711607,0.5371601264376717,0.18589163409612192,0.6520922984659993,0.7869334483933714,0.579814303264502,0.5471696611600182,0.2642985910139264,0,False,True
0.6832037904615218,0.7413151831522667,0.2764148696563249,0.46193187725274937,0.6184268723544416,0.4001663524113171,0.6293917889928671,0.6670171832041242,0.3276243824054721,0,False,True
0.39284198073852034,0.3723143580476801,0.7039430052961912,0.4867785559295285,0.5497151630136412,0.1850147120977063,0.34599265195486384,0.5766844668990462,0.41940262482661134,0,False,False
0.3711371906689192,0.46328930555606074,0.5443147141443274,0.6305635971514956,0.5404462241800728,0.5294945211717421,0.5598761290120449,0.7595118874256432,0.7422767808126126,0,False,False
0.5202795412311392,0.5447025125967938,0.37420725382156605,0.7163060223281825,0.577597402251808,0.4684336318170644,0.4696778128718272,0.5619105553646978,0.40118406355415687,0,True,False
0.4194599899619758,0.5004569448490256,0.2302305562006027,0.7309755848234732,0.5810988102566472,0.3980523368095645,0.48050726296798596,0.5147225025669541,0.43317588065976337,0,True,False
0.409694539622918,0.40221239937170794,0.41115768228489913,0.5774247556824363,0.7060274349367929,0.6764272444442438,0.43780168242634543,0.61019890154719,0.6207134753909839,0,True,False
0.4398874290130257,0.4664605786649748,0.4276750334511932,0.7373159715403274,0.6218030824116065,0.4760304608979687,0.4235513057700444,0.48936231568202787,0.6864241925864126,0,True,False
0.5210260309304056,0.5235611487746407,0.6772540925368583,0.3881888087637545,0.5463176438389179,0.2815688327149744,0.4441584355526188,0.4358644563094537,0.35669924980766765,0,True,False
0.5038761981725488,0.5984835407474007,0.11705089980465777,0.6555859192466389,0.5816987273307171,0.37521325755547447,0.35187561363353825,0.6042522286716344,0.6297250579581021,0,True,False
0.5026251502738249,0.5531905974697148,0.4211781646188402,0.4805474768431513,0.5881327261193516,0.28588628907165375,0.40001586293379443,0.37413414955116103,0.3217560643444499,0,True,False
0.22490802036972576,0.34400738593613844,0.3765831083565761,0.6205303651233492,0.4663253137114848,0.36784871564402105,0.2576089605512865,0.5482517898733996,0.3810999878874332,0,False,False
0.404661884044165,0.4187937375966193,0.5182073421890244,0.6231298703157875,0.6297228298230968,0.6458478345957488,0.51464628655384,0.5818450530912349,0.590248366580152,0,True,False
0.593638484011208,0.7192359934610539,0.12492251144972363,0.6638269965427446,0.6944382526197065,0.29226580086723847,0.45616366198509584,0.6814960617666708,0.5593797851444969,0,True,False
0.5068641651019415,0.5781662792969017,0.3977860127042742,0.3935702992617364,0.5816987273307171,0.32161266753779877,0.39445170017255987,0.6373206945213311,0.5898582029808858,0,True,False
0.5683652511735298,0.5501628804289008,0.33009457581139523,0.6121326686091242,0.7132281768348135,0.2652276519712036,0.47271456716159554,0.49900502888868203,0.4310594253253634,0,True,False
0.5285884700357529,0.6216822128061597,0.1283140653624859,0.4645289858245615,0.5163219844794941,0.5897417077231355,0.49756100977713524,0.4064432913330263,0.6485384321603221,0,True,False
0.6953299791110199,0.7163670531328613,0.3062951573040607,0.34395070574492564,0.5727790823209457,0.35404501968500274,0.4864751458609249,0.0,0.3888264310601158,0,False,True
0.5741257934592605,0.5505490571962456,0.6575265392716542,0.5444548694176959,0.5816987273307171,0.1964640552223566,0.46186521740998965,0.5518766405426438,0.4013081871177456,0,True,False
0.5026251502738249,0.736839237199299,0.3976191824501651,0.5429044847741423,0.6138953155091368,0.4277628202653833,0.45150021794273154,0.48207663492202185,0.8791136079681723,0,True,False
0.40584362486347536,0.37597731312805915,0.42774840618691856,0.41484060779268006,0.5816987273307171,0.501852579817597,0.2461224075699897,0.8235177637711572,0.7421358686713974,0,True,False
0.5996078274775445,0.641713025652958,0.38814671081015156,0.34226012520498683,0.5920119352330725,0.5160289019351487,0.5752366315320268,0.5211497519263696,0.42776949032437456,0,True,False
0.6091637241269582,0.6538245816127747,0.4438197934666121,0.5733325362692958,0.6277741747565678,0.3613723810088461,0.39891708657271224,0.6445463439602029,0.5949940454455717,0,False,True
0.44557526103353284,0.474682077534634,0.35462123541298646,0.5270745213353837,0.5876146691004357,0.18551639047013652,0.5846700352141988,0.3749352692592704,0.4534518749947977,0,True,False
0.41932967865804477,0.5032658748516948,0.3052051695511486,0.637356962155343,0.5674145696653374,0.4296493274540922,0.42528827185914275,0.41719604411214817,0.43085370330246425,0,True,False
0.45955187109063944,0.46945548665983106,0.43402400826999604,0.4838723175564245,0.532741886040269,0.5659407954876703,0.7325520073728224,0.48180577551804565,0.3153560708001981,0,True,False
0.4335259924264858,0.5567236717488805,0.14780544158425316,0.7072815912284105,0.5580962537350007,0.4703216371152305,0.39170036447073614,0.5936624883495599,0.6550972078267502,0,True,False
0.475747279816171,0.6598208596670505,0.1528872298955793,0.8569385685219401,0.5600564827442894,0.4505264544454131,0.7263598236725715,0.3193092465348408,0.4203320066560497,0,True,False
0.5361508183406786,0.5106779031022198,0.5188242638656627,0.4197504273884898,0.5830268144497814,0.4457625064347414,0.4988876080849868,0.3457877846776901,0.6228033071021554,0,True,False
0.4210818255812902,0.524532337345145,0.23616562885926096,0.5912930466002431,0.5022509865413389,0.43416738679503314,0.49111638645592937,0.35817687151657635,0.68542527654618,0,True,False
0.46065976118332647,0.6219813698881197,0.20509576301733562,0.826355122638913,0.5816987273307171,0.41935713506371236,0.22262146854388293,0.6356178902047839,0.4944503690416881,0,True,False
0.6107518185315342,0.5885207631277476,0.3621357267714049,0.1802341255518531,0.5486909772433757,0.40602646224416467,0.41366899348514413,0.34278081793634413,0.5940626686062184,0,False,True
0.5087598171418081,0.4931976560189646,0.5085678082449074,0.31882788463010286,0.5816987273307171,0.4024285188943664,0.4546382175410718,0.6202056760202013,0.43494932214085597,0,True,False
0.6113330802858921,0.6045707702804698,0.6312457525138939,0.4897142662823271,0.5142022567263528,0.35172755493808866,0.5247876668086209,0.4580391956195461,0.215661838437553,0,False,True
0.33030744932790024,0.2669802483155713,0.3720604295317525,0.6219236081326011,0.6903869427050849,0.13829008234378393,0.41586322102074547,0.533947732822755,0.37327473034011704,0,False,False
0.5026251502738249,0.3470071781274656,0.31145612147385715,0.4487142723841482,0.687069592563356,0.5326061529465342,0.44922343692800815,0.5116280908448921,0.5043085463561087,0,True,False
0.43509876601489406,0.5248213669313859,0.27844463649225704,0.6712362616861176,0.5816987273307171,0.40528283132270043,0.4038244623892459,0.6838201060994825,0.6854830054687485,0,True,False
0.6899044268891283,0.6997548727375958,0.32753268434745364,0.524362335986061,0.6964782177390544,0.6755172385417176,0.512919764503035,0.4469987969238099,0.6030226044964265,0,False,True
0.5796874647531598,0.5537593146811974,0.24943366439996198,0.4457229439121136,0.5816987273307171,0.41894353031084436,0.23449334845478204,0.43028339414643574,0.5594274796508273,0,True,False
0.5026251502738249,0.586642041887172,0.12354281966400787,0.5727696554535947,0.8655335179063115,0.41993138262523005,0.542230644713223,0.0,0.5680925129765039,0,True,False
0.49391915374763046,0.5760701688573232,0.16455512657761456,0.5807597400733882,0.5550175090205912,0.5942671164481603,0.5353919605488191,0.5476865916809969,0.29090781690343837,0,True,False
0.524137457299616,0.5127725942667049,0.3931546261074658,0.508246596921294,0.5603338959542756,0.5576598249770115,0.42809843496405564,0.5287197774229065,0.4699402225005624,0,True,False
0.5547224610151635,0.5980792550854769,0.3911657969726065,0.5928678513525567,0.6677867895151933,0.49422131586810353,0.5082473719907671,0.5627674706228198,0.557742921775742,0,True,False
0.6024267739778535,0.6987722783627084,0.1724348021454358,0.6314644415371572,0.5349005060212848,0.4278879177553702,0.2251783965660401,0.39373135752661037,0.3247707227579757,0,False,True
0.4922535158589414,0.49563508416988167,0.2143579211098346,0.5099361685191846,0.5817745676205601,0.5721645858004196,0.5511956085884098,0.6569327838054498,0.6634405068830295,0,True,False
0.424725770677549,0.5191284914926498,0.20435854979511972,0.6722307749487707,0.5531985100026191,0.5568747242924894,0.39139577732401376,0.4328794063520592,0.6529839438194401,0,True,False
0.4545597412695074,0.5803231009206793,0.15636751811583335,0.7369018206270982,0.5443580811745353,0.4985649549122207,0.6496651732730466,0.4667075396439442,0.48950340371087714,0,True,False
0.38084280609714866,0.37187530805517854,0.3180784087109303,0.5318308973852068,0.5880508205845022,0.18276239269427724,0.4635470801170295,0.3681245060497816,0.62107655642236,0,False,False
0.5026251502738249,0.6716486191430527,0.1693277103580604,0.5640831337570902,0.5824775968941769,0.6307984369657329,0.4526261113411322,0.6853458050421688,0.6332034262264777,0,True,False
0.6047152463017438,0.6410883724465085,0.3645304168740473,0.4944710832205203,0.44866526701107523,0.2597860583102886,0.5955592244494498,0.6253330646345178,0.4720401852448511,0,False,True
0.5304481436449887,0.5249091520412268,0.6020730432577248,0.3717540838270763,0.5816987273307171,0.7152524733882859,0.6335777961622504,0.1946766008806075,0.5508292329964116,0,True,False
0.8013667673716782,0.6897214021074648,0.35383628707268644,0.21309715277119343,0.5816987273307171,0.3366877962974634,0.5212433290192653,0.5171779136881288,0.8129298224696409,0,False,True
0.4077512453808566,0.5065426557634418,0.19493349185007414,0.6212528314874421,0.632255351454362,0.6923370080219557,0.4658102787861108,0.0,0.3581555783070819,0,True,False
0.4685448489472178,0.37971073778749875,0.3661872193186015,0.5799693396609138,0.7343645108003255,0.37130955001499616,0.3029679105596946,0.44254247548826714,0.41869219717609113,0,True,False
0.40045108753762254,0.5183439228034168,0.19681544268006754,0.6416245957526787,0.5189325695786009,0.381427574681857,0.6254528749908109,0.5394066292178614,0.43462667932388815,0,True,False
0.5026251502738249,0.49253480026878915,0.32821687002972244,0.5040232777527092,0.7171507054902954,0.2858805202040166,0.342469697537599,0.5757378179725686,0.460836061083639,0,True,False
0.5026251502738249,0.5063156907920161,0.4706866394399321,0.4098640166149476,0.5801172462435737,0.5198648602852067,0.49085877593000393,0.560327865016721,0.41914722890013606,0,True,False
0.5026251502738249,0.6400563380629453,0.13793674609425224,0.6432447156091469,0.5816987273307171,0.33864740893494155,0.5069290126129123,0.5178087591266578,0.37630924839932683,0,True,False
0.5385241268391894,0.6524822187829007,0.20178541628520763,0.716679815651314,0.6139784681457527,0.2828651724670826,0.4049452036741324,0.6659658472410728,0.6927828829316999,0,True,False
0.6321216232494928,0.5453442498355996,0.32522795404732435,0.37811629860235324,0.56955866995325,0.30600726730702116,0.3709908508256245,0.3648228407828067,0.29073010466791827,0,False,True
0.5487687481723384,0.5957077186167806,0.20363097051920798,0.4947429326798279,0.7156922506201328,0.31235624255294264,0.45882438840170137,0.5615005007541107,0.6795814126901752,0,True,False
0.5026251502738249,0.4553494582343628,0.39610127996591044,0.5229465845231888,0.5816987273307171,0.6822402551480955,0.3582328469709168,0.4523795425815365,0.6192753742767984,0,True,False
0.46058507370780494,0.4866223370059025,0.29783044116788016,0.6556451291108245,0.5816987273307171,0.30098429521648346,0.4497863872830363,0.594283226497478,0.46931562122878284,0,True,False
0.7285294781620261,0.7590801988803961,0.4660081181495952,0.5940191965858134,0.5609246528061912,0.6481991434203092,0.25298262985378234,0.0,0.5549003618863274,0,False,True
0.5547276185847712,0.6370363834311121,0.2401125046085382,0.44421264732196275,0.5816987273307171,0.5262180936977305,0.17424372753496215,0.6688902566998054,0.42053799246565576,0,True,False
0.5026251502738249,0.5218481473119368,0.2827235804399124,0.6597045997776743,0.5816987273307171,0.24888721815438436,0.6464684778108821,0.4934394063889743,0.5065798658307682,0,True,False
0.6968984019929165,0.7146719602042765,0.28928320963108883,0.5320589388786999,0.5816987273307171,0.27319645452802416,0.8225159685459603,0.5881412419142472,0.4346774924968841,0,False,True
0.5026251502738249,0.406132198403794,1.0,0.26313843881573357,0.5226143186918367,0.342014840014827,0.5765018433216598,0.6608624965642348,0.4558152019597846,0,True,False
0.4576284151914135,0.49132052155616734,0.28782137189545703,0.5566150986571979,0.5780369848505914,0.37998185476702356,0.578605997774388,0.513801786740049,0.5906538598405063,0,True,False
0.5026251502738249,0.7458409706982565,0.4686541377553658,0.639715926596644,0.6696845503331991,0.5214853293777846,0.5219568692877982,0.5680598212864296,0.6139233666743477,0,True,False
0.6032299399267268,0.65685932214076,0.47032324462835806,0.4561921851220059,0.5816987273307171,0.31515048700223275,0.4733417640040781,0.485747677310493,0.5578948499720745,0,False,True
0.2955032080438712,0.24993934578888446,0.2755219377575984,0.6497229329397234,0.5507823155747223,0.3133016469617029,0.21641045782185458,0.5698349943985893,0.5440264750696601,0,False,False
0.5482795443612406,0.6741898884850028,0.38341150033830645,0.6305672843063511,0.5816987273307171,0.089409945564357,0.6229658155332902,0.48884157618631263,0.6788543797885161,0,True,False
0.5026251502738249,0.711847127560793,0.3391416810998056,0.4814291399698369,0.6290642653927683,0.5352242615041924,0.3161543771906771,0.6769389220636447,0.398647154780377,0,True,False
0.4072214978650363,0.44638332304387895,0.275842994255882,0.7189050039606284,0.6981661424679236,0.3451727559854118,0.3360977034875847,0.507498631221542,0.8520993567381365,0,True,False
0.45546974479432306,0.4718235921010975,0.6718865984238781,0.49455344482618185,0.5816987273307171,0.5339119757797326,0.43259722922983157,0.5243172420315585,0.5126839695017967,0,True,False
0.39412409403003584,0.5195577958046755,0.28432843749598796,0.7963880834097549,0.5816987273307171,0.4904098617008707,0.3958499725183429,0.3581788656290761,0.5810372485348715,0,False,False
0.27532983417157514,0.3045581774553342,0.31718998154852684,0.5793739631897301,0.501044206132024,0.4809377564384622,0.5618667299591643,0.6554179139903598,0.5370457640051073,0,False,False
0.5398625930335396,0.7486938485076758,0.26798465932427845,0.8510680680044924,0.5816987273307171,0.6547930962769586,0.49634588859124906,0.6572025061709268,0.5140868343054715,0,True,False
0.5276738402494907,0.6052443752398144,0.18674096730251935,0.6983702138539518,0.7002389947670505,0.3065828149076683,0.49749077284048704,0.6449122375389187,0.4500996921921128,0,True,False
0.5545296504696117,0.5306251880757737,0.3234202976718286,0.6256274767644935,0.6948196010764637,0.33852604684378235,0.3538689548244794,0.22923233693685477,0.5035992033855939,0,True,False
0.5026251502738249,0.5735380574249452,0.40225016502762284,0.5381509124080252,0.5692811244055851,0.35817192741485154,0.269083237059253,0.5594994895862714,0.5298204536916019,0,True,False
0.536382157508475,0.5260796636923063,0.2745967212071893,0.6625318695020141,0.6185308783888454,0.14841772164186057,0.526055590797312,0.6695050290444021,0.5429866036815213,0,True,False
0.5026251502738249,0.2628070828965914,0.3613798918472063,0.6027035633632027,0.6310854806896069,0.5081329581003178,0.5533645736580552,0.5022560968003762,0.6068055462113694,0,True,False
0.36123361040561935,0.3919436346820294,0.30675046068147627,0.4617529150468973,0.5023704631308776,0.5886383553903967,0.5200167808369469,0.7825694606715309,0.5638628990672417,0,False,False
0.4164672892123642,0.428140913478566,0.48763982039625475,0.6325711607139735,0.583465620822141,0.5467620939086841,0.5542763783425033,0.5585034561467251,0.7075282001185336,0,True,False
0.41854931959847835,0.4209947874198492,0.31047863929667296,0.4845151827631848,0.5975942279708824,0.5016853260830807,0.6723785079344348,0.4953106381218161,0.2452888687579149,0,True,False
0.6351195750611976,0.49851865919267146,0.6810548492554178,0.2393405742275925,0.5909914740281318,0.48891970359059894,0.4412070470567574,0.33538415819492895,0.5809414311447222,0,False,True
0.7253013623163523,0.713758050913906,0.40119062135297234,0.34124073679373934,0.48517797736585344,0.36041353142001425,0.5043524435596028,0.5685875902714153,0.43125340681935537,0,False,True
0.5026251502738249,0.652904919059264,0.5218059939939869,0.2579136996061478,0.5473133593482649,0.44030573259188327,0.36360502758744406,0.4568454990095113,0.40291867676708154,0,True,False
0.5487968939358483,0.6316590516893966,0.413010829428058,0.7485687334200903,0.5816987273307171,0.3345583444687749,0.3775647218236683,0.4150062474833112,0.6298587812431121,0,True,False
0.5325386545153036,0.6452205755530133,0.26140366189282166,0.6146459600821371,0.628093315977304,0.2626348553796269,0.4181979086517805,0.48209625128843303,0.2798949888677742,0,True,False
0.5026251502738249,0.6184908488732123,0.6156856254501175,0.6221009221918772,0.5816987273307171,0.3254060378432723,0.5065530089334608,0.28969685978067156,0.2920741391539141,0,True,False
0.34370232070023093,0.37367525935159274,0.4470290475407023,0.5649740659582353,0.47439675415875726,0.5946883536371643,0.5400703898259781,0.35331693281188786,0.2667787764877364,0,False,False
0.40858117708038,0.4897064835634731,0.21578916900411022,0.6185492350872198,0.5816987273307171,0.38475529594599395,0.4276543123369527,0.4236090903028325,0.3901031378037953,0,True,False
0.7115359383395851,0.8316083328502634,0.30246943220157574,0.689529521677881,0.6596617954157623,0.482755137428344,0.7419344315594322,0.7545093680514051,0.711966438850541,0,False,True
0.2307837932799102,0.2660702867080069,0.21952019071234902,0.5075500148920842,0.5659742796575173,0.13980977822945206,0.6209248666784408,0.43901708096493514,0.3463642577367827,0,False,False
0.7277451896393347,0.8674027205032359,0.11139838225347141,0.7427428904364398,0.5473559268672369,0.4483549524616239,0.4088735274479818,0.6327501996318434,0.6022392668840019,0,False,True
0.4473505201234133,0.5025559376814062,0.07940253617512005,0.5833573980716049,0.594253345879597,0.6798959138667364,0.47515107851909033,0.0,0.5946150796680373,0,True,False
0.5285579567086983,0.6614057155177433,0.4648128923671078,0.654380096216708,0.49233145765164177,0.4474585779626336,0.3727031587466296,0.6314877324003231,0.44502246509798865,0,True,False
0.662262038889558,0.7575170572096362,0.4365936882150353,0.4238575526964498,0.41373136056352744,0.5005930329624091,0.3899113396267566,0.7233936643494524,0.4337688849132218,0,False,True
0.33601311907167547,0.44437964693283727,0.11013478307932921,0.6759328952809984,0.5364016393096909,0.18895182358402401,0.2248826168829116,0.5105137763846375,0.5084126299756367,0,False,False
0.6181994750102004,0.6193166999667313,0.23771563748367186,0.4549548777935296,0.6736572417596361,0.4116165592520398,0.2587938524470873,0.5831665856167921,0.6992130625070349,0,False,True
0.572769424926085,0.6553670856375253,0.44468953662603633,0.48057614621006944,0.5816987273307171,0.5475768682160791,0.24968073190965523,0.4498616911618252,0.5494950081580706,0,True,False
0.5849545254312908,0.6607971912961951,0.2114171121220194,0.4427362993576342,0.5824898861140009,0.7414101951365855,0.485110233339918,0.832250447822763,0.42319872495327143,0,True,False
0.6672208430978857,0.6637771711104841,0.2944388637406808,0.4510351398767855,0.5816987273307171,0.19777446022905815,0.4102971167761528,0.7392264204562836,0.5953462847460999,0,False,True
0.5026251502738249,0.6558768293278979,0.3000066332401917,0.43469330717947735,0.5816987273307171,0.5137840767724668,0.4395650114610876,0.43609927461300113,0.5053602175377546,0,True,False
0.3494257171400996,0.3847562944745724,0.1516856523901997,0.5866979624453412,0.6272874114650161,0.5515156107183172,0.35469823333197587,0.4897902775694591,0.4640328899902186,0,False,False
0.432629846041599,0.5960778204357667,0.06763401976584346,0.7166577895759007,0.5816987273307171,0.23683819505693565,0.5964136828822091,0.4283817448154515,0.36076022065521873,0,True,False
0.4039369587478709,0.36029345531025025,0.3111496678156049,0.47275451439540267,0.532611676512045,0.5043399078559745,0.37438378819322576,0.4970433970005097,0.5579792479535045,0,True,False
0.5635902394757056,0.42538787814549306,0.2844391464314254,0.5314567225165776,0.5816987273307171,0.7915141411064082,0.7577455258136074,0.2640010545554064,0.6025219819785322,0,True,False
0.8505528449764167,0.9092272517112411,0.27521365277643134,0.4326412942074005,0.5816987273307171,0.3826941519548465,0.45453523607761315,0.5162223002935425,0.5306136170436954,0,False,True
0.6293908748383601,0.8080667890749001,0.1940273729564838,0.7959729948133203,0.6570325036377437,0.4477182795704469,0.5269226192042828,0.544697447152074,0.7822643198356363,0,False,True
0.29475580788679384,0.23791938732827198,0.6601598440070721,0.48046584625978656,0.5816987273307171,0.3683170869958298,0.5208196052478706,0.5521526767328233,0.3884951391679699,0,False,False
0.4096684756185846,0.3690338866077195,0.464766878056215,0.369555692061007,0.5816987273307171,0.4967504340953249,0.3832164759513034,0.5287262122496575,0.49821417817240093,0,True,False
0.5714839858087492,0.6894913544705965,0.2971483101152163,0.6239788580737977,0.5084964189777178,0.37577943306617506,0.4326642009615974,0.6653735763343406,0.5803005327623422,0,True,False
0.6267891050086316,0.5226661434339481,0.3521427921849229,0.3443447780361597,0.7335882768068241,0.4442348608262319,0.37069671126015663,0.44856563687469414,0.4501226818011321,0,False,True
0.5931307884463907,0.6366453752192403,0.4221188214452425,0.528921616658337,0.5816987273307171,0.32665531939247966,0.46680401150004946,0.5624985832180015,0.36730132376807156,0,True,False
0.3630172451205259,0.5235373062993888,0.2859846957818449,0.6856925200295213,0.5135561901928624,0.40512597791576516,0.3872455507621428,0.7151803095024823,0.6818639936592953,0,False,False
0.4152533205709511,0.49547965055019383,0.16075959634694895,0.48414811554793163,0.5126007936990261,0.4548504682360575,0.35395307588924707,0.6228212488341334,0.42946226756487266,0,True,False
0.2444567260154562,0.34048251310293776,0.257718516729305,0.6154765995307953,0.5816987273307171,0.6984013525055899,0.3219647511200559,0.7643159149535063,0.4209200179100799,0,False,False
0.42238391883033677,0.3669890466651421,0.23227242731768688,0.45456713348137817,0.5816987273307171,0.429401802559314,0.4683296394519004,0.4520645966994315,0.19849347124516792,0,True,False
0.48450169568718465,0.6849921888683755,0.12958980717572083,0.7030028369125737,0.5816987273307171,0.5587651079680773,0.3597971883194966,0.7378018472511464,0.6293832765587041,0,True,False
0.488289996215392,0.573958324778192,0.2955424753033551,0.49791422203382457,0.4796093506258986,0.5473387129709699,0.4447863332881703,0.5677031485660228,0.662225042059739,0,True,False
0.34888487347282926,0.3232802724181788,0.4608965549433945,0.6331428553906072,0.5816987273307171,0.3578159900707793,0.44566577649634553,0.5929366369081205,0.40966166293181155,0,False,False
0.5951109453610268,0.694834866985522,0.1857745113841968,0.279549064108651,0.4187200266574276,0.39303644362524487,0.5061595326644279,0.0,0.2349005255372909,0,True,False
0.5585470824235258,0.6444685948233115,0.26406171571733766,0.5276955211219628,0.5231593835009367,0.4052139583367033,0.5048128818686008,0.2591540876364433,0.1800599755842314,0,True,False
0.3877397795532342,0.43376443055405445,0.4040513876261658,0.5960928210899079,0.582582742604274,0.38280368930659886,0.6122279262655878,0.5644456188794507,0.2642925954927632,0,False,False
0.325475479932904,0.39533588527297914,0.23117127112772323,0.7130555835365943,0.5816987273307171,0.5285604199756289,0.218303617957246,0.4395186144857712,0.5562974710810263,0,False,False
0.5237859605146664,0.5151254470345911,0.5260148867681138,0.4692272574304562,0.6032044304796523,0.5405906176726092,0.3960715049827287,0.4936101806472259,0.22537413618478686,0,True,False
0.5081704799551391,0.5408280257469007,0.43840762490708607,0.45595195762552315,0.5816987273307171,0.5526535823585976,0.6323478367049388,0.4785938743953278,0.43726270859594124,0,True,False
0.45549646171367486,0.445406757549519,0.25873235932889393,0.39779275676938225,0.5762478252698439,0.22783444303384998,0.517383418632553,0.43221034745078707,0.535902268096427,0,True,False
0.6670167870307601,0.728871405766761,0.28069136114805765,0.4942366544449078,0.6071085354660595,0.5669120029215424,0.6721385161274253,0.4698976963386931,0.07989650233339306,0,False,True
0.5026251502738249,0.3015196721796466,0.28090124386777615,0.4669788201123081,0.5484169966742273,0.6000814351828871,0.5026072180164443,0.6055265056190349,0.7735530874704633,0,True,False
0.638134115006126,0.837165218996396,0.22754116952946,0.6087093839389134,0.5378977838059116,0.2688718605752341,0.5542107282671794,0.38632552410629195,0.5529961281368035,0,False,True
0.7571849994326543,0.8253296538736482,0.3486894193218267,0.4509447423020769,0.6288194157737345,0.26166725899720494,0.3988811731750881,0.0,0.7615239768938782,0,False,True
0.4884869076233955,0.5396029383873157,0.18973903980360907,0.7258473132301131,0.671387123561853,0.3188194386192634,0.4875118033824596,0.3276223200474879,0.6289537256140035,0,True,False
0.40006260839075747,0.4938184025840008,0.3298630378504744,0.7359503896377414,0.5891669467342182,0.3267873267637978,0.3408382377756466,0.5361110809626871,0.5505830344783434,0,True,False
0.43589523614795384,0.47866906615551685,0.39200115706057886,0.5325513722163111,0.5466629610630765,0.6022750746236694,0.43211302061341594,0.48125367294124494,0.15930682194054394,0,True,False
0.4636373568896693,0.5136151509201127,0.4947386991301969,0.44681948569140206,0.4786878722604826,0.5166186787634006,0.4894241246887985,0.3754189404988212,0.5525304182723197,0,True,False
0.6076413621481521,0.5452212656921888,0.3247163600422685,0.47785172268780635,0.611103772071383,0.6547700223952533,0.26162294659941865,0.6343812067647627,0.45978329271096946,0,False,True
0.5295205957524844,0.5405318343312089,0.2814883860805698,0.4663166988002743,0.6424576873487894,0.2088797511692782,0.42061566605729117,0.6479432131893245,0.34791187488394815,0,True,False
0.5026251502738249,0.7434839045874254,0.3263425994550935,0.1730141258856423,0.6293422522227851,0.47824047950781606,0.37669973310708216,0.5561669617764474,0.6988925361661703,0,True,False
0.5418739848501731,0.5203568450735808,0.26415996800881236,0.42168496502406866,0.5816987273307171,0.38701112461688764,0.448508887285629,0.7678332506118535,0.5485602346860968,0,True,False
0.5073820267957517,0.7332724878904865,0.06739018738040871,0.615245578216087,0.46609199965524617,0.1520604147261307,0.6215703221013144,0.549530221238227,0.5610122065921138,0,True,False
0.4395354231412226,0.41993800319407104,0.78571422166076,0.5324307942590834,0.4845224546781496,0.285443194758454,0.11338621868121636,0.4445080284367729,0.6371659024195097,0,True,False
0.16976914828285367,0.2990002350802766,0.18656818294430713,0.7532530630333644,0.4898145972055026,0.5638220464119374,0.25062290277413973,0.6131061858200383,0.41202831691226577,0,False,False
0.5367739761402814,0.6094029695090024,0.27413420491409246,0.5530364768580641,0.5870297329672166,0.528407081972837,0.4725231535901362,0.5297597454094015,0.5388035848829463,0,True,False
0.5317992352186364,0.6455239429391674,0.4009537777508936,0.6963991529021478,0.5816987273307171,0.3858152340191208,0.5109570503430556,0.7005072063973927,0.4136688563460417,0,True,False
0.34537840915578116,0.32232722245071366,0.37287260222790014,0.40768528141679083,0.6531621429025182,0.6749566000898617,0.35654418851944353,0.48705892416082325,0.4128872391758836,0,False,False
0.5983056946185441,0.727989428147191,0.4515668972951317,0.5282601464385629,0.6080663146325644,0.4406089694769593,0.6306086713414232,0.42645551400777876,0.8043038015992472,0,True,False
0.5675649334953451,0.6007951143907502,0.2700699356423266,0.34390140874427844,0.46421881303304824,0.5188045063788036,0.45938147369333704,0.659703755723153,0.40374952729954666,0,True,False
0.6234127768802196,0.5621762865102725,0.4137661604116233,0.2722691524418778,0.5621894794807637,0.49046202627184937,0.552163136909933,0.840772096363086,0.4502818019504656,0,False,True
0.43495934616408516,0.5797597777798008,0.1809046334146624,0.6682072367008802,0.5348373141190547,0.6125379090744887,0.36300069296308596,0.3863335795389118,0.5514957306127878,0,True,False
0.5123087910865589,0.5221675728405217,0.23611888197593303,0.48572249076756596,0.525142586891715,0.600755338166787,0.39962381768709865,0.8723469259813857,0.30898386092991303,0,True,False
0.595210963203186,0.6859118297319549,0.3047446121100019,0.3071383989933307,0.5816987273307171,0.3554118343299168,0.49505958719635756,0.44433595726088615,0.3702589502785365,0,True,False
0.5026251502738249,0.6693748734832762,0.3470890814899453,0.6513881125797086,0.6581024003292809,0.3385421072913097,0.3823290437272871,0.5364711028325337,0.47364167787081285,0,True,False
0.3259550459631659,0.38258477075990627,0.2162284626307141,0.5595238237423446,0.5953598808155856,0.5991413095252822,0.4576241136216863,0.5539277287879416,0.6381507327617454,0,False,False
0.5026251502738249,0.48477524308994324,0.4881189562206097,0.5967617161680174,0.6564397340446558,0.3439143672723585,0.5928952142921486,0.0,0.39184845200157675,0,True,False
0.2626317852417695,0.457922979531336,0.3654843408618456,0.9629246201129661,0.45486621470976196,0.7313788718101217,0.2370271053756512,0.3968826856165094,0.7584558698713921,0,False,False
0.5026251502738249,0.4422468812075411,0.3745546388010952,0.6180686974392359,0.5909937119352631,0.2603292134152531,0.4808080578649663,0.467450236424168,0.3908400496993704,0,True,False
0.563505695350444,0.583877541696881,0.40478191955147497,0.5435837099124443,0.5816987273307171,0.4750879089439463,0.39577316437041005,0.48430997416536753,0.4885688600425718,0,True,False
0.39469775321736733,0.5104391129183132,0.2592848363117219,0.6226948161953098,0.5816987273307171,0.31823953093549623,0.3791001152296733,0.600190454265386,0.5580284788016413,0,False,False
0.3470039715423779,0.40720642721398714,0.5346837881382667,0.5743486946453773,0.5816987273307171,0.2726271991764017,0.8010734058600787,0.6113519936080773,0.5068958681229644,0,False,False
0.23377286410846762,0.35568788996380496,0.11637612214470566,0.9114688937737387,0.5899708267000153,0.441063229639367,0.31643196272894963,0.0,0.5423550987892484,0,False,False
0.5083984755964325,0.5033431525895095,0.5123941194604474,0.4724099575584079,0.5861673839544055,0.3481532294506258,0.6465132379760248,0.6097992256204232,0.5451695475605943,0,True,False
0.5587326687786992,0.5534103028237678,0.3626895929484644,0.3860347202858066,0.6081299507265283,0.7204572197162438,0.3859415066005344,0.6045513779439811,0.30835052346599634,0,True,False
0.3095755575367523,0.393182792420983,0.2139430763188291,0.6459433864221227,0.5476425688653518,0.36029533068069547,0.21492124671724155,0.6258313109881214,0.21999094294100763,0,False,False
0.5026251502738249,0.6043095634547757,0.1595664685063335,0.7654109620323558,0.7236708082959632,0.5349884375895444,0.6405204592762601,0.4117031243408663,0.34217228092030305,0,True,False
0.6313988501582969,0.7204941588602916,0.34247419293435966,0.5765684749644495,0.6080362273550948,1.0,0.5639042448959738,0.48431821723912155,0.31537898551313015,0,False,True
0.3779047769176556,0.4098777941345937,0.14685129748536271,0.6982439347668652,0.6520658143969714,0.49503400449767193,0.3456251911575626,0.5428117823679758,0.39337750345672834,0,False,False
0.5623765494763715,0.4904555028539125,0.41073254315972946,0.26325364787369765,0.66325079561546,0.23380977735675762,0.38055269912564116,0.5254005696754946,0.3509912855808126,0,True,False
0.5106029237065953,0.45645437013311696,0.4980641364409952,0.34331316096548736,0.5816987273307171,0.6022483863258186,0.4738627939237148,0.463111280784046,0.540474536001394,0,True,False
0.4609718006710378,0.46445794487951186,0.40942769066244455,0.5694348031893119,0.38178852122760465,0.3410651559057272,0.5193640627128955,0.0,0.7786471809477231,0,True,False
0.5026251502738249,0.5164873035034987,0.32767399975242045,0.5047311221265153,0.5816987273307171,0.23318764306913936,0.30237881450456633,0.3723069451076102,0.6598628317634591,1,True,False
0.4038656388185251,0.45093637446178225,0.2645091659296142,0.5425795864527436,0.7354604990312698,0.41551083033159003,0.3683851486227066,0.6942142464599801,0.381218464407508,1,True,False
0.5464773740900724,0.6966402638347703,0.2463783530635784,0.6713030444638954,0.6943608946156025,0.42642094606631903,0.600903897350172,0.0,0.49039721756431515,1,True,False
0.45844307551407754,0.45708331691086335,0.31682076644588797,0.5514263889745195,0.5478649499108628,0.36754473008389194,0.6227567345628275,0.370007494416216,0.2308520981154979,1,True,False
0.4891428651853503,0.5525906224866531,0.42649160374224293,0.5469411593380749,0.639860647720366,0.37780775947978257,0.7639830796021514,0.4121056359083014,0.4471975059021291,1,True,False
0.49940608235205614,0.382833804048916,0.3295006684099671,0.17975654848212594,0.5745321345689282,0.48729229700794113,0.509018309121871,0.5592318619632797,0.4301046625708776,1,True,False
0.42319996207188154,0.23231207925576788,0.24780630386404232,0.5125659397744017,0.6217124608110866,0.1680560123790692,0.42379858666492276,0.5959338232095844,0.5178536403283823,1,True,False
0.5376200282168926,0.5249883788362204,0.6263309405087645,0.4903614498229221,0.4591695162144712,0.4683564356412034,0.41593465352046444,0.4707907773253663,0.5101575210112949,1,True,False
0.5026251502738249,0.6733290262631422,0.596316908848733,0.7552420944129709,0.8695697242728107,0.27311049450594344,0.5530833711511308,0.4894915701922399,0.6427973809520543,1,True,False
0.38033153078895154,0.3459475718075923,0.0066956707326597436,0.6302400341711527,0.5816987273307171,0.5517337697421323,0.49711355303331584,0.48141237692693806,0.4163364256414959,1,False,False
0.6455947192124446,0.6526328630726274,0.5587750882065401,0.4087105548907501,0.2899000111192371,0.420000008604744,0.541433773037849,0.74561002233937,0.4265959333943519,1,False,True
0.4247134745179256,0.3781531459362062,0.19761456894349058,0.5903812404466177,0.6051436709429104,0.5064857583896967,0.518217130872715,0.4619839650411018,0.44305715188828326,1,True,False
0.44250620414177,0.5368714348755451,0.31212314616226244,0.6857579785278187,0.6075374725253101,0.4267121389163901,0.5751898492971339,0.6845272367262372,0.5192963248747408,1,True,False
0.6473444517566279,0.7225371101969866,0.45379549731516344,0.41471394385445615,0.5106963626844774,0.4422624186094683,0.7257491493758722,0.35218759879924216,0.43115331008979546,1,False,True
0.5098163355311182,0.591496124424724,0.2821658735006522,0.5442605241048876,0.49041754786794156,0.21466087926507754,0.4167052672444692,0.5151055674594538,0.2862887786797288,1,True,False
0.4451436111756909,0.5848416766353729,0.19421247342274134,0.6425079705806842,0.5816987273307171,0.25156723232807837,0.42325653165289323,0.26482089848400353,0.03621006046390062,1,True,False
0.5557763342316363,0.6326353077184499,0.6594197728176141,0.45354978000121293,0.4923709842119527,0.6684100495745937,0.3660170788630777,0.41230439726305085,0.5959589288508417,1,True,False
0.5107175796472893,0.694130516012687,0.2362242096920691,0.6461662821803075,0.91445009530842,0.32220426885921977,0.4891391644299652,0.42516735565948427,0.2238401974030071,1,True,False
0.32672319157921953,0.3147327042229695,0.36448598938193766,0.6136850922704226,0.779313948595769,0.3335025412672746,0.34716143689257006,0.5541785747077188,0.30941575453941417,1,False,False
0.44137943411796715,0.40748829937582687,0.34826598974558937,0.6036269760215587,0.4074669391441881,0.5740723389451154,0.3375687573336896,0.8052626576515688,0.283978244517164,1,True,False
0.3975948901967705,0.38573304272460196,0.23402717610004456,0.5995733619886481,0.5816987273307171,0.3612195608716066,0.4597914644361636,0.6069771605951269,0.3733712864112597,1,False,False
0.5026251502738249,0.4086556220985458,0.43083633316341935,0.5350310495731005,0.5485047094691369,0.33424291689801816,0.35460549444480693,0.4576670674817503,0.6970655611794693,1,True,False
0.5132262653102174,0.5885232055852961,0.40371618946742643,0.49620896953732346,0.5816987273307171,0.5601061473098263,0.5321321174889101,0.6079191429988126,0.4737846431481371,1,True,False
0.5026251502738249,0.4116326004318688,0.2236601597165825,0.629959292488268,0.7151890998342562,0.2844591281863928,0.49841728316322587,0.6071380927719412,0.508896258902643,1,True,False
0.49931804833095683,0.6474306319844533,0.28500207321474674,0.5398721487352506,0.7069499344687818,0.6045583713289973,0.4439564734955951,0.706633428408443,0.7060771402567664,1,True,False
0.41505300408830126,0.37884368017106385,0.4120859130917202,0.5888192924191938,0.5237180381452794,0.5467594177254476,0.4768844814552443,0.6217310488643183,0.3756791192771863,1,True,False
0.5317261322854786,0.59491869107432,0.32316148131978206,0.5390451287378245,0.5816987273307171,0.6000807223137525,0.44361017872001796,0.3988487868541174,0.4482635099506545,1,True,False
0.312491259406403,0.35113525476552143,0.2801570220295124,0.668996959517089,0.5816987273307171,0.38608727036755214,0.4412185582661766,0.44824679266227124,0.29875361076460316,1,False,False
0.4716099836798146,0.461387987865705,0.34949679942403455,0.48761856600388426,0.5111243141162254,0.832524765183295,0.26300555627985117,0.5523928481828294,0.4050852873857325,1,True,False
0.4898209827002486,0.6738627707685455,0.36585252909996957,0.49119835955397,0.6792186655560682,0.40386000253777826,0.564221256830113,0.5015325065442933,0.5400985192298425,1,True,False
0.5026251502738249,0.4691474040529605,0.31466799272860035,0.5955485640550081,0.8050642299669846,0.16630826576795193,0.5559408460853478,0.2663029991018539,0.4609902407124901,1,True,False
0.48498720153244385,0.5436066856792766,0.3646052311115464,0.376903506480522,0.7697675203451728,0.42142963842560605,0.5255404262681785,0.3829006906402506,0.5789503129577321,1,True,False
0.6114535207843459,0.7158884016468297,0.22877320353153743,0.5559217354774707,0.5311217971092741,0.558009804597092,0.6141282962364946,0.4594079367881531,0.28156789210154165,1,False,True
0.5026251502738249,0.23846888777066697,0.15799670210138309,0.4685039485276879,0.6399941884923929,0.4089375840319283,0.6695850018618709,0.1812221608974124,0.4419503757510615,1,True,False
0.5912184427012068,0.7077726077497933,0.20350737366236507,0.37391252768444694,0.6883001596553081,0.6649847103235389,0.4988513939139779,0.4953758193056641,0.4351151618240689,1,True,False
0.5026251502738249,0.40026389840469145,0.21985888022657937,0.45259766290696213,0.5816987273307171,0.1893175518896119,0.42041077759095824,0.48449452664541687,0.6841501224954915,1,True,False
0.49437550309577644,0.402115612376421,0.506617777926007,0.5187470269015275,0.5816987273307171,0.612342852466967,0.355639333967359,0.4807690460656608,0.3952324216062952,1,True,False
0.4026373971447146,0.4051891604607245,0.442694083774171,0.5140294718525706,0.5678689935981347,0.23842810686394617,0.43721871238824717,0.2887929654472607,0.2944106822672681,1,True,False
0.4719645221929964,0.6678967790962191,0.42852524161967503,0.7221777113874223,0.8216356989413633,0.45786126028864443,0.5161380487272765,0.49185005104987545,0.3775971296337744,1,True,False
0.3536723942967605,0.38368958755826166,0.3250309343592402,0.6758177536352882,0.7444495276945037,0.4141693963024074,0.36903030032574613,0.5488278065427941,0.4576822243622151,1,False,False
0.42236663804267016,0.4967904621430834,0.6653966592119612,0.5236655772819144,0.5765406170372686,0.6678679630112228,0.7554550570812373,0.4713634640859635,0.46326551595804283,1,True,False
0.5026251502738249,0.6711719118983892,0.2553447462225861,0.47072162689196567,0.5234305914771369,0.3220073060218431,0.3139056139513083,0.4780160102753701,0.615763829031246,1,True,False
0.41401692157211734,0.3950607728974218,0.25202956707080565,0.6306717457540679,0.5816987273307171,0.682213690126394,0.5880622503259596,0.5976270185486601,0.19543267099440753,1,True,False
0.3599766502796555,0.38806468682002815,0.37281241057899317,0.5798703248174228,0.8344985720612614,0.5400790755895044,0.5949574343893141,0.5579215470387983,0.6456544544252968,1,False,False
0.44025135823995465,0.5018582960068718,0.6068601796662942,0.6175210782269842,0.5816987273307171,0.40167224562015974,0.5349447736904241,0.6830442616246516,0.38329455270251495,1,True,False
0.4527959161727364,0.4352237663659513,0.2634083678314351,0.6061832776508035,0.5209605542223558,0.3340472360091434,0.7542945476837716,0.7328159225823048,0.3603261516940295,1,True,False
0.5436194840324258,0.5304102784941287,0.3315041903697956,0.49333321660932034,0.5816987273307171,0.37266476880028127,0.4643442227093313,0.31444617123458135,0.7477439304123282,1,True,False
0.413005645275354,0.5548684572716277,0.4112086473715167,0.6980873708568498,0.5816987273307171,0.6016330809334938,0.32473247238273334,0.43276187242882785,0.6824279766033393,1,True,False
0.460821681658023,0.47914674856070383,0.12593040006008854,0.4575245784518669,0.7052506550592729,0.35858149589093485,0.5070694798673023,0.6024120970963411,0.9184493235106297,1,True,False
0.5026251502738249,0.47932509665599277,0.7761163745262774,0.6062858460058991,0.5816987273307171,0.6424430542118522,0.4444471552058351,0.466338372127723,0.4226872558865115,1,True,False
0.4943177642906924,0.540049770251468,0.6391829631096356,0.6373216688697936,0.5351304458988467,0.5351331114335718,0.4788446179199388,0.33275240873857376,0.5764451381875418,1,True,False
0.4677991143876133,0.6002718305027563,0.31056039123821716,0.5955530366836251,0.5816987273307171,0.4247801116160968,0.39797118291503136,0.3962906063405022,0.5181151674779664,1,True,False
0.4566593817799233,0.5020245716130953,0.2780859185896584,0.5462230060533941,0.5713483837271924,0.25345991722568056,0.3620840380599006,0.3805066762206276,0.4148966018816434,1,True,False
0.43573181364950003,0.41051691918593924,0.22273356750255405,0.5628786952299942,0.6751934808535095,0.4694594220789164,0.6330597657707819,0.5164001984496865,0.13705770441983947,1,True,False
0.4542450935611167,0.5831544643048928,0.3780601960316479,0.6769781211547783,0.5816987273307171,0.2712240131002563,0.45877035361137064,0.0,0.41340421836792735,1,True,False
0.4480339279215205,0.5178558432152397,0.23513616632292184,0.734443252163075,0.767129075385466,0.46704619246581996,0.5500833959629451,0.5978922021322198,0.5979458839825899,1,True,False
0.5026251502738249,0.4128459678464299,0.3800640650966653,0.6294193385970888,0.5816987273307171,0.4674303854094876,0.44583448186915575,0.5635860172382897,0.4065457435729249,1,True,False
0.5352745614896045,0.543720133014535,0.4327544184322743,0.5359244286147374,0.4002275079630979,0.3392783082263205,0.4189623227998627,0.5585890698815004,0.4480897257864808,1,True,False
0.5453760494401771,0.5717816672291991,0.28692344468039727,0.5326605023937615,0.5050704818408518,0.3306362538369439,0.5857017267959045,0.26109198581666937,0.47235838841997363,1,True,False
0.6498298155339068,0.7849053297782055,0.6254220602012971,0.5700479173774651,0.41462023587346974,0.44727780355179797,0.616317321954609,0.5985183202773614,0.7607606823398856,1,False,True
0.5742960119530927,0.6435858928795712,0.10768716964754509,0.6093879120382358,0.8236641230184885,0.31384303992290036,0.3910311552527724,0.5880156917277046,0.4795726625731211,1,True,False
0.5212077773133812,0.36869947534268066,0.256303511442657,0.48517387812186413,0.41761499078095476,0.3259913579049278,0.4798105470453069,0.5021535339683996,0.609084549558551,1,True,False
0.5876291453067851,0.5217658856643189,0.265182124943213,0.509739887116647,0.5816987273307171,0.3032959411573212,0.4974576829053562,0.5085004844515323,0.13966758240808932,1,True,False
0.5724416480043482,0.7134341865818462,0.4965963789614513,0.5763167561387584,0.5084428365280556,0.2246125433223432,0.7832029856864129,0.4935865185614994,0.3719183586592584,1,True,False
0.6609209569540972,0.6843389935353753,0.2057983035882518,0.42528186247748384,0.41839058060175827,0.2595728077668776,0.39881519861158615,0.4452285376766858,0.40015782386703586,1,False,True
0.5205794790582982,0.6136575413634932,0.3063567046107997,0.5727209704523151,0.6532914811343672,0.35535201687725065,0.4583757446195489,0.4265308493175529,0.411607101607846,1,True,False
0.3475317334346438,0.24314053306659253,0.5342233132187914,0.55742232550181,0.6712516094102342,0.6152207962636504,0.534544053968277,0.3643408968329014,0.6844874946828371,1,False,False
0.34020204709492463,0.3839974261322944,0.36870745130313887,0.5080016205096777,0.5816987273307171,0.5967424823756802,0.5205175849259025,0.6927569944808273,0.1931908196370395,1,False,False
0.3672504911938762,0.23418172278140717,0.18007497581102455,0.42972601753757533,0.7392131297984098,0.2338792296789623,0.41312167129253274,0.6524414603028201,0.5786686077097912,1,False,False
0.34902712883045695,0.40583684758430716,0.6290382419057569,0.6276461290935913,0.701357038058393,0.46614143435132965,0.5601768267174813,0.47415415625857743,0.3361408746869623,1,False,False
0.6752942462931885,0.6434177697080103,0.34576123372848516,0.39574885809049215,0.28027570167845733,0.43739681661344826,0.5200127895899753,0.41615294982355344,0.4932172452830213,1,False,True
0.5000373729087666,0.6239232175194698,0.4218152691035417,0.4641007283704801,0.7563015742789398,0.5278157686794429,0.6643155216095977,0.37418980664047385,0.5452237828270013,1,True,False
0.5945701535803392,0.7790816754812531,0.3443305896168194,0.5264144033226837,0.6287115643825253,0.6248194001507177,0.5932817866964818,0.5809236602143688,0.5112086703093804,1,True,False
0.4745113365811154,0.5131869664225063,0.5344751252150612,0.5040711830460155,0.5819062810505325,0.27118185342187767,0.47918813462536736,0.5444244686974927,0.5884283742135,1,True,False
0.5026251502738249,0.5831599420161346,0.2875626955350172,0.6714935400900827,0.6312375562420978,0.16923206092774007,0.30683312075452324,0.4178945383027733,0.8053866970223686,1,True,False
0.48276117647012545,0.5183512033059592,0.334046332086268,0.5034567704413591,0.5816987273307171,0.5300695247238241,0.29060447184634264,0.6973556417097169,0.24463796970337603,1,True,False
0.6163495296780217,0.5049319960643004,0.21947059591116633,0.4647386383874988,0.3561019584737513,0.36936234635185355,0.3903307656183958,0.42521429747798933,0.3065514030618697,1,False,True
0.6996227034658223,0.7508127416632845,0.19980896847442325,0.4415248825246363,0.46074756297012587,0.6899645231403819,0.3626550575653091,0.6487012560074221,0.25659477681991394,1,False,True
0.3840055922881688,0.5009520689855794,0.5862363378793078,0.7278233547948115,0.6092839852496519,0.2904236035782664,0.4522777320437765,0.0,0.41203447182945957,1,False,False
0.40023756863404925,0.5820451343608211,0.6001455243012266,0.5698118043150097,0.7830935371492476,0.5769846128044862,0.43353393585430533,0.6864044462607639,0.46330522993486206,1,True,False
0.6137441224397323,0.6574149255882201,0.5367681533500289,0.6121609604875676,0.5816987273307171,0.2571870348042892,0.5719599458067821,0.0,0.4256547441525101,1,False,True
0.5190558203960568,0.47453575093322764,0.4457299141187227,0.4455545475687877,0.5266320763052001,0.38320859658685863,0.43928459663533936,0.700896245287861,0.466974294754738,1,True,False
0.5760466292179275,0.6071437727583117,0.44087346478009265,0.4710117725291867,0.3536090696751087,0.5399874289936746,0.393058634827558,0.5245857155207777,0.35434157956156087,1,True,False
0.5026251502738249,0.634174082308964,0.2969424411411238,0.6130714919182986,0.5816987273307171,0.37415708337434234,0.2787732329665417,0.6418387652479445,0.42748299110325955,1,True,False
0.4526040358880364,0.5014581635478289,0.42042190075186625,0.61427150316043,0.5477297668816969,0.54119764701997,0.3243601107128533,0.4122462784923596,0.5882434893550347,1,True,False
0.44045344449478246,0.5899864997943571,0.6173744222925927,0.5016219737649512,0.5816987273307171,0.06273326821168718,0.3865608281152551,0.3183470664346973,0.636472725199784,1,True,False
0.3238142224022954,0.4436226748950214,0.4922468940582767,0.5262549266114057,0.8070382634990629,0.3570327953499009,0.5693674698229106,0.5642885780235825,0.3287276880138067,1,False,False
0.6394037239633764,0.574773103428832,0.24411918943658026,0.20853484169637518,0.43992674604148796,0.3931484604892938,0.6484990559429624,0.5265315188576105,0.07456449304144706,1,False,True
0.5150552644334219,0.4193639376162107,0.22837517896486834,0.5480188330387914,0.5542009776394274,0.4547281680929221,0.29091992720237075,0.7235150777841144,0.5695609833372642,1,True,False
0.3027344660577378,0.31722904415439546,0.47653402149522617,0.6128277242986407,0.6313011850103891,0.3863600499105884,0.3918535536052031,0.6735624376290992,0.44194098871472637,1,False,False
0.5902921797394431,0.6134377748693922,0.3815042043508457,0.4288599056149377,0.5809168669681724,0.4710493334840607,0.24780537556582544,0.31693611035296865,0.3706770118298659,1,True,False
0.5638080507939592,0.6272083349321906,0.23188664872912912,0.6015968652600794,0.48618543804814995,0.27556155368622043,0.6215951610851171,0.5376441901479551,0.5005407669504868,1,True,False
0.34682769717578815,0.3567690389045751,0.23945510497303127,0.7418923409795998,0.74899014496357,0.48579168713168414,0.315961314721904,0.4182268978141095,0.6139446068293776,1,False,False
0.373603854935492,0.3796344087259217,0.4017614058265487,0.466280196737131,0.7385666139596273,0.22109357522984657,0.3982450801551016,0.41283780165649847,0.42458217277229454,1,False,False
0.5012353856161884,0.44506350019934593,0.32588446233037993,0.38076556679508344,0.7079695368150823,0.5793119681950734,0.5098081235935636,0.5183020250305892,0.6522237232877582,1,True,False
0.3529980112020083,0.4326510760385375,0.31992558407959165,0.6011635900502001,0.8441240132554677,0.2982472571656673,0.5094592695012875,0.5506190218111479,0.6856015780540062,1,False,False
0.688444447730514,0.6494138934531575,0.49943552226291826,0.5086028421728837,0.5816987273307171,0.16921599978379798,0.4417196611345414,0.5559711868811269,0.598292621201337,1,False,True
0.5240999892641018,0.4690796235975707,0.29919024295370283,0.5303387708901606,0.42428459053273004,0.43095761471439537,0.48172432489473316,0.6891242731060053,0.6677696999291031,1,True,False
0.5026251502738249,0.7023596218464897,0.36672378890478685,0.5433912178908764,0.5816987273307171,0.23453439563071238,0.5442454118778861,0.3683307313107708,0.43206739475991035,1,True,False
0.5026251502738249,0.48676838497674935,0.3668620982294692,0.537696118983505,0.5816987273307171,0.5952338620129285,0.33660619101204725,0.6116106466389073,0.3482591932059781,1,True,False
0.5898283231907366,0.5838840649609419,0.32489412097480497,0.4601629608921944,0.30330025009814104,0.6060672053254497,0.4678459098135692,0.602350579616822,0.5820712659180688,1,True,False
0.5939476871450774,0.6613374565231833,0.24228887689989154,0.5245795169198978,0.5816987273307171,0.4642249549353538,0.38295378767315674,0.6229448655617282,0.5064332313920582,1,True,False
0.5026251502738249,0.24411859963849006,0.21930509075621657,0.7537534603378399,0.8886350761385711,0.5989530316080016,0.3519102862732547,0.5712651478897796,0.34861946946857114,1,True,False
0.5122566824667744,0.7355791844098971,0.3630182968520596,0.5750039021681899,0.5816987273307171,0.49187524956792544,0.2192872656736769,0.6405848030772958,0.5998744772731007,1,True,False
0.4958056360307896,0.483821518382498,0.24812217765674574,0.5313598397915111,0.558235089863408,0.5235466433954299,0.6935761131127126,0.4931178028951473,0.5159689490586054,1,True,False
0.5026251502738249,0.7599218610239766,0.22075546315831435,0.3704004637742223,0.4582300919794833,0.3557219700640442,0.5950775172731647,0.46743405011488853,0.47821835255972794,1,True,False
0.4920391145095566,0.47952234912069924,0.4991499874978866,0.4874620799299238,0.44281867708018297,0.3707372816448982,0.21076667255037662,0.5075009696495535,0.2744246632894204,1,True,False
0.4880793584711545,0.4759879636529656,0.5112817225187816,0.5941962546679288,0.4929552992891122,0.40851632907786456,0.6578669912867342,0.0,0.29714002556614105,1,True,False
0.5891398611531203,0.5372210144124272,0.4598251109717424,0.3934470419711253,0.43243352796357803,0.7120908040944804,0.6083117913040162,0.5683425239026907,0.6188751570918939,1,True,False
0.6373128428488447,0.8385714790178037,0.3553417290541639,0.6069384335179453,0.5824881930200141,0.3574151907264211,0.25300671595973756,0.0,0.8265883891381474,1,False,True
0.52543262700396,0.6795637942007984,0.5104257713113728,0.5513526170385754,0.4389094697282525,0.4323957614306943,0.76499314145343,0.7030643822950842,0.5861064170010012,1,True,False
0.5026251502738249,0.4388140562231123,0.4240549011163804,0.6793299364770795,0.8388534604505431,0.46141126280720207,0.3246966467633787,0.4148801314399276,0.4619638554989292,1,True,False
0.6966216590371315,0.8060022709855373,0.16210786658666343,0.5969506053934082,0.48030609253572887,0.6968848497100519,0.39703505329096866,0.41062981403833654,0.37287019752298967,1,False,True
0.4888672691025514,0.4967900508440505,0.6745969406942779,0.4781203382944926,0.5816987273307171,0.37870017123326355,0.42016918582748986,0.5529086021854559,0.37111990446466603,1,True,False
0.4936260794417423,0.7060753968022939,0.12221233445132332,0.6022598693772058,0.8852510879715092,0.5358814469067168,0.6198008432289329,0.3615756582213448,0.546445253257814,1,True,False
0.6287032889727808,0.5730156298053364,0.21016280952464142,0.49704630718625614,0.38201994810415896,0.38086286918379547,0.6401929198768934,0.5453857791704104,0.4880877203218141,1,False,True
0.44879311343316813,0.6869666673691722,0.42470547964783867,0.7054685845700164,0.5667220151921668,0.505960180632747,0.5422188315759443,0.5530685644703134,0.229518005992978,1,True,False
0.45385986500558795,0.6521803148554696,0.26029332364390295,0.5648077202259626,0.801876931778227,0.30434703969473215,0.29768970905576914,0.6632587090273938,0.658960180421342,1,True,False
0.4234833813949268,0.5245579138669356,0.3106268163819186,0.6759188006049919,0.770285674922951,0.48574434029939845,0.2947760539810347,0.41715846868691364,0.40516397993797587,1,True,False
0.48740300043477913,0.4457734429336624,0.22546581512146988,0.6081120431267459,0.5816987273307171,0.6339454406375038,0.43456754161272715,0.6205400126129308,0.36611130115154544,1,True,False
0.5244450892440189,0.5467579916214416,0.5738825107242166,0.3848772762204851,0.486906260715807,0.46631770771235354,0.39036584669783264,0.5030372976624736,0.5315757920687311,1,True,False
0.5104299797277351,0.5386086707047905,0.36325056062557315,0.49315346319547243,0.5816987273307171,0.5297796870487794,0.3895444139621491,0.46074750137207005,0.745599613806677,1,True,False
0.3635276993701921,0.364766736272625,0.6458931898294511,0.6319278135705668,0.5816987273307171,0.5547122806957479,0.48825995431236713,0.6775507783336411,0.30327948585284015,1,False,False
0.6138726607917824,0.6555464093189576,0.4824675624312121,0.43620039040680975,0.36402697659853817,0.5881886952059938,0.5273468160103992,0.4235857220518264,0.5746917742442673,1,False,True
0.5821026641150421,0.6266838883363527,0.3884193125043174,0.5504599703546926,0.6573689251984595,0.49019226772668173,0.4277653976753213,0.8327157597296478,0.6616103915196189,1,True,False
0.6622556094995232,0.8218932392170201,0.6331935214651793,0.6022693763483414,0.3269211343801623,0.5650573209497818,0.5280102548249875,0.4996028660291595,0.3969764435125898,1,False,True
0.5015441057816973,0.5650116674724823,0.1975473423975029,0.5083165555231579,0.7152901586412425,0.44449890413848675,0.4715330696734551,0.5475765893267487,0.45483763474734024,1,True,False
0.5595257857877793,0.7323681973191906,0.21465429684383577,0.6254144633896896,0.750326364193169,0.45840920724994333,0.3365265973565948,0.615824292420596,0.5333660688869465,1,True,False
0.4745524554012555,0.562155005941188,0.22641317742785957,0.6576994167571258,0.6021508733877305,0.19165741135096087,0.52699825796349,0.5161833578941328,0.46712183932654333,1,True,False
0.48295812207477173,0.6133674462052809,0.5227029254362672,0.655269214242739,0.6096091604941587,0.6030184727235117,0.6940494815650169,0.48501235610743515,0.5483469223661553,1,True,False
0.5173915824573166,0.5424545455073074,0.4835476653682624,0.4810333334742856,0.5816987273307171,0.24635708543671692,0.4580442444788957,0.40496666314954805,0.626503783612996,1,True,False
0.5707613027523828,0.594338400498682,0.43724442986932316,0.560373833798705,0.5816987273307171,0.7983026159031257,0.4499161834240182,0.5569958117837847,0.32348600085699786,1,True,False
0.5437512016165621,0.6458685517998869,0.23793990313603888,0.5973068662545101,0.6467907797227116,0.2790744014027862,0.49021694836058705,0.4474689320908677,0.28163990767810165,1,True,False
0.434356633469405,0.48961156638008974,0.5089812307655153,0.5692554663832431,0.5389381715786005,0.5542807216417767,0.3524140574194929,0.6534891710929696,0.12134370200683434,1,True,False
0.5634588939240041,0.805757559985356,0.2535195960010994,0.612248507836056,0.5816987273307171,0.5410624432652036,0.1848864457021731,0.6308860041057791,0.29269539245006904,1,True,False
0.4756309694021348,0.48952294289875753,0.2710384741279645,0.5259725363377074,0.6445373304785974,0.4427232701549724,0.5524158153059484,0.5571407556461708,0.47641150319219355,1,True,False
0.5026251502738249,0.5835201332045857,0.38049237278132586,0.4264845436516065,0.41466640117366993,0.49635866334864326,0.1448405826051965,0.45808999704863046,0.33290842471515825,1,True,False
0.5159283971718903,0.47926051671560244,0.3446924742093171,0.43152381283300983,0.5816987273307171,0.4443231522440719,0.3708187928184349,0.6381204941385465,0.4757531687591288,1,True,False
0.5026251502738249,0.5342264849020046,0.6615210829940819,0.5535179739172931,0.4582904628134531,0.5878078562376043,0.5417685313598313,0.5788938197386341,0.31681011550555005,1,True,False
0.4591228971787889,0.4331581502496771,0.19529138320007636,0.5749316163768822,0.7024462858982513,0.2994823131292455,0.6869916700793679,0.5354208436532173,0.2749959159908485,1,True,False
0.35881291313020264,0.3248004260478564,0.24168124035752775,0.5664204571643001,0.7979950264086177,0.4780918361629877,0.46149775422464623,0.5780033700604618,0.5723863513281294,1,False,False
0.5026251502738249,0.5245914318255118,0.41826166613845245,0.45126132035395927,0.5395171363600086,0.5728320381114562,0.44977751894012774,0.6780467637393047,0.44227565711857636,1,True,False
0.5831428298300204,0.5360347607509776,0.4448468753333005,0.39612378744770754,0.29180478185978814,0.608888090330499,0.39177877433284825,0.5618286896606799,0.42032295212999987,1,True,False
0.5026251502738249,0.5638554236456013,0.28215345987608326,0.528560925135458,0.5156733954667131,0.43333444030558105,0.6037918779091571,0.63157776374578,0.39460026180156366,1,True,False
0.37658260420772033,0.48714100144280603,0.3069393472934441,0.6779660444339095,0.9025464775024903,0.3646498496655694,0.34112898583807655,0.5118204314133517,0.49420038834801877,1,False,False
0.4930767378949195,0.578509729639914,0.28941273710651916,0.5241500846405867,0.5816987273307171,0.735323860967031,0.3668624411313704,0.4659850972748532,0.5717313312094096,1,True,False
0.5333255969746622,0.5998869372417573,0.26858869325412094,0.3979854521962771,0.6749450638386113,0.3102615790281937,0.15073603101804783,0.37251893711129797,0.6696303404761895,1,True,False
0.5284036187529839,0.7713367981962264,0.43361217034169497,0.6046963159131323,0.6593551001417385,0.3409904589370018,0.5995336055126733,0.8171928510209635,0.3078991847000987,1,True,False
0.5026251502738249,0.38990602450723066,0.4879019370959302,0.4261895085147355,0.3495924854423403,0.2277944315880604,0.44845411096660937,0.6230147327013772,0.5036084382850553,1,True,False
0.5026251502738249,0.6488638783723397,0.29790573904357753,0.4441725135897369,0.6524921485988803,0.3242802561850428,0.30917247940794407,0.49018616161650874,0.3699306484562148,1,True,False
0.39568097785884787,0.5559816067050819,0.33987438881123094,0.741707166281281,0.7429869005424153,0.44741441747099625,0.48873143312093703,0.5389480640417015,0.4359349947579963,1,False,False
0.5268686527333388,0.5503901449354781,0.2768199529966363,0.4892721450516138,0.7358124154206241,0.30757445202688644,0.5650686763528189,0.6096620199232679,0.48406795117890583,1,True,False
0.6656152796880165,0.9790132613771257,0.39695318585048245,0.5671586438669018,0.6481458979180824,0.5159081169373412,0.37671942938512437,0.5505494782604172,0.6036527295302275,1,False,True
0.4787100651205875,0.44003240722963755,0.27675214611651805,0.4727174963947452,0.5728896988848754,0.3907379700832912,0.3305685908741335,0.41679274356121243,0.5160615581391469,1,True,False
0.39625544736449586,0.49044853049894255,0.4448977554940678,0.722825067008546,0.7088193794331167,0.7259951120894461,0.35882153356712215,0.6339391239113791,0.5669636464594708,1,False,False
0.6429873475161849,0.7837811333236346,0.24724834170326518,0.4791916894361495,0.6420078220733344,0.6648550407527676,0.7603623216203386,0.4930663294882178,0.4777601536001696,1,False,True
0.6521977776311635,0.795499902889468,0.15775477332428536,0.44305003821407,0.6339028129496466,0.6318395141490745,0.3361765272675263,0.5276926631435884,0.6279908781498326,1,False,True
0.2912800335825998,0.5020832173006808,0.1585167069763686,0.8145960384926053,0.5816987273307171,0.22102274638946423,0.28745522186754857,0.5161616380271379,0.6313201083578918,1,False,False
0.5089436482521824,0.5887540124394821,0.2689481366954089,0.556300700591288,0.5439894198303131,0.3903425404037589,0.6418696066728085,0.7432085741198023,0.4647523815300623,1,True,False
0.9672314454691415,0.5084470786559334,0.21598718404384154,0.501295874570803,0.5816987273307171,0.40181367263426243,0.49588764144849473,0.5979990499588472,0.3931160818308828,0,False,True
0.5122302659221378,0.5503539286694402,0.21085008436594,0.42352425816574124,0.6314170043206717,0.44612175720920383,0.6476303447820513,0.42056311829628557,0.1435227452959935,0,True,False
0.5026251502738249,0.4677489779608788,0.42166804263950336,0.5837378595877273,0.6517323969001253,0.2704482868527102,0.46927054673352964,0.7259889044706415,0.5597795194246636,0,True,False
0.49841029285478117,0.4331412384969814,0.3004864223901289,0.48984001942694394,0.6372738397614227,0.26664763438057065,0.39596015345471614,0.3871881713546963,0.3933867827486757,0,True,False
0.45408333714241983,0.5212465794044542,0.23744461042505957,0.4542033593013768,0.5816987273307171,0.6058293457875783,0.6384327339375887,0.5588772289347461,0.7131929081700824,0,True,False
0.5026251502738249,0.6669512599058793,0.25135054070254287,0.5218056197742401,0.4793584614533062,0.3932030857431709,0.369177591543485,0.397054209964867,0.5699080518867817,0,True,False
0.5956740540640493,0.46488379154005544,0.20209600413016546,0.518537263319469,0.5816987273307171,0.47363743459593693,0.5873118574340478,0.8203127738794703,0.5074108757252306,0,True,False
0.44835403643556193,0.4745582412999284,0.4148956178347906,0.5007203509479516,0.5816987273307171,0.4611319241246273,0.2439836424245358,0.5681193911187725,0.33357657349051195,0,True,False
0.7819623311537465,0.3607324050824462,0.4490602928866942,0.5422416584322208,0.5816987273307171,0.34172779036202966,0.580325831986626,0.6859772244897795,0.3142971226402217,0,False,True
0.7051279451696879,0.24280519688758898,0.4530235257092645,0.6503537241059176,0.5995111568339359,0.5402872970031747,0.24205985859081858,0.5199757293578542,0.4163856741932758,0,False,True
0.30837052528157016,0.645947554304312,0.44071854312912767,0.5116348757841126,0.5594219812773294,0.4631519788074698,0.5729097858160004,0.3459940139147752,0.4969327178604495,0,False,False
0.30196695613701463,0.5586505470318626,0.2101818164151007,0.5151121669826714,0.6983583495324249,0.3867685417665841,0.7901644867368597,0.6143939452877372,0.5728168489702145,0,False,False
0.2957197956208856,0.7478194441467153,0.6617695712886124,0.5794546083016179,0.3876615640370945,0.43896747572852673,0.6485323903948466,0.49311238108394273,0.3247461846395232,0,False,False
0.3821426640651854,0.5309407637969981,0.5167726011665944,0.6157197188180265,0.5631140149662335,0.4371573151571501,0.36690392834621394,0.4468409584746328,0.45163951323183654,0,False,False
0.5412867362811277,0.5705587486785968,0.32219401795410185,0.45719396760852277,0.5816987273307171,0.5875563409357922,0.45118106202919006,0.43727754453414475,0.3883188715130514,0,True,False
0.5507241350581785,0.4603636544169152,0.5039925310556479,0.6152825290047068,0.40013505068383237,0.44771590947186696,0.2727984732763605,0.4121897637878501,0.4629742489501371,0,True,False
0.5950530942134413,0.5497577008068294,0.46955554756974793,0.5545372781762302,0.497950537827634,0.4332218334513411,0.4794340729119708,0.672468592320252,0.1811399373318083,0,True,False
0.4650694524761266,0.513075892534611,0.32444620460396006,0.4859254658247883,0.681718323866268,0.3260433864009202,0.4830490224662205,0.8154196183327931,0.4750472887456692,0,True,False
0.5026251502738249,0.5752952374731594,0.13704303191145117,0.46794145562437356,0.6378120382229716,0.7310584662077539,0.7248635432110582,0.4477805345924542,0.5064749757446535,0,True,False
0.4953078987681311,0.6556681930419648,0.22297713801944036,0.44567537144073543,0.4333489705926421,0.38773786695075246,0.5981571011219954,0.5357801887248228,0.5220221729129907,0,True,False
0.6156181320892783,0.762314042549518,0.1851109162834161,0.4734194325093038,0.5816987273307171,0.2837347866445041,0.5031098260437943,0.6080495253987037,0.5088564660183391,0,False,True
0.6043545688276788,0.6869977390951207,0.2107814064288381,0.40127402773332854,0.5816987273307171,0.6407663638820307,0.5571441682245023,0.59640070947722,0.6198702634503476,0,False,True
0.2860177380470292,0.5914354018177189,0.5336218477954698,0.5100930259976462,0.5816987273307171,0.30244486482661964,0.4714198357487821,0.46872582231366794,0.5664485603830446,0,False,False
0.2687212604504594,0.5389792066343638,0.7343919083942116,0.6554663123162466,0.5543444706943444,0.5451392435607407,0.24759443777190515,0.6848755282679895,0.6685704916265939,0,False,False
0.2710809217887584,0.4751712764436308,0.44098037082705854,0.4797666464057648,0.5816987273307171,0.3217715703085658,0.3888903483520607,0.5928151162141415,0.3280550515443651,0,False,False
0.40433830793364983,0.6721916257702654,0.26544195381822,0.46269533191194473,0.46930663742067,0.3571935518450892,0.6389249573700888,0.6185576934352357,0.6742649950578322,0,True,False
0.6711534571060098,0.6431886190693585,0.41874919193920235,0.5510214725787281,0.4903410188837174,0.5636179769006708,0.5623343661268807,0.47245747222569706,0.5967211297106226,0,False,True
0.9535634686187352,0.38210922117656443,0.29789975826080156,0.49831488198105917,0.5847902014383822,0.4710298842742591,0.574427753399748,0.6907686321530789,0.20440061536167448,0,False,True
0.5026251502738249,0.4978613633573049,0.3371897705530634,0.47835192495454365,0.5501810328924004,0.3747460814567621,0.6223672938254635,0.5314265497709382,0.4397995311782325,0,True,False
0.5584215200367615,0.6298975239724854,0.220358380387164,0.47136887922264925,0.4508087133754165,0.4880845205532422,0.40248380065008177,0.5357660879756513,0.5998615404403854,0,True,False
0.5026251502738249,0.6291829468162392,0.11721792510523885,0.36286005065214455,0.5816987273307171,0.24284143390889107,0.41817488985669893,0.32349717677714035,0.5325901011781352,0,True,False
0.10227011105305298,0.6554357139678547,0.20714300381209097,0.4589254663255339,0.5418111764609562,0.5489048917607973,0.37675647369090376,0.49003844364369775,0.6614563350347483,0,False,False
0.49785976385586744,0.4913330404651177,0.5207455899939244,0.5527017934346207,0.7043475841942611,0.2523501064034564,0.4655647760352005,0.562336487989909,0.534181834031087,0,True,False
0.7751328819204807,0.432765366047956,0.20632119774283358,0.5753371207336698,0.5816987273307171,0.7137151770745327,0.5205554304962267,0.0,0.5473648562598888,0,False,True
0.47057194925784973,0.716419845072979,0.3871200500879995,0.5032435315182575,0.4111478562754918,0.26130759694135625,0.2701389855835765,0.378468139385541,0.523058133133599,0,True,False
0.643168012108204,0.6349759268292903,0.2663746986187311,0.4518274108481213,0.5816987273307171,0.40168978902934166,0.5301499712492922,0.5397175835408256,0.39287076402885873,0,False,True
0.5026251502738249,0.4140377254296682,0.18489924014368259,0.49851062845932054,0.5816987273307171,0.3713398698929184,0.349405684626633,0.6341006561189224,0.5529084036965347,0,True,False
0.3091630368276327,0.5249855782320634,0.4970196741990996,0.5537294778813208,0.5633127954940866,0.6334294988987055,0.34432715740683817,0.5827294738192907,0.4270232299575128,0,False,False
0.5298445661889385,0.7104765134865365,0.0,0.33242034068878606,0.5882953248146076,0.3140950088607148,0.698140691362328,0.7002529242869606,0.38207829053674597,0,True,False
0.23297641338507294,0.5206003621368687,0.466931762288842,0.5931537754666628,0.5816987273307171,0.4244562263907686,0.4280699280784732,0.46533039088447503,0.5351993441797324,0,False,False
0.5026251502738249,0.6976115694694269,0.19698242143572076,0.4740299854737214,0.36963296860684397,0.5254726270308312,0.47775661775968625,0.6333125475887058,0.622454760065796,0,True,False
0.5663450920622575,0.6667593395464188,0.2811512920879956,0.4649548357482943,0.5816987273307171,0.36289010580602526,0.44749902258415786,0.7692156120267543,0.37125599218988325,0,True,False
0.5696664215034779,0.42903762815260604,0.2768436212624377,0.5205629741228832,0.7222855763860062,0.31890705177557804,0.6306246662503083,0.6108511905482282,0.35094139091395693,0,True,False
0.678868413405699,0.5356602393116746,0.3222217910240341,0.5570007714639084,0.4876834778302306,0.3514665291255154,0.46587605197090753,0.6293008847984211,0.5469921294557171,0,False,True
0.368480183440749,0.2599344194444124,0.5511963298891004,0.5651800686555476,0.7910585478674097,0.2513186808560202,0.5656697894982735,0.588071203892801,0.5000199051250264,0,False,False
0.2802481166484572,0.6538947018578292,0.3920682941320894,0.520459916011602,0.5816987273307171,0.1939401621119286,0.6587867702960161,0.49526763297989196,0.5923581708952746,0,False,False
0.5026251502738249,0.5296860502601939,0.2221707712648796,0.5317966073777561,0.6532288311597042,0.522553689823829,0.3086603777658255,0.0,0.4203515896737075,0,True,False
0.41784130609751124,0.6619876052522237,0.44518193843011294,0.4871199676069485,0.4205117428524502,0.7255626985839585,0.4869179429447351,0.5427989471603145,0.41478840755181706,0,True,False
0.4207764542014904,0.49556665390132937,0.5680713359817945,0.5518095344205272,0.61015030282065,0.17497446251626186,0.4800296353142912,0.5018877246846631,0.5522360672614487,0,True,False
0.4259628003598741,0.6369413605694,0.3959314212265999,0.4594357729562262,0.5026466198921461,0.1801375800069311,0.4976458598924073,0.31968250468015047,0.4306699419352807,0,True,False
0.4361971168777932,0.5949483088724127,0.6421239697159224,0.6234753325739638,0.6243113309581657,0.3639144177600801,0.40984494662891885,0.6865055667915803,0.4679461267314136,0,True,False
0.49278089156070404,0.5883537486029061,0.24794298515846966,0.5113830436632966,0.4674650442357067,0.37653951589055284,0.5161577540627819,0.5343036459890246,0.4232285031930167,0,True,False
0.5779865951534424,0.5569305656248223,0.429377079252962,0.49891821398676356,0.5816987273307171,0.43840568452190937,0.44439291703844375,0.2590342359333736,0.5520951481112998,0,True,False
0.5437130277771176,0.5195319544950213,0.1447648844132955,0.3813899256240498,0.5697818735390637,0.6924102826639451,0.5750715468036925,0.5240482970478088,0.9538189744736232,0,True,False
0.6347842380001909,0.4829010839739035,0.42264140658999394,0.6619932184173247,0.5630861524313076,0.3447969065037378,0.5907531808025769,0.3872887193535363,0.6203809939527821,0,False,True
0.4665783767044544,0.4206296916347103,0.13003377578543124,0.4923321678916192,0.7778777870877176,0.7336586928687934,0.6013842144070152,0.4403985594957733,0.5954479185372256,0,True,False
0.5595700344524542,0.5648963628760849,0.17819733678449276,0.4614091941008515,0.7553058661907854,0.27410149207529405,0.5393330220083368,0.3828725709604496,0.5302471501312224,0,True,False
0.8259406474734161,0.46251201354484195,0.3125867237490148,0.48090953726160196,0.5779226730403542,0.32320722688917675,0.5873381771301955,0.305797404801466,0.691479677438129,0,False,True
0.4844906105751412,0.5395534091809776,0.4112197663926634,0.5360750179860672,0.5210529121149928,0.4434849843445305,0.38001818546892124,0.6134087899827094,0.759801634914506,0,True,False
0.592054675708812,0.5949419797081522,0.17917862700264625,0.4722904472636488,0.6585884397610676,0.600856045803881,0.4941981034817414,0.50511916808145,0.40282160356927804,0,True,False
0.069684142126573,0.6303125018258154,0.5060920087598607,0.5685779551198143,0.5814205308512786,0.4505115269117042,0.7258986384049442,0.0,0.2049529721908211,0,False,False
0.5377843146612274,0.6453179137449901,0.1282100256132052,0.46602523027336107,0.511976018526796,0.3459866603514961,0.5655917383205019,0.5153882555840681,0.4149006930296793,0,True,False
0.6974755809695635,0.2601889437114616,0.6314707056470845,0.7031414553952132,0.7136612661584741,0.5785485059713049,0.4891851727568839,0.4742351768947791,0.2977067834195777,0,False,True
0.7279760885227772,0.5953560657152014,0.21851786893173786,0.48316839913876536,0.4773705622750558,0.5016755883343604,0.5828255443715842,0.5839802420588438,0.3693368685192412,0,False,True
0.2089410228813643,0.7726957660620839,0.6388860594379524,0.5728492748509119,0.49541732308618713,0.38778795702234486,0.3490118902371873,0.5557304334818983,0.4213628703331948,0,False,False
0.5026251502738249,0.555801131095427,0.47930812716820204,0.596031327219074,0.6208022605722135,0.5153681246681225,0.6800786909901316,0.0,0.298344960603674,0,True,False
0.4755566850361505,0.5735065788990192,0.3041246733527518,0.4995873243219335,0.6658452472254895,0.6547337223324521,0.22248910957204815,0.5370412755589025,0.4573502933480211,0,True,False
0.5003735814065247,0.6256619613477514,0.4314276838712383,0.5478686068323377,0.5811531668472912,0.3464404669969246,0.42470079151250995,0.7968991996290106,0.4045879675710535,0,True,False
0.5026251502738249,0.4738927582177045,0.5701127016138814,0.579884718239164,0.6479061508813827,0.35001884020158663,0.5881755473143265,0.5709235742221501,0.43706431916408445,0,True,False
0.4448458515427223,0.4928581458776482,0.6346654152420523,0.6180299750941105,0.5816987273307171,0.6122961242564229,0.5229061062952756,0.37242288118585765,0.5954950513509846,0,True,False
0.4566257470827287,0.6138863043684931,0.31199973039290146,0.4347871221846998,0.43804572257401997,0.3089761306961319,0.4897565601980669,0.33139658542327444,0.5618317530825637,0,True,False
0.4348587492238435,0.4165748626388295,0.38167165057468927,0.5750748902156826,0.6926530018000118,0.3610801435331477,0.4392186700558195,0.6046313080950398,0.514857911974414,0,True,False
0.2829563604706613,0.45557230752747446,0.3892451344880933,0.5991100599830632,0.744259925922021,0.4604466916307,0.6798957773160145,0.4794384380047718,0.49970994511658723,0,False,False
0.3053685480697683,0.6601972819564383,0.42323561059192916,0.48322525690898294,0.43432817709422133,0.5723586071958167,0.5338392030720304,0.5347649136199839,0.43162337881230856,0,False,False
0.5215645350962533,0.6421506687614515,0.38163956074984173,0.5637610490322776,0.4293077554653153,0.5348340048825695,0.2423319632328872,0.5533107751642338,0.374494079781854,0,True,False
0.7781060523426343,0.47263742612756776,0.4167318566877186,0.5720414958109064,0.5209754871651664,0.35273708789943553,0.585138285782517,0.34135880935618634,0.4131159757556124,0,False,True
0.48557838999499764,0.5465678393727665,0.5838946826620622,0.5244472465449059,0.5816987273307171,0.5053865704657741,0.33289804211773166,0.46839905143691446,0.4011387028223428,0,True,False
0.8211930323352982,0.5388530890370864,0.227188735142447,0.538804230015765,0.5197419521680867,0.30783617432908755,0.6560046910391983,0.6621019683864239,0.31806642013136865,0,False,True
0.4148741881377264,0.5371302607633046,0.7025479113232067,0.5492617754776806,0.4343909303780895,0.25241823539636893,0.4922229416405862,0.4101571575599117,0.6369944659633214,0,True,False
0.5026251502738249,0.4936273342213111,0.33067721253272053,0.5464745344484466,0.5798343988925165,0.30581893357491446,0.6888516807852046,0.537731849412279,0.6497700482834586,0,True,False
0.4056664618147815,0.4886368355357291,0.2887745023478148,0.5625512430761598,0.5816987273307171,0.6389887637124865,0.49882585334331153,0.6556570345781465,0.3482834363334312,0,True,False
0.5559504009211338,0.5418508768618361,0.4017389144505416,0.48504872624853684,0.5739181536995608,0.33449027247738755,0.3780146266940907,0.11037595889253103,0.6798297652452391,0,True,False
0.451176465821152,0.5063553385403977,0.5308298959488335,0.6103465770703655,0.5261142754544068,0.4928794141248784,0.4614337428518911,0.4829645783305445,0.6528144234323222,0,True,False
0.6146696039621534,0.6152196202051046,0.37188323701603393,0.5524819423058658,0.5816987273307171,0.14551793194821427,0.5552852806951227,0.3712714254676864,0.41885485736540057,0,False,True
0.5026251502738249,0.4191146632366378,0.42623464345900886,0.6396611018550004,0.684209391377746,0.38841099384030936,0.39035418902610675,0.0,0.7063040148899554,0,True,False
0.50411090325814,0.4724196024112418,0.21029379606225582,0.5448416713906102,0.677010761868417,0.37116980428770024,0.5423877558320161,0.4308205033011831,0.5740976795019416,0,True,False
0.34643601224356685,0.5050715140134907,0.5333994964430373,0.5592377700778359,0.46802155020714575,0.3693511666395784,0.3230179750365397,0.6848824696212547,0.4604623781694413,0,False,False
0.5026251502738249,0.5628831169769725,0.5136649271690958,0.47847993529375515,0.5816987273307171,0.3488464205127501,0.4314348252158271,0.5380499951053354,0.6286861309441308,0,True,False
0.32577975256022595,0.42925118943738416,0.37136091130429694,0.5977480953421807,0.6357217268089138,0.24883678761970568,0.4354080506963933,0.6374923755996423,0.5055060949707505,0,False,False
0.6522020077460966,0.588740492109561,0.18590407771089204,0.4886639770356545,0.5607312350729532,0.5738794087169714,0.34766531694926106,0.5418562728138904,0.30707776606167303,0,False,True
0.5026251502738249,0.4994341366641708,0.2592384221913503,0.4769029312435233,0.6436012637653673,0.35852350578417996,0.34542735711006256,0.30263597728757485,0.2629784583065151,0,True,False
0.30239704407394835,0.5351734686332837,0.358991402891986,0.529534973284537,0.7068898914306446,0.3048537913426073,0.48502675327306444,0.4971392900622015,0.39056004515476267,0,False,False
0.3979299793797332,0.5161420322340843,0.42388348584072444,0.663856127573877,0.6614638632099127,0.44166054690561024,0.5351314576269721,0.7138402156143402,0.4691447812732807,0,False,False
0.5026251502738249,0.3913264135501068,0.3709089069664946,0.623390678277591,0.7970509929409353,0.42544747365358565,0.5399704554560325,0.6827279906663924,0.6382495364016266,0,True,False
0.6090816069807901,0.6164951412439349,0.05076882667540622,0.41628394685330833,0.5926503214013625,0.7591513205056848,0.48761498047038376,0.6640501699230759,0.22677706657129915,0,False,True
0.3264896009004918,0.5351477200630431,0.7214242564245577,0.601052968242354,0.5816987273307171,0.48839901091753396,0.6031488521935673,0.6349910922347235,0.5736785757336332,0,False,False
0.6359809839349629,0.5324212354481341,0.2134190229935662,0.4082110209086277,0.5522938603983767,0.23758570258328765,0.5720366895666934,0.492372268412226,0.5511759579587844,0,False,True
0.675709322137619,0.63644450810332,0.23198329149620123,0.5040245709396018,0.4679885803762357,0.4400758055534217,0.26318626352318875,0.5449271691593232,0.35411036830285947,0,False,True
0.43144869015234283,0.3349348994462279,0.3308680283696357,0.5055951309431095,0.6493561906112165,0.5364805803425265,0.5242242021458294,0.4262549829049175,0.815197640770259,0,True,False
0.5026251502738249,0.44881478750828885,0.3298732096642383,0.5122753827493742,0.6766158553871217,0.3021490112951644,0.5441829594839248,0.5072115262091771,0.4781494906370008,0,True,False
0.3331065851551451,0.4480355962499186,0.6753277482897434,0.6554806567664596,0.6630542647888272,0.3439052150975633,0.5392356708985925,0.48580060479364573,0.4334077243718428,0,False,False
0.40902401541279704,0.5234837779684367,0.5841491753889311,0.6038868120575215,0.7095251792809664,0.2212150667507095,0.39726899158560675,0.48234127939256033,0.4655490795702378,0,True,False
0.7809364802500628,0.4171064756021927,0.30416732714354844,0.5270654212014825,0.5816987273307171,0.7208806838276285,0.4895491664882562,0.48638331318094197,0.46227805340012657,0,False,True
0.30582300633377235,0.5127155542208526,0.36136723158420336,0.5170783717025675,0.5572265462089141,0.2189504399530286,0.5392665352639738,0.6640913070712112,0.5523099202763809,0,False,False
0.5677491694406505,0.544675007249317,0.3822472065228212,0.5280984933581422,0.5816987273307171,0.3729665611027811,0.4856970789065749,0.634714887964881,0.4615474279308914,0,True,False
0.48754621692590927,0.4693972349675213,0.2055285141223537,0.42586495088369947,0.7522034060874394,0.4648093740446599,0.5218906633629177,0.8396176369960474,0.2560938522431825,0,True,False
0.5203836565059637,0.4414969966678841,0.28002096964524625,0.7086252295311843,0.7530379237937868,0.3352339881480831,0.5004026765755801,0.6494944530413747,0.4243679423174604,0,True,False
0.4274958010464504,0.4836722199728839,0.5405621122582767,0.6054416451322084,0.6695621498123382,0.3698242318445985,0.7000696078218734,0.40080155941406553,0.3854557145091861,0,True,False
0.38349916745552437,0.7371592791778859,0.25699732633428235,0.4747004545269888,0.42084955073601815,0.2681364400946817,0.5166422228522398,0.35130358235500675,0.43257379088256637,0,False,False
0.2868993023288131,0.7551346023047738,0.46450605509250253,0.547052448077883,0.4593084859532168,0.45623383655476574,0.27225030107837483,0.572797224975571,0.5610009742019263,0,False,False
0.5026251502738249,0.749725740137779,0.1582463518382835,0.28622967590163684,0.5816987273307171,0.32057301233940755,0.34929675403443533,0.4755335878565549,0.32530593438682465,0,True,False
0.5513572003669336,0.5389184974241269,0.22359529032419692,0.5153464356014623,0.6154397831985261,0.4226913212697195,0.5607963800372139,0.7187993822652841,0.2712835642004965,0,True,False
0.4274093781457062,0.6315938911615897,0.29747160222444796,0.49333638325425805,0.5334166302598754,0.4582602383779782,0.6489033992872355,0.4293604110546369,0.45365527884223117,0,True,False
0.5523286934739446,0.43365358932144493,0.2975852204944948,0.5339217901891767,0.5816987273307171,0.4754702499542571,0.41806136103709357,0.62058158228666,0.4547161554128844,0,True,False
0.6319914793260736,0.5196699694768656,0.18691232896228993,0.4940428234553656,0.7146891798998828,0.3584457793745826,0.5409618593276384,0.6892282218133237,0.5092552451529614,0,False,True
0.5401309248411252,0.44521842220879404,0.3765305814973282,0.5660529747239516,0.5672876326803812,0.3778978229730497,0.5341117729911095,0.535516060038564,0.488211446853613,0,True,False
0.6256114326035793,0.4617351469096598,0.41447016594658315,0.6041686604266048,0.5816987273307171,0.33300422237231325,0.48826434034671806,0.3768198289387515,0.5661515676933763,0,False,True
0.5026251502738249,0.5114891599323647,0.4674507167538279,0.6018282858136218,0.7187143567342137,0.42099741925765716,0.3209076664769199,0.5070286466150857,0.33624110740996516,0,True,False
0.27377981492596876,0.6213159612704251,0.38114454583774254,0.4793269717488539,0.6349046665684749,0.4191588842284298,0.6541594064730504,0.4718866968977973,0.6274646242107457,0,False,False
0.2664377147762125,0.6633034525326081,0.27208951669981324,0.5201699888054444,0.5525668710963856,0.4816257403693552,0.31195960224868036,0.37608919025833293,0.6604333851855541,0,False,False
0.4143979476734069,0.5602646202017803,0.24639402812212155,0.5094831602595397,0.5679408589522031,0.17417108374034684,0.6748078034477206,0.44344212857616366,0.5625595695947229,0,True,False
0.2627451290862592,0.5080477618619678,0.3740579425328257,0.531753019637961,0.5816987273307171,0.2956266586269298,0.3042171763049421,0.5412712767036918,0.5729076529031975,0,False,False
0.3673991057171909,0.48224329523247256,0.5322872487148494,0.5977998094958846,0.5665342911929786,0.36330361571589015,0.4499303762443725,0.0,0.3112430497582497,0,False,False
0.4734468712362495,0.5492859532589864,0.25597396044049875,0.560931967322412,0.6051061991516274,0.4484233553971742,0.49064145545488147,0.3091622529742266,0.5699484182448055,0,True,False
0.5026251502738249,0.5391943020203285,0.29998793702481513,0.5396036291520356,0.5477194577188553,0.649452691984852,0.5158921903911662,0.6518053111531603,0.6263701473074462,0,True,False
0.22157682609568266,0.5479181498194278,0.7360141694252977,0.5847084479746797,0.555758664352789,0.4297091909812077,0.5107326735523506,0.4367627841851771,0.5290367497337961,0,False,False
0.3212560817863328,0.5314064786323084,0.4506506102124565,0.5130604935654022,0.5721964969970869,0.6549678441725535,0.7823146049460535,0.6533060982692832,0.6647265185002901,0,False,False
0.3988660255772196,0.5670256146881101,0.4872905939707524,0.5370903063143141,0.5160354307130013,0.3236364571029962,0.45911973844591614,0.5284943521813591,0.4542885030721158,0,False,False
0.5026251502738249,0.5717753110592393,0.2579950368229359,0.5310378191942235,0.7626315604571265,0.48580977093643135,0.6681185028524534,0.5623942069812728,0.6443873484350887,0,True,False
0.7379480911375094,0.43174186939091375,0.2545531736589047,0.47314007449952283,0.6594771891675159,0.34032584173303887,0.44614295412462623,0.41634389027848395,0.23131799422641697,0,False,True
0.6521997070644687,0.5535175060075943,0.45894565949114896,0.5593367026870072,0.5816987273307171,0.47632350066482115,0.40844880912552706,0.5146800627291915,0.29792160508231236,0,False,True
0.32991791761665995,0.5509297074726331,0.44090292094474626,0.5375019847501077,0.6876016787841622,0.22872361648614853,0.4536699838826267,0.0,0.5430357135959548,0,False,False
0.4950888698672741,0.5809270978361233,0.39468078337493867,0.5377694153751265,0.5250102998834427,0.516874422429465,0.5477046724485402,0.6028128210945681,0.6519109694934938,0,True,False
0.4001541846558142,0.787623562094127,0.4849967206728497,0.5215286326298746,0.5816987273307171,0.6098025704132355,0.5298919532852623,0.23618753709514317,0.4948097456652804,0,True,False
0.5371799233331057,0.6570035091705175,0.3585818505171293,0.5574793364334418,0.5816987273307171,0.6359312028800486,0.5463844310394322,0.7318309267274484,0.525196816746477,0,True,False
0.39874784428367793,0.45304029220022946,0.38078019994103174,0.5995550849146655,0.668928761646652,0.47318845205188537,0.5468216354439458,0.7650992027863923,0.4912295817983295,0,False,False
0.5709106870952422,0.5302190040110538,0.23461417217504155,0.5375267337995396,0.5779859222311334,0.5020806031033067,0.33245449036158586,0.5390415602542392,0.4940266672393327,0,True,False
0.586454140907916,0.5904781863698416,0.36610850407441303,0.5648522692769895,0.5816987273307171,0.3149914216786333,0.4770187619718501,0.5648946861115636,0.42856189733810585,0,True,False
0.7072807567402803,0.5778712085922736,0.21113981688785802,0.4326289335650754,0.5816987273307171,0.42851666423579476,0.46443960686109986,0.6057889221778106,0.5250424567839974,0,False,True
0.5026251502738249,0.5216932497605459,0.2256575602196194,0.5232837022969421,0.659473702541019,0.381833562200053,0.33123615054939504,0.2826904624557381,0.4315256818360759,0,True,False
0.6718482179146332,0.3695293899463743,0.4409910818700703,0.5882825417446987,0.5816987273307171,0.38002819485851785,0.5810232341705316,0.464252055779185,0.4885107425294452,0,False,True
0.6848496449981266,0.5383003683571812,0.18111308165851514,0.4630509351281789,0.6744552860902172,0.24885704661349234,0.4164077433106117,0.29705083659543235,0.6082278264845594,0,False,True
0.33094303689091903,0.585711721968052,0.47591478242201946,0.4519440478330806,0.4972060816404994,0.4804176188100187,0.3301593154982153,0.8954690793385509,0.6242879212115552,0,False,False
0.492936501420137,0.38826694883538904,0.3412188308759489,0.5930880773474716,0.7016465074173647,0.4699922240243431,0.476755037851732,0.5726288076496797,0.40962343385830585,0,True,False
0.55682554491317,0.32158596164634945,0.42957120568230545,0.5638607030443689,0.8450969500940504,0.5069950296381163,0.4729865285507652,0.4117505544073685,0.41203484259013773,0,True,False
0.5026251502738249,0.6093753878924156,0.3216253692430453,0.5127693279596177,0.48315799098664625,0.33224833627459754,0.3282126131437622,0.6857683763315773,0.5941648665608149,0,True,False
0.0,0.607250642001608,0.8067421940621705,0.5906488482798264,0.5816987273307171,0.7029096155075643,0.21081717270020406,0.6244819256237799,0.657750043420439,0,False,False
0.5998757900198783,0.4712331647924928,0.29032018368072726,0.5509920952736618,0.5816987273307171,0.5541255748647482,0.3123102616674955,0.4460227825977717,0.22270041027925652,0,True,False
0.4467964106370066,0.3852432912444935,0.3939697385827198,0.6152324899627989,0.6770562144221156,0.1985782596289683,0.39477626997107984,0.7344744708756191,0.32075676611765536,0,True,False
0.821204206092998,0.5030733424449694,0.19591355750719697,0.603912321000415,0.5579325138612411,0.13822991818308894,0.2863633300284505,0.5462829411930875,0.6721862672124311,0,False,True
0.5026251502738249,0.5560016487838887,0.6610248036093067,0.501603186992918,0.3831384389447018,0.17782054258022495,0.48717720542768583,0.4716901115270684,0.48372914953442864,0,True,False
0.6676674729358911,0.5593228519080317,0.22048070069164627,0.5465160184870089,0.5483746117378205,0.5787486580343952,0.3921347175138627,0.3495734182264335,0.4093687085002103,0,False,True
0.8300814381776416,0.5669310966905613,0.24268928052712463,0.5842986282943193,0.5816987273307171,0.464382866898656,0.744535810319847,0.4953984545641801,0.38231564785935807,0,False,True
0.738405061684381,0.4201943660862322,0.35299090101423647,0.5908039860768788,0.6453405187523337,0.664014333889029,0.4565641304937992,0.4498958366957025,0.6831364936364875,0,False,True
0.5026251502738249,0.5390789022626796,0.3546192114421038,0.49927800527158867,0.6553445186402741,0.38514325399831834,0.46050970504711386,0.623612520435633,0.4736177522645771,0,True,False
0.3777130577096376,0.7167108988164087,0.4500813784947238,0.5309638701872295,0.3120296658495361,0.4941623064099188,0.4311179881292979,0.4454281381895976,0.3518687851618121,0,False,False
0.5441088667313655,0.4793907299771254,0.49235155500561545,0.5166823396634715,0.5693322969465537,0.3041690672865022,0.42914789169152967,0.531271528253822,0.42509309837241543,0,True,False
0.5106517548280063,0.5627676620024746,0.37496061917562956,0.4474216838123327,0.49144228474399354,0.21071717654620176,0.5909040139711289,0.33712552529934126,0.44186678286399667,0,True,False
0.6179564090406673,0.38853121870988216,0.2558085858353443,0.4821119461931567,0.824406371618027,0.4605329144920854,0.4772691745919361,0.39571948361526027,0.34343160145035134,0,False,True
0.3778574550656554,0.46177046395008436,0.46589735262644305,0.6461674984333331,0.534091189740926,0.5232001385816716,0.4424636852372881,0.4197389945951241,0.39370816756076316,0,False,False
0.38354172720333113,0.44761252471263036,0.4413126383990658,0.6038266713319278,0.7018015127049252,0.38532109059364356,0.4552483126141026,0.6571548776073565,0.3606512451499527,0,False,False
0.6248051088241336,0.5487291181253965,0.4930085067617212,0.5457924263681985,0.5816987273307171,0.2660718181992518,0.44697599520661857,0.7625231521499408,0.6267172448212394,0,False,True
0.5743137329322842,0.555712809679958,0.20815928555349197,0.49662276248173426,0.6473017209850435,0.37165460095641084,0.34101175854661026,0.3479410561318108,0.2964257824000971,0,True,False
0.610744843916445,0.5770590583748182,0.1663563944090172,0.4798441707367929,0.55996682830635,0.2908769702643867,0.4520101976204117,0.33710742118086395,0.653028857708645,0,False,True
0.552808979378798,0.5815632162488603,0.49406141474705906,0.584106978006985,0.45568088921748107,0.1612519989129681,0.6480222820422958,0.4181589157796875,0.41516080452087595,0,True,False
0.507471064187151,0.5593021094521847,0.2918096018011791,0.6357826311819134,0.6608208466846769,0.292465839302903,0.24453874198559794,0.39464460898823017,0.6264053678592209,0,True,False
0.49915758247992575,0.35103497827650265,0.5424167701890202,0.5025396878369147,0.5816987273307171,0.3978657116100492,0.6007789938572035,0.4330108627379424,0.08502231078258603,0,True,False
0.562127276395637,0.4956044030147393,0.3002600335099519,0.5525663205828656,0.5816987273307171,0.32017314149540593,0.5892998324826391,0.0,0.5236482468495346,0,True,False
0.6328354314458706,0.5336552447517473,0.3269052670931459,0.48279127263970895,0.5776484320896542,0.5154208032401368,0.6011329217265077,0.42325348100699833,0.5909115514145921,0,False,True
0.52839600068171,0.4984146253776206,0.3197728450783707,0.6317025467573867,0.7334313344242739,0.4318041475160614,0.4192890342937511,0.4997483097289769,0.47213800120264565,0,True,False
0.3696354308478907,0.5734189550570492,0.2060643679216568,0.5281877844423578,0.6723403368296011,0.5590718537198343,0.7033973882348126,0.619699966918539,0.37720326714877755,0,False,False
0.5026251502738249,0.49615601718082003,0.5255223210756798,0.6285112696052597,0.5816987273307171,0.4746040670633635,0.3819120860617491,0.6425325394338741,0.6782931018477935,0,True,False
0.39078441584272716,0.5237041553710303,0.5929580115110413,0.5493267685648305,0.5514293724559518,0.3539112757364446,0.5241908683168186,0.42208506279031266,0.45264130664096797,0,False,False
0.47941532866011144,0.6702204938765812,0.38773248072453226,0.4905743969705559,0.5816987273307171,0.49317508289430473,0.4487309920642327,0.6283598926022035,0.37126993820403664,0,True,False
0.3523647241629751,0.4162339918392708,0.4506948957042645,0.5797026711944951,0.536701604869686,0.5452749505825183,0.46213574502712107,0.6198512421010833,0.0,0,False,False
0.4472065452709148,0.5100975198191067,0.5498332309408168,0.609730032088933,0.6036350761822508,0.5959818026621153,0.4700192028877528,0.3757212725254589,0.5572671944817901,0,True,False
0.5495396596208338,0.6418794761065251,0.3535794996473806,0.5236352482293963,0.41550919963039223,0.3905512010894778,0.4080063089671418,0.5063758902220138,0.24592473160866157,0,True,False
0.4016290810471478,0.533317031071805,0.2593887605643954,0.5131888069846978,0.5898583306920389,0.3969079447500962,0.5427097246880503,0.6157062644616969,0.4808010779782243,0,True,False
0.4410631647451183,0.5281109363756912,0.3724625690619922,0.6063649570625141,0.6000993344722564,0.20219825922463724,0.43199840942556833,0.6294496818416561,0.4109090173440288,0,True,False
0.35995762688427074,0.5331027757654281,0.3122120373799516,0.5356371844592487,0.5971983703374533,0.5846257675819697,0.3267689273608122,0.4899443228139983,0.3170648327266591,0,False,False
0.5540670845332575,0.6244077270030709,0.2652786523712383,0.5165198607919923,0.5816987273307171,0.31697587787158726,0.41588781367985195,0.6600817739665108,0.45761747915554735,0,True,False
0.7007140276337166,0.3325693261097161,0.2708831958647196,0.5823860652429936,0.6591131870314145,0.44887909962987566,0.33529264407033116,0.27420785731615394,0.7729628489747284,0,False,True
0.6056851999075287,0.5561774698929287,0.2393984971910589,0.5500983233162398,0.5816987273307171,0.5309166847037796,0.5596301511039561,0.42507966885988707,0.5239678519356451,0,False,True
0.6330619950849393,0.4868962389127658,0.28148428639960177,0.5307008620141854,0.6461991165997975,0.6078462179708053,0.5069125740892638,0.4857020242432265,0.8146484626485131,0,False,True
0.4396956160177636,0.4311366290954992,0.4919618362146299,0.6766259122066899,0.5816987273307171,0.29752617257374886,0.5825576184089056,0.6052003590753988,0.4227596574944847,0,True,False
0.5205204553660235,0.6248390353542631,0.2916705463841235,0.44294080360031446,0.4213545507161558,0.39359543606450925,0.5339757088448843,0.42948717815352844,0.3884033001950948,0,True,False
0.6475638709776412,0.4252673370545096,0.3273795377150581,0.5664324868041816,0.49872799662648803,0.3976811925640707,0.3056896573775722,0.6813544040920826,0.5387601712881468,0,False,True
0.6653230279934503,0.56552112493367,0.37379207844540147,0.4763264596550402,0.4788411688348183,0.3349784875289635,0.5441675656459358,0.6362500725223131,0.31063347948906006,0,False,True
0.6971384129252204,0.4908332483366553,0.32220707399209947,0.49841538810358404,0.5816987273307171,0.28348463879102054,0.676756867245364,0.6893005456957741,0.7433817133340049,0,False,True
0.5703861709878494,0.5538887507460707,0.2834214347622167,0.5025228022175001,0.47600919671109276,0.3429175639760709,0.3099344107601278,0.5366840309483386,0.6244000262944421,0,True,False
0.57916791422263,0.5625052382343356,0.43360490145062586,0.6295991697228303,0.553792147624191,0.32695346477008363,0.5799651908134192,0.0,0.6245714092457902,0,True,False
0.5887922133186972,0.6061147590609459,0.4784415315986335,0.623336954520023,0.5816987273307171,0.5823224542008942,0.5402975172368724,0.7247806183224927,0.39718601465092246,0,True,False
0.7349556861564652,0.4183953544563769,0.3045380144763761,0.5130721360606648,0.6112752249120086,0.706810472269283,0.6382046403834466,0.5967433494395925,0.38762846957419367,0,False,True
0.28493086273584145,0.6117121203640419,0.6543542125425509,0.5585458126440632,0.5135939167191577,0.3804495129536694,0.34431949757681773,0.6994812989070425,0.5595413453513479,0,False,False
0.5026251502738249,0.5879738887306439,0.7332874549475312,0.668964694918419,0.5816987273307171,0.2936065023671775,0.51545205751685,0.0,0.4504591988895171,0,True,False
0.608545645892999,0.5207367547031162,0.23409777986732624,0.48929107596295024,0.5816987273307171,0.5544197055060083,0.34929507263603643,0.4579155608534139,0.373842202068562,0,False,True
0.5026251502738249,0.4429414372041178,0.32318177393305214,0.47637376665400927,0.5816987273307171,0.2944455223466011,0.34990489099057165,0.3323470817811774,0.459823021934003,0,True,False
0.5026251502738249,0.6381929247204178,0.3393960047343837,0.5799145253226676,0.6004186269240672,0.26405857898135926,0.6086354229332502,0.48902707594152645,0.6046099916400774,0,True,False
0.3210969770677235,0.6774223276031588,0.2259191844831773,0.4687814035351671,0.4752831130634154,0.35135298672576815,0.5805955779262373,0.4727032592263667,0.6641897494918777,0,False,False
0.5026251502738249,0.5283405396314803,0.2866069820649491,0.44899796902196376,0.5816987273307171,0.6323784071855076,0.32634437616782913,0.0,0.45919155898429204,0,True,False
0.4014666740307168,0.6512914282833452,0.45202509253339607,0.48293313773509444,0.5119670553152318,0.4067048798245519,0.5644793607950211,0.6303747406916322,0.3761534974840825,0,True,False
0.6109281189120432,0.5519484945446844,0.16635043592481313,0.4881356910983217,0.5816987273307171,0.2356766109826855,0.7985584533069441,0.3611471070509377,0.3136082259889391,0,False,True
0.5026251502738249,0.6122991418497802,0.33766391469849755,0.5459389501818147,0.49569171228209463,0.1544678074450095,0.5001065287490244,0.8432814100189246,0.4557284194031948,0,True,False
0.729282557002237,0.3661594634342148,0.297049205948535,0.5523262022226297,0.7431711386708183,0.40059607676953973,0.494391737328284,0.7174999960625984,0.5034217719130739,0,False,True
0.5026251502738249,0.5723837996137191,0.35313829595117124,0.49511209852401555,0.5757301365066385,0.2746901606991559,0.5121323774178617,0.4532676655180233,0.20715283519747502,0,True,False
0.47058628323731766,0.47976419875423304,0.573712350364789,0.5552519031310281,0.5816987273307171,0.6049842170337572,0.5344565199675144,0.6552341346678946,0.4768870970809039,0,True,False
0.6113134839489299,0.5493698321319718,0.13487055739548512,0.34791904785011135,0.5465532069690857,0.4757946847062789,0.4655794826211712,0.5970064126238022,0.47196591389893544,0,False,True
0.6019218826196708,0.4071871908097441,0.31615124385538096,0.5723972774974522,0.6111545548466473,0.36583702453251027,0.5956719081860684,0.4291144424163434,0.5283633820004635,0,False,True
0.5148241863051733,0.46201256476534447,0.25408650547463574,0.5167938424056749,0.5816987273307171,0.6542041738192657,0.45866529295217007,0.4850908615708808,0.5379446385532222,0,True,False
0.7305492638758936,0.6474149350715428,0.15146534369523124,0.4342603801676348,0.5254864789863608,0.3340841770532946,0.5013138413427902,0.4909870492203163,0.6308054112958886,0,False,True
0.813610222111688,0.355142465372572,0.2603062649356547,0.49016553260421564,0.5816987273307171,0.6505191958080943,0.37897277045229194,0.559768872379729,0.15643006843214777,0,False,True
0.5026251502738249,0.5511624952444075,0.08629139690437362,0.36374510075606814,0.6024712514700975,0.3615674386180741,0.32740054648727773,0.40571687626209757,0.33397882442888893,0,True,False
0.47000309252230343,0.6280322476362971,0.4490104313295409,0.45761792668680135,0.5816987273307171,0.5126158826844569,0.35518107848814273,0.4281128240266916,0.6251552806054744,0,True,False
0.7727022197452115,0.3411647460338171,0.3886144068884061,0.5956999188528337,0.7396881577699038,0.3150223097730997,0.48692434450221467,0.4577773833103015,0.4047723819915084,0,False,True
0.36383393819785514,0.7395273693740056,0.49132909504029193,0.4983819705269977,0.39208545007119844,0.15763851833970638,0.48591678883690825,0.5682238491901824,0.586608327070587,0,False,False
0.37602027155210793,0.34495787438263825,0.4143270864570884,0.48914183569081665,0.8160164603619442,0.458636724619743,0.20273419423606742,0.5852724098168102,0.6901568661283038,0,False,False
0.5693784819606693,0.37578504114863687,0.4844634124171178,0.5722234000525317,0.7863801059417797,0.3417424638632442,0.6583424951912683,0.6281103118200894,0.18701834156707395,0,True,False
0.5964536457032358,0.697822224005199,0.27676708435524827,0.4506416724825691,0.4086141868715667,0.19828721579798997,0.32197191761215976,0.503924556060499,0.3889634299832921,0,True,False
0.5026251502738249,0.49759458977338844,0.3606983396568595,0.5334954832786581,0.7484070050791866,0.3987124422906408,0.38373901153092077,0.5124552230724901,0.35957022176422027,0,True,False
0.2880043238257938,0.5536467245072678,0.23642239367406062,0.47989656457144686,0.5816987273307171,0.5905821116236631,0.5517539142917052,0.6210830628745088,0.6360815080480807,0,False,False
0.1520379595689409,0.5269083685957591,0.4036423279840744,0.5797080051127667,0.7230049365785433,0.5107314564087535,0.46308403199359915,0.45115144901396553,0.4522800939244382,0,False,False
0.7030040209713069,0.6183159919592409,0.10613364524889597,0.4443755951319331,0.5797039269340087,0.4386548267248917,0.38948421720987436,0.3657575254747163,0.5160139465549457,0,False,True
0.5474734354679761,0.3744584886932204,0.5516198475306111,0.6570877042301385,0.788215814049126,0.44565518426685885,0.49873293275138897,0.0,0.385215897111907,0,True,False
0.5026251502738249,0.6767014345507234,0.44127422606000843,0.5436753427501064,0.4910049449009998,0.5408370057602387,0.529608437880521,0.4688116952224766,0.33056227263769355,0,True,False
0.5185942629832968,0.532535373153472,0.12816629175830707,0.49487528460697755,0.7543543173720277,0.22884188909740683,0.5289280279159014,0.5215391615251243,0.5355104474139311,0,True,False
0.6812770449263107,0.5554223821016768,0.3238298621434964,0.5265510383494773,0.49688669162850674,0.2694214577918275,0.5531101152875764,0.5725286152649995,0.2977040349661606,0,False,True
0.14181309709021775,0.6131771133342067,0.3730058019863561,0.5023301477001284,0.6107827853045064,0.27908044214556066,0.3562542871747865,0.6327614455688018,0.46759183161973733,0,False,False
0.5177850855754551,0.49562204823175604,0.5385736035153076,0.5349646427452638,0.5492864480330389,0.28656165281990303,0.49671011268407617,0.5525591341396251,0.5305312254243976,0,True,False
0.49772921143613297,0.47438921397438805,0.6513985255723166,0.671521643444719,0.5910421559023489,0.3710586934850226,0.4614319359582335,0.6055211069572326,0.4126760993627913,0,True,False
0.4393252153722727,0.5998990809985296,0.24130206424261663,0.4064528790489428,0.5411317340776817,0.17130679889459716,0.4080653495914654,0.6027063710742264,0.635382336827755,0,True,False
0.45005396494829447,0.4788705963770238,0.4161683723706125,0.6715875378094855,0.6036208176535496,0.48500017835089765,0.4545193849296325,0.0,0.8050882742610865,0,True,False
0.49434282852611056,0.6190481101783062,0.21601130000077218,0.4154862730602811,0.5816987273307171,0.2114658486845013,0.3392558653548613,0.4964691396202202,0.6552719737827212,0,True,False
0.4629921627976567,0.4805642193504195,0.5644359426512714,0.6408212663022705,0.5937333234527696,0.5646732395327205,0.5444200715452674,0.48041420037128196,0.671650696302002,0,True,False
0.5026251502738249,0.5857966776157233,0.2644878709963099,0.4321938996211687,0.5169596387514773,0.3207709969712554,0.5977611095519346,0.8645676941380199,0.5681535908686365,0,True,False
0.5221140338557115,0.5297237356803618,0.3123194391274047,0.5723726470896863,0.5047442863748167,0.4285640887797529,0.40783009754633803,0.8993643433980849,0.4912464478873852,0,True,False
0.4262338734190534,0.5065547204486739,0.5011906193631388,0.5423957364560541,0.5967199714061671,0.24915053283558014,0.40045417566102876,0.5803539651092152,0.4659753472221427,0,True,False
0.6165192857453633,0.4241659863345164,0.23905113802048278,0.5421732419123191,0.6304893800210807,0.459246806299682,0.56158845935946,0.465998176049642,0.4142454156111873,0,False,True
0.6551874656666857,0.4289408025694347,0.1805752777014726,0.49055598894840996,0.6918565710735628,0.4178397329077694,0.42732794150583264,0.5860366604187829,0.42283894905541836,0,False,True
0.5026251502738249,0.3966062881626796,0.3737403419896577,0.5415103706127349,0.585051626334819,0.3440885982729724,0.6531471713785671,0.655786487475309,0.7780112579276324,0,True,False
0.23840207128310364,0.6123684637749428,0.6894182870449068,0.6088973217262437,0.5816987273307171,0.29864067909767406,0.453244166161184,0.4220518951584017,0.3498188471711591,0,False,False
0.8178385211644504,0.5049861720507454,0.19758893093697108,0.5255245638693116,0.5477691126690023,0.5639159859617984,0.5395544546834953,0.6199329294590223,0.7027611047537182,0,False,True
0.4488341996167543,0.572902455787135,0.32155144741848535,0.5265240356592829,0.44088781722171655,0.5078530656150393,0.6064045872965164,0.5161737470514787,0.5730329570986593,0,True,False
0.5026251502738249,0.5258617455928384,0.41275495995262396,0.6167886191533017,0.5816987273307171,0.49732585748452757,0.5539193113807404,0.46747679665950026,0.39585863094325174,0,True,False
0.6258406003399829,0.5984756606540871,0.22736552464685308,0.47230783792676767,0.5816987273307171,0.5370482332129818,0.3985364446672581,0.4827041043259543,0.6094815380814321,0,False,True
0.4726236207436855,0.5356157143745353,0.5575259664618225,0.5699129946841853,0.5816987273307171,0.41265658432907154,0.4303661559942993,0.3829885624225874,0.41073534535342177,0,True,False
0.5524692288103534,0.6655525219401519,0.35227338158684113,0.513236079051166,0.5816987273307171,0.3735733064315862,0.49170717250077955,0.7460480021819995,0.4483751133607318,0,True,False
0.4979697987107952,0.5022813051100062,0.4537965105460667,0.5371827954513484,0.6270587062179575,0.4067150380939382,0.6775063974666192,0.2875257813309897,0.3358571564710422,0,True,False
0.33637048194146324,0.4777397176653291,0.3607261117021025,0.5027222012615048,0.7908913139473326,0.3318670046921635,0.6125210933704784,0.6960022328413038,0.455678569034992,0,False,False
0.3735716563947096,0.4689364342845216,0.4539919573593065,0.5672000456234494,0.8093443191652281,0.4526844565548282,0.468337706014886,0.5849277977443852,0.30168502664669183,0,False,False
0.3767275278278425,0.6525694832792618,0.28379012308068463,0.467708767393136,0.652187268299495,0.5385084592956986,0.3447965873429905,0.0,0.5510354304654589,1,False,False
0.6023887931552087,0.6435590769646591,0.20543898092630364,0.4561640603381259,0.5639658955680213,0.4028374995141429,0.5823917960059405,0.5855762950835726,0.44899492112813594,1,False,True
0.4891330865494975,0.6801437941226485,0.3962685427344774,0.4105080631926876,0.5848156992000061,0.27295090900848223,0.2802793924253545,0.6211103193678033,0.6563047324661783,1,True,False
0.5188246478725271,0.4099178243525735,0.25955896858605704,0.6057936598542705,0.5665619707524457,0.5194136964013221,0.40669867896029777,0.347668390552534,0.47277930366489024,1,True,False
0.4809476344950596,0.5218636281874341,0.09641683117210972,0.5782991021813964,0.5816987273307171,0.4252501488764208,0.7130782557851202,0.7920512791883787,0.43783203783410557,1,True,False
0.5026251502738249,0.7654022066858442,0.4133793416043399,0.35774300424716704,0.6023327362353913,0.42722650645080956,0.6434353736405906,0.5408209614722133,0.4238885440800612,1,True,False
0.5026251502738249,0.6728930775656674,0.1380507441733249,0.4331892112431911,0.5816987273307171,0.38302091720879045,0.251829056989334,0.5596689330528015,0.3686378551840811,1,True,False
0.5555475261761851,0.6758613917226505,0.2702378264580104,0.4517649679882276,0.5526168229749621,0.5924562168329526,0.5974996427594854,0.48357069418863063,0.611331974413796,1,True,False
0.43598080747231027,0.4965566383713522,0.28989770430820755,0.541959341355832,0.5816987273307171,0.26836339251323044,0.20901844142544973,0.47267338122492425,0.36548476453677115,1,True,False
0.4761267286544194,0.39274871744468787,0.4973069857374229,0.61217600001357,0.5913512700137412,0.4270427838948319,0.49431159847724315,0.6412557555253945,0.6529690336842869,1,True,False
0.5026251502738249,0.6112208378482402,0.16173655318994867,0.4908246018172932,0.5816987273307171,0.34419992506365144,0.42110413084737675,0.6656337915373259,0.4363394024370573,1,True,False
0.3542752007932777,0.6109095268344205,0.15707563032949515,0.5168086545285364,0.7115992227765507,0.605037292984171,0.46462215291647835,0.41903302933259,0.37909714848627035,1,False,False
0.4569932152715198,0.7346504195852076,0.3568781194506839,0.3554377026359777,0.7002074383435174,0.26717453351093085,0.4578683173867103,0.7812014841303885,0.4742944699142047,1,True,False
0.5814531759590501,0.385633860373763,0.8286990824582833,0.5864186079416622,0.5034191028696328,0.42313264034540815,0.4644451674481812,0.5219662986197663,0.5507264337438077,1,True,False
0.48933038701921455,0.6728493972411004,0.24656120172332988,0.45327733630726297,0.5816987273307171,0.44917301899266443,0.6110572773369414,0.6556246833009819,0.21626653046751837,1,True,False
0.47962691997770585,0.5022898844479198,0.5621337407379882,0.48554658983701254,0.6576366065063003,0.2141864996445904,0.3075276018117614,0.40138899975928755,0.6116191094868378,1,True,False
0.30979424779433506,0.5801035454288793,0.5588042921311692,0.5054523035151105,0.696168863328125,0.6095662218418698,0.3993115616003355,0.35706348430012896,0.558070572847113,1,False,False
0.6023779159981539,0.41264629716503076,0.2558571555247401,0.6318407712331073,0.48609120853933463,0.5220031887500163,0.5020595700472801,0.5739035613099933,0.4124679395302094,1,False,True
0.5195866119116245,0.5449158790255787,0.4412927816221277,0.582844620600574,0.4995303183599231,0.20728218706927742,0.47554023565553605,0.5343973897637141,0.6164220646176307,1,True,False
0.469941782216526,0.5061984727812361,0.26892299801587055,0.47772405259816103,0.7102810912844687,0.39134333900620805,0.49026932860311756,0.49824207403473053,0.4468815126992149,1,True,False
0.5026251502738249,0.700707734177793,0.3232063277554457,0.3565792021471091,0.7123203602582034,0.2549961412207951,0.42474476557502694,0.668871300070883,0.3787342598647629,1,True,False
0.6179302402065339,0.5124546106543447,0.21158612845139319,0.5074499659094909,0.5858716789103855,0.3815754666995799,0.32526301817331904,0.3505972111002124,0.414875963659266,1,False,True
0.5969723566529722,0.41954882423926165,0.5692043515399593,0.5749465897018194,0.5349013906227111,0.3899718508718559,0.23263914251324613,0.5424231112854888,0.551378753596773,1,True,False
0.5026251502738249,0.7087459492444234,0.47576611652161654,0.4306724061248347,0.6003700242107108,0.4924841377337182,0.12362643427445956,0.0,0.3918673044992301,1,True,False
0.475624397006175,0.6134842576563159,0.40803106023124297,0.5036023883971897,0.5724432314270754,0.7676110941394085,0.6473215130020663,0.6612426768292219,0.3688764634421675,1,True,False
0.7502704670407772,0.2848946841939354,0.6285789518126379,0.6542898241453023,0.5816987273307171,0.8620303917139436,0.2879011393653619,0.4134274455959585,0.7412474382733137,1,False,True
0.45231334759779623,0.5056585897569821,0.3735596935634355,0.6050883703994863,0.562395576199606,0.09167333809488165,0.28511270262856037,0.48840703362129634,0.7012671108841478,1,True,False
0.5026251502738249,0.6063349131748168,0.3565737144954767,0.45773993036097527,0.469394911050501,0.2640315594139447,0.6233535695813373,0.3675770839015326,0.527232973557961,1,True,False
0.4807448408926137,0.49505715139443873,0.14674723803314102,0.5990742033057749,0.6137873480421132,0.2433889194614371,0.3780386203616049,0.451878802787557,0.47493704570973877,1,True,False
0.5926987999994041,0.4939647187317745,0.3282993610400663,0.5289087612281228,0.5485200021916303,0.19964751840044276,0.4330726633408878,0.4988734082775148,0.527362558488422,1,True,False
0.44709053806803484,0.3008512102675601,0.15456105025099756,0.7773251562195996,0.5435883770430108,0.38098028726589067,0.33129452393752495,0.34627212907732674,0.46930269593018287,1,True,False
0.57686616414974,0.3091794636715606,0.17231942813776352,0.7171247840496163,0.5282792813161852,0.5215887826307057,0.47838509591228695,0.5833128048451275,0.5372197500369892,1,True,False
0.40936015277648075,0.639383680296317,0.01692706923067,0.480995900426019,0.7144664372852919,0.7673587161911541,0.47788992732057145,0.4971980790684002,0.4208370253968671,1,True,False
0.4688111854883732,0.7031554164881231,0.9194399793956035,0.39245069117169623,0.5816987273307171,0.4097749970070667,0.3621428862956368,0.5670818931351198,0.7265929629885423,1,True,False
0.37884030977615535,0.6659126264784693,0.10433640683751061,0.4499463244859018,0.7380097456173825,0.4972324510554092,0.47246150377150065,0.6241178974420258,0.486768926209535,1,False,False
0.5462765395809697,0.41111948640571694,0.47088181428556747,0.5374097329945238,0.5816987273307171,0.4499662805855215,0.4207854623180224,0.5383814105700115,0.3079358524903719,1,True,False
0.5026251502738249,0.33275446356345106,0.5494326403679937,0.7270857514871257,0.4156796086572727,0.5559839993853897,0.4392523119643107,0.5648972410136739,0.6104641776050449,1,True,False
0.5679607978922507,0.5005213199203545,0.0950288812761774,0.5296171087327927,0.6130025484759382,0.17905383954135723,0.6400152969761497,0.690089067990329,0.4607453934026244,1,True,False
0.6308673043503553,0.46927970636007177,0.19456264795486428,0.5575997031614588,0.5461389009559262,0.3740496056530432,0.3939291770181428,0.5283801120703657,0.4659693487149998,1,False,True
0.589345000646276,0.4967613293274292,0.3496470404327137,0.5334429503259542,0.5004604847375169,0.40475609548290153,0.44411251374357463,0.5765047550992924,0.21832252700797383,1,True,False
0.4186124396294635,0.7017075010602501,0.29555339070798875,0.44574446102420856,0.6307683662782386,0.5427766932232303,0.2604301276875274,0.3559706989584116,0.5345511631573997,1,True,False
0.5844359504410348,0.5050509116515732,0.31723264414271113,0.5763707018961627,0.5816987273307171,0.33021721370037777,0.3571492983079632,0.44422353689433364,0.5965660355732431,1,True,False
0.563541381782569,0.384986645989456,0.6713551086965218,0.6344922643557541,0.46944798656618114,0.3025203343182505,0.3483745184113468,0.5404485464251075,0.3360484178381321,1,True,False
0.6223916376495171,0.44305430045661953,0.3861323483007715,0.6114041175704366,0.5816987273307171,0.5202319706360612,0.4720652706126214,0.5127879632765394,0.278350345848309,1,False,True
0.4418517780037176,0.6841068389697834,0.014415614797694497,0.45307500305527937,0.6962331073327498,0.44548132346098196,0.3407590274568981,0.8034680427495043,0.49919916466600006,1,True,False
0.6485510792469732,0.6333540007455253,0.8770028298229998,0.5121655913263669,0.35519912707763474,0.35220650524286795,0.402486076246962,0.8183977689494919,0.5864481931850521,1,False,True
0.5985366216611834,0.4234296477439454,0.3954955828050695,0.6142479242017834,0.5816987273307171,0.43499398470165246,0.6570874233148992,0.5059729216932591,0.43483041528370664,1,True,False
0.6587111173175372,0.37731537619039013,0.42986806284291273,0.6062773965702634,0.4692567481564468,0.6297317491770025,0.4502587521943373,0.31505579033621145,0.5377674394451047,1,False,True
0.6693354696683979,0.40003831943506807,0.24275612455105455,0.5801065961902306,0.5323172231963725,0.4256853174548823,0.5151723374839656,0.8719311815048143,0.5541306374902176,1,False,True
0.5348266688486563,0.37119954108041475,0.468201312669687,0.6425811730149821,0.5816987273307171,0.6115097009404178,0.2810933569758992,0.46414528399756544,0.06642597825207223,1,True,False
0.4305963417927365,0.6465289945289107,0.19414430087268905,0.4519976518447978,0.673128082105981,0.5624261731981268,0.5153980243513981,0.5894969895493996,0.31992511900581877,1,True,False
0.44880847049733136,0.6568664981001706,0.1852141470211182,0.46733613712826655,0.5816987273307171,0.40796899818935967,0.3632059699264185,0.7107457304992112,0.51124787132949,1,True,False
0.40474615324480695,0.34355661607428567,0.3950792830797845,0.7544071405823489,0.5433171437699461,0.5778877736349972,0.820088045006288,0.6189457173659713,0.45128063933648793,1,True,False
0.49895026696074574,0.624444814746046,0.2651617638543005,0.47698730747079526,0.5966923509003308,0.544573646090122,0.5212432540397032,0.5667819975929442,0.3085269441679853,1,True,False
0.5195263020225406,0.46277397471401926,0.22798011595460754,0.5860717473301295,0.592688668935507,0.2465764613464168,0.6094958656944455,0.46602933098801286,0.5192703793394865,1,True,False
0.5321185489996083,0.5281621537964544,0.5242551504416039,0.44889231886970365,0.5912412756355039,0.6842988935036154,0.6076742619754747,0.45969834252320346,0.5521657065239985,1,True,False
0.5441513979789458,0.5632499348843583,0.7260140502185267,0.4277272779797883,0.5938973628910427,0.48542513292853345,0.4272663580485542,0.5911304228644113,0.4385894379421132,1,True,False
0.4784395620723943,0.5471840618470787,0.5640622812657243,0.46274767724145605,0.6568542799513709,0.43621122339580737,0.38224821210981086,0.0,0.43641135394498837,1,True,False
0.5019497757358992,0.5020336874254395,0.5061988030536242,0.5693577362739444,0.5630809075558136,0.3798511763558175,0.6613587553521301,0.6486635593587194,0.36730316186037304,1,True,False
0.615068787980768,0.2819333524698764,0.521437954773082,0.7430858263229327,0.38363944018040697,0.28105098668410206,0.41177687123999296,0.43170051949969035,0.5982984317290146,1,False,True
0.530256143688984,0.4825017457374291,0.5603864907036793,0.5932407837375477,0.4965196581383222,0.4343313701109716,0.20942235178037544,0.5351403998052024,0.36214738047601436,1,True,False
0.3897629206038448,0.6242034068877865,0.3389947147792231,0.50683226139939,0.6422249966496502,0.2282662632014943,0.4532293122462516,0.46335859093255216,0.4442186705527949,1,False,False
0.6866356403079267,0.17221020968357123,0.2672572025351631,0.6881445046330495,0.5178417316945755,0.6194097317694345,0.3874341666233533,0.541034177408711,0.4852353114876394,1,False,True
0.5890657050403882,0.25969638395891104,0.12193550313745147,0.6866712502148298,0.5816987273307171,0.695563090030928,0.41384017481493424,0.5846549131616122,0.5004007689552522,1,True,False
0.4743695797253807,0.5240808543435488,0.16254110531220176,0.4949573878018208,0.7140389501167478,0.41956785546096503,0.38479894517645713,0.5228044916030421,0.32231066778052564,1,True,False
0.47471909069782325,0.5433239500459065,0.2716058728179471,0.5042606065812543,0.5816987273307171,0.5662449038722459,0.5560293802585208,0.36444660786316574,0.3032677483219426,1,True,False
0.5117484496713937,0.6005630961789914,0.5324738354921096,0.4649822580704907,0.5816987273307171,0.541128914132414,0.4016768819927086,0.4666045726349302,0.6708647069298191,1,True,False
0.5917908233836644,0.3777468261479553,0.23120424093634015,0.6808673362010967,0.4945076293707442,0.24663089073992867,0.43879895322775475,0.9191555037425861,0.5340634020484968,1,True,False
0.43643015756796805,0.679631461785269,0.268323785343469,0.4409030235690161,0.6222617723962878,0.4483769968041839,0.3011311465504855,0.0,0.2586085192256422,1,True,False
0.5940474087192916,0.23022647645620545,0.4021515333476159,0.7152693276960369,0.5816987273307171,0.522836262395362,0.462499871670065,0.625630764860242,0.23554541444562238,1,True,False
0.5026251502738249,0.4989687710872047,0.2389740475735177,0.5593902252148403,0.6770052289418721,0.4443740618927056,0.6758585203399529,0.6040911382970803,0.08931308047587098,1,True,False
0.6431914723852062,0.4581465190456484,0.45956445635799953,0.6358577980955303,0.5816987273307171,0.6121050341742182,0.4076173494232725,0.30039102300524523,0.4395944382540528,1,False,True
0.4918937573825086,0.594948048454583,0.5696850660458005,0.4474048448626555,0.5816987273307171,0.6444130291068908,0.23927689909091387,0.21843855999976236,0.4064580246978787,1,True,False
0.6638301152384054,0.5282334000050549,0.8183985704534423,0.46574435630308497,0.5816987273307171,0.3216798049019542,0.46076312119869134,0.7941413991634296,0.41820423776306054,1,False,True
0.498942300143438,0.31194279268377045,0.35503249687096833,0.6438868493748124,0.6029017977096336,0.6204212613268312,0.5355052289054913,0.7380280489202348,0.5286824720923796,1,True,False
0.363868882918225,0.6374328071233677,0.3716648049901919,0.5186239452286667,0.628073948119943,0.5161077557355878,0.41512022572933216,0.627427132812444,0.6165506681887553,1,False,False
0.4392881714919194,0.5113715865804186,0.13275780698204243,0.5786859969581608,0.6521924805167868,0.4684286183373724,0.4222335116759679,0.4236393356004904,0.37709254903601913,1,True,False
0.4421213757422578,0.6420242491515586,0.24478209421931327,0.4326562696945975,0.6746603545296924,0.8189468394643831,0.3087170387858135,0.5763572654853721,0.29823624128315807,1,True,False
0.5355705582062977,0.5019307083401627,0.5025173929448262,0.5657438234793634,0.5816987273307171,0.5156926178570935,0.4951833890479024,0.5856664728317375,0.8109266449221957,1,True,False
0.4975199908400469,0.4181022659113667,0.3939020026536304,0.6871041042296662,0.50779446223912,0.5409232697931192,0.5100405675802786,0.8271638279427587,0.47633168764161987,1,True,False
0.3865799674660173,0.8164280616157715,0.04128246959150176,0.4247366154943364,0.5816987273307171,0.290842149865193,0.5022124940416874,0.5348240241955611,0.7998386437423588,1,False,False
0.5359346975077404,0.505206277404582,0.5201310958798416,0.5706282948677859,0.5311303182002134,0.5106991858479244,0.37736132569037645,0.34513861901219794,0.5398966959597654,1,True,False
0.5026251502738249,0.5865893419011604,0.43853973768716853,0.44945208961108823,0.6279576855693803,0.3959489040871414,0.3389634538957421,0.6572978803222981,0.48083300090253084,1,True,False
0.6129316300506558,0.3854921161225291,0.3226186243193331,0.5721868715692225,0.5223554573192349,0.5933712416022312,0.48205304564877927,0.5953967401725873,0.2709671727694378,1,False,True
0.39500393008325546,0.5824116051299683,0.6337253288372208,0.48462892182247347,0.6563937536491365,0.4304917927698763,0.6365164928072784,0.4906376619917093,0.354976770549157,1,False,False
0.6245684674757987,0.545236442726948,0.6653286268573494,0.47098724216686616,0.5160834822335199,0.2531561202866603,0.3947587489702347,0.5328802352867916,0.5046271658499996,1,False,True
0.6465988349850473,0.2633000817761181,0.3592823959334607,0.7057800212703624,0.44380661455298964,0.33363385568569465,0.47273738931078535,0.5143063234022958,0.5312383157417503,1,False,True
0.576947206113321,0.2824554916487817,0.38765051050141364,0.6591907577895866,0.5360139388756358,0.37919327269252684,0.5011334359865001,0.5024286169476512,0.5350484595046222,1,True,False
0.4772926684822459,0.6560625105162097,0.12124134356813296,0.43799219962062225,0.6662402511552633,0.1274939607555325,0.4191739639795077,0.5195920364045544,0.3781110738694861,1,True,False
0.3379514339995529,0.6656221198489948,0.24950555424975632,0.4902313214727659,0.5816987273307171,0.3555474759720005,0.5525261680858572,0.5135423730076116,0.7577788286042055,1,False,False
0.6601014266827115,0.2919447289526036,0.6443642409842685,0.6660523175952091,0.43460886993407,0.5348442311848709,0.2810152904060493,0.5255364024965242,0.6180470544906648,1,False,True
0.4020223765445211,0.5256182394905431,0.3700079882331692,0.5802499078863944,0.6080138588625041,0.4504100927368742,0.49808067422896185,0.40151825918011275,0.49378798654227035,1,True,False
0.34698590171278876,0.6346502261439282,0.25198284495411644,0.590903335082943,0.5436871296031033,0.4132493585624791,0.5107495540166324,0.677343981072516,0.4758122224474189,1,False,False
0.6021765472831542,0.5378657831808242,0.573554955152836,0.4971850148180386,0.5275899684613723,0.17682013960026693,0.3857922585486413,0.3711602076113353,0.3410702273874592,1,False,True
0.48697202714688215,0.6235415928294288,0.44704229939804874,0.46544981190910223,0.6020430845656345,0.6106861195004751,0.6623291564798167,0.5502976682319544,0.3021917300374143,1,True,False
0.42241109427632373,0.46390196984105414,0.19248732973081664,0.6275370243641705,0.6217651123231024,0.3488332940778563,0.39581712632942556,0.5229190927622946,0.4866280774484794,1,True,False
0.5026251502738249,0.7610066040939012,0.4569007043109408,0.44168735994555414,0.588194380921193,0.6476533958730186,0.46179687239653644,0.5489593962237291,0.23143127478627812,1,True,False
0.39287689822534894,0.7843940329188559,0.3216464844923455,0.34468197093200953,0.6759148626829529,0.444833432447685,0.40464308356703804,0.4113343437578749,0.6990992458761783,1,False,False
0.4006159394613109,0.8141339575353235,0.7119019393195463,0.2978736046475981,0.6756983754966711,0.4711167646765277,0.5456993540435015,0.4909198445581396,0.44006584733667325,1,True,False
0.40065966849579715,0.6118809155093332,0.23815275249403778,0.5205313582276628,0.6425908750620509,0.2598699245041816,0.2904029773824745,0.3286655810657667,0.33554084286900854,1,True,False
0.5026251502738249,0.1847565939369307,0.461276661330631,0.7989784734612885,0.4767857897057235,0.5661475842807397,0.40929557365093233,0.686277647129796,0.504648761642838,1,True,False
0.4185587216828771,0.872508234559349,0.05450658222123355,0.2912427603064374,0.7462344275733713,0.46451689973929206,0.15950861416010903,0.39279981268594444,0.37372548206004486,1,True,False
0.45840828906245124,0.588593159124066,0.5197091801725715,0.5410117619743516,0.5464925518416072,0.18879896915763722,0.35130540500201085,0.0,0.5218996145639255,1,True,False
0.4407518671012095,0.5292265185506965,0.26081520655652335,0.5300952249970782,0.5816987273307171,0.6061151756147094,0.7023861105278504,0.603022068723155,0.4163750229365541,1,True,False
0.2881473865312693,0.9295540919811714,0.5401437471457119,0.31886961286634463,0.5816987273307171,0.547053078884101,0.42970231658150104,0.5782369423344205,0.6758824553904289,1,False,False
0.3556763436773806,0.7014402833119489,0.391534513136492,0.4103194066772295,0.5816987273307171,0.3786689688471126,0.1490891413210872,0.5004099340356866,0.37606762164831903,1,False,False
0.5783895550522692,0.6222902229368005,0.29211026525360023,0.4575301286837012,0.5816987273307171,0.3411437001901822,0.5956422806020076,0.4800501441834927,0.5348993011544597,1,True,False
0.5026251502738249,0.546938974846516,0.5050514674218269,0.5531981529744538,0.5816987273307171,0.5883308136812271,0.36442219584363006,0.6870794321879511,0.35839352533164526,1,True,False
0.6049100759219712,0.3084038838573744,0.340153906144074,0.5987771291486793,0.6135850369566395,0.31317488148671485,0.327316492148693,0.5173608579513885,0.2698044300561837,1,False,True
0.5622038151694253,0.5919498012897708,0.8440985132895013,0.45706171173122073,0.5816987273307171,0.6151998848292639,0.4915670151966194,0.6782062442127268,0.5240336455807199,1,True,False
0.5485425068785801,0.5536646997523719,0.5201420138899006,0.5699980625968919,0.45944959863170776,0.7031886152973101,0.561092299000655,0.31338982369358404,0.34931465954567176,1,True,False
0.5161851936734456,0.5818095160510542,0.3575408007723373,0.4313673012584727,0.641161180010925,0.3010712999927245,0.31421671684379177,0.5364681761373902,0.5458719793026549,1,True,False
0.5026251502738249,0.5650242261992393,0.1694775755136237,0.5070008900286155,0.5816987273307171,0.3551819679278679,0.5291696700899081,0.5855297908286758,0.30552285337673246,1,True,False
0.6185080733450206,0.24438713631464312,0.38080973205118424,0.6562282069250264,0.5795722878060656,0.2398440131558634,0.5501561789837216,0.4229070850475264,0.27335494039651165,1,False,True
0.5026251502738249,0.6468164090030979,0.4576461115378641,0.4337244613944981,0.673809478271136,0.4140692070029632,0.5788058126066138,0.837034508715003,0.454886554574867,1,True,False
0.4542997013686468,0.5494517399006764,0.22035827401803096,0.5549500208200976,0.594861785271957,0.42342946687822264,0.3722567020091832,0.46222801315113704,0.23884446561545392,1,True,False
0.7489716890861241,0.3233513527987567,0.5344514912554018,0.6299362269643082,0.4201959063481614,0.4104243302877249,0.6392576493465616,0.4814169231621225,0.6086670180196797,1,False,True
0.4716726088073848,0.5201649230371554,0.3143822910840128,0.4715171810525377,0.7150851966216089,0.4805935921934518,0.14308767515033977,0.6719128886734794,0.5333364726632334,1,True,False
0.40809449435421924,0.5397824589502775,0.18119055523002622,0.6008469227026443,0.6209333991475857,0.2074661748875874,0.6218422968905295,0.35795582973144996,0.5901168209704003,1,True,False
0.3405337467683174,0.7581573536852719,0.7829561475839775,0.42435850124171853,0.5816987273307171,0.7151166504038775,0.5494850950821243,0.3585905287428625,0.46197349360744805,1,False,False
0.686416740322061,0.652666559854886,0.3672710438133278,0.3940070394982794,0.5264242904421248,0.3729028653296301,0.5666036900317184,0.6052286534180172,0.5404344090159826,1,False,True
0.6561752412188079,0.4413904107628378,0.43894924016412235,0.5550277639269474,0.5816987273307171,0.554597624417321,0.30833119672567777,0.4029073054874751,0.37887340829500166,1,False,True
0.7114778469666553,0.4443119439449519,0.2547222877995294,0.5316560983098845,0.49080174243631036,0.36270033967954124,0.4354020020265976,0.5748394943709914,0.37521997785059374,1,False,True
0.4358790567077622,0.5751600990900183,0.37904016847999705,0.6035118238252442,0.5816987273307171,0.3476753840772651,0.5092872399522176,0.5546950022854705,0.53521771180689,1,True,False
0.48518964986905866,0.7047446161300083,0.1440471248828273,0.4762277258772664,0.5951788029703259,0.31410509364733813,0.4713587837097064,0.36256183174395384,0.08843909861439418,1,True,False
0.42218140983768077,0.7026273749525129,0.4170489865721501,0.3487091209078371,0.7297304194523818,0.4916051720477221,0.46424603246665774,0.48557023702612573,0.4835523062609854,1,True,False
0.43755788038784654,0.7037256597422831,0.13939378512648404,0.4217863931844552,0.6818233591077573,0.32610177174368943,0.5600194194459851,0.38068283144399895,0.6623289262145332,1,True,False
0.4168646089353208,0.8329357136834078,0.2855297148107218,0.2431461199193984,0.770295440341827,0.48132349529338786,0.5882105024366443,0.5786200596605264,0.4327832916035546,1,True,False
0.5026251502738249,0.5118197425330387,0.4004592460702931,0.5305299623067812,0.5816987273307171,0.6541208022981844,0.5654892299282688,0.44864355480853796,0.5448460774156739,1,True,False
0.7619545667255636,0.4568502000963611,0.46943060844085055,0.5259721716916033,0.41937937578094864,0.1828766619163414,0.593319959499038,0.4414123059550204,0.5077649668148282,1,False,True
0.6163072195761903,0.5023530717545878,0.5127070228596258,0.5266115301318587,0.5816987273307171,0.2813140674210674,0.614879995912051,0.49853715706967183,0.6902737481822924,1,False,True
0.4471508064239864,0.5954547555942972,0.2997505237906112,0.5325159055953838,0.6016310755339572,0.30709437603276984,0.22192375369164768,0.6622266250682179,0.7475165233182969,1,True,False
0.7720112099173404,0.5483102548417055,0.48095892531980916,0.425081623956111,0.498882881484495,0.35285919048101794,0.4866980972395466,0.38258673792178627,0.5506791882510914,1,False,True
0.5265652968504817,0.36548647607275797,0.6852898590597659,0.5960634394187887,0.5554807978492096,0.6354097133320189,0.5734292662276648,0.5025048784040563,0.5462199519530523,1,True,False
0.3446851041539016,0.679569605993689,0.17767387447630628,0.47677254733080215,0.6857835711322754,0.3299856055914357,0.4155691408843511,0.3697651521883914,0.380619616860206,1,False,False
0.34777336681466503,0.7662426143588656,0.21474712679593524,0.35451352945028564,0.5816987273307171,0.2575474200277594,0.5805394794082129,0.4480717228455038,0.3413878187874577,1,False,False
0.5282464890633042,0.5188612353499464,0.36516062735563126,0.6229506847564026,0.4687955396852058,0.4064403875969252,0.42533998610455703,0.5084468703779219,0.6693582214743762,1,True,False
0.6330080506880921,0.30542480938001404,0.2809671960962118,0.5704558032837337,0.5997579186491468,0.3811763753453246,0.5560232308125697,0.4288110165526857,0.6627116265192187,1,False,True
0.42921240071425265,0.6443721030275451,0.07846733783340033,0.5557914825641298,0.5883550323866384,0.2511996347869288,0.3402280286815801,0.2888401278164905,0.4844659450468512,1,True,False
0.543373136516821,0.410361029872902,0.6380938235587116,0.5850810997338473,0.5200003762749196,0.5625064922745,0.42785419502578104,0.4971873561342429,0.3923288203080842,1,True,False
0.47738340690862896,0.8149663336358073,0.30650997419684106,0.3901527979306669,0.5895938455362343,0.22075596384333446,0.6888397004540776,0.6057362389351032,0.71054285009735,1,True,False
0.47417224637381494,0.4838539654285554,0.15518213115794943,0.6218382068428088,0.5816987273307171,0.38405872958621096,0.39852556825438423,0.4893145433947166,0.7022228436951575,1,True,False
0.6622396747691272,0.48542437662399507,0.26631151207338,0.5221525775744987,0.511997660016044,0.535462598018245,0.4225456321430954,0.0,0.5452737563870168,1,False,True
0.5026251502738249,0.3166753322182041,0.1424990455975493,0.6790053012113519,0.5816987273307171,0.43145301727648616,0.2478418460545383,0.600634359385465,0.4253276703507363,1,True,False
0.25928014749147954,0.7136782768456877,0.4028435378941383,0.49049479970409987,0.6759862486532414,0.45569387539295597,0.42539770650092235,0.4766375160806045,0.62484900609186,1,False,False
0.5984362873493124,0.547999987949223,0.4622392348752622,0.47945649739731516,0.5410812707310111,0.5567514277746584,0.505328866172391,0.27975532130005454,0.5813372981238522,1,True,False
0.4945454296016861,0.7731858535909204,0.4017909762418746,0.4030656785425738,0.5773138841777887,0.745445841539587,0.508928227480385,0.41211295517980384,0.48465471747096184,1,True,False
0.4209359576804452,0.6958398555811474,0.331751214653945,0.46947638887597093,0.6029485406253238,0.3884416581601669,0.6422876151862313,0.5119851967138516,0.5560033283792826,1,True,False
0.5855252406703477,0.564663071233988,0.4495573100711892,0.4791322337054906,0.5678109050662421,0.4601292127795413,0.46171935178236057,0.5043582384112947,0.36147349666372763,1,True,False
0.5980650203405101,0.4412716080296365,0.23481665815281008,0.5632864202265236,0.5816987273307171,0.4949504421663396,0.34034584576390425,0.30582945902796094,0.6534993838842015,1,True,False
0.6421357207540777,0.607980492336051,0.256139042162661,0.4653864209077988,0.5224858276508442,0.3653462230381917,0.2949852639925419,0.44077902294649185,0.5981930134265733,1,False,True
0.4787533252217021,0.5799554780348798,0.27790213307062306,0.5758212914094283,0.4985652072185306,0.25842433626952416,0.5370614156299014,0.22829908115944747,0.37681660714089066,1,True,False
0.8207864934565307,0.17186042836873597,0.60532180777378,0.6975472533028985,0.36908889396787464,0.45187699183902036,0.5353546147497907,0.33116857358850993,0.5519501445335376,1,False,True
0.4335439826469785,0.5050093573518206,0.42389469290356296,0.5789078263244057,0.6155721442816919,0.4098969424846331,0.37806971514726634,0.4841875118444783,0.41968457244129204,1,True,False
0.3334358348147083,0.5304823334557357,0.7759474004162777,0.5334355331101787,0.6560467942623344,0.6031915175285232,0.4480620121913613,0.5350367086806724,0.5645341103251652,1,False,False
0.5577754298255297,0.5300161471795581,0.2792629426426649,0.6034725626496728,0.5816987273307171,0.3689123982869326,0.6782844897877217,0.0,0.25491450981623187,1,True,False
0.6728221654580865,0.46548556467469293,0.5391012215661641,0.547806906709543,0.5816987273307171,0.43815186603619655,0.3386616738756444,0.5606545431037256,0.34956995625762066,1,False,True
0.36619735166796663,0.6644072280242489,0.19148980793726075,0.46585961129151504,0.5816987273307171,0.38715734329786494,0.3436377862473756,0.6226591577514137,0.6161199598273123,1,False,False
0.5624765255565203,0.5356350513838234,0.2804840799939181,0.5602587754933783,0.5816987273307171,0.25526579242523123,0.5341137021519664,0.6324775382964338,0.1624407367432261,1,True,False
